{"type":"FeatureCollection","features":[{"type":"Feature","properties":{"b":1,"name":"وادي الزيتون","name_en":"Wade ElZaytoun","bid":270,"area":780727,"parcels":121,"buildings":0,"built":0},"geometry":{"type":"Polygon","coordinates":[[[35.2142586,31.9923653],[35.214132,31.9923539],[35.2137402,31.9922978],[35.2136413,31.9922824],[35.2136495,31.9922451],[35.2137322,31.9917994],[35.2137616,31.9915442],[35.2137628,31.991534],[35.2135149,31.9915179],[35.2134343,31.9917821],[35.2134432,31.9918605],[35.2130838,31.9918968],[35.2131409,31.9922471],[35.2127767,31.9922609],[35.2123726,31.9922538],[35.2119257,31.9922786],[35.2119369,31.992167],[35.2119738,31.9920124],[35.2119746,31.9919586],[35.2120909,31.9916441],[35.2121258,31.9915419],[35.2119385,31.9914739],[35.2117646,31.9913765],[35.2117285,31.9913486],[35.2114325,31.9912162],[35.2112984,31.9911547],[35.2112052,31.9913758],[35.2111498,31.9914446],[35.211023,31.9916812],[35.210985,31.991896],[35.2109467,31.9919705],[35.210926,31.9919948],[35.2109189,31.9920983],[35.2106054,31.9920703],[35.2104811,31.9918164],[35.2104956,31.9917897],[35.2104968,31.9917572],[35.2105036,31.9917252],[35.210516,31.9916944],[35.2105337,31.9916656],[35.2105369,31.9916518],[35.2105376,31.9916377],[35.210536,31.9916236],[35.2105399,31.9915921],[35.2105488,31.9915614],[35.2105625,31.9915319],[35.2105807,31.9915043],[35.2105919,31.9914929],[35.2106008,31.9914801],[35.2106072,31.9914663],[35.210611,31.9914518],[35.2105137,31.991404],[35.2105056,31.9912367],[35.2106106,31.9911724],[35.2106502,31.991156],[35.2107017,31.9911245],[35.2107341,31.9910395],[35.2107488,31.9910154],[35.2107599,31.9909899],[35.2107759,31.9909416],[35.2107991,31.9908954],[35.2108184,31.9908616],[35.2108316,31.9908257],[35.2108524,31.9907639],[35.210867,31.9907007],[35.2108752,31.9906367],[35.2109021,31.9904802],[35.2108587,31.9904799],[35.2108156,31.9904838],[35.2107733,31.9904917],[35.2106988,31.9905013],[35.2106261,31.9905179],[35.210556,31.9905413],[35.2104883,31.9905727],[35.2104237,31.9906086],[35.2103626,31.9906488],[35.2103054,31.9906929],[35.2102526,31.9907408],[35.2102329,31.9907507],[35.2101478,31.9907937],[35.2101369,31.9907992],[35.209922,31.9909076],[35.2099121,31.9909126],[35.20993,31.9908048],[35.2099256,31.9907723],[35.2099323,31.9906568],[35.2099211,31.99057],[35.2099177,31.9905099],[35.2098953,31.990443],[35.2099715,31.9904096],[35.2099785,31.9904058],[35.2106131,31.9900593],[35.2106111,31.9900435],[35.2106059,31.9900282],[35.2105977,31.9900139],[35.2105867,31.990001],[35.2105733,31.9899899],[35.2105578,31.9899809],[35.2105408,31.9899744],[35.2105227,31.9899704],[35.2105041,31.9899691],[35.2104855,31.9899706],[35.2104832,31.9899573],[35.2104799,31.9899372],[35.2104395,31.9899458],[35.210425,31.9899291],[35.2104133,31.9899109],[35.2104047,31.9898916],[35.2103992,31.9898713],[35.2104451,31.9898408],[35.2104529,31.989836],[35.2104595,31.9898302],[35.210465,31.9898235],[35.210469,31.9898162],[35.2104716,31.9898083],[35.2104726,31.9898002],[35.210472,31.9897921],[35.2103958,31.9896528],[35.2103634,31.989669],[35.2103009,31.9896916],[35.2102418,31.9897199],[35.2101866,31.9897536],[35.2101361,31.9897921],[35.2100949,31.9898165],[35.2100498,31.9898351],[35.2100138,31.9898482],[35.2099757,31.9898564],[35.2099366,31.9898594],[35.2098975,31.989857],[35.2098629,31.9898583],[35.2098288,31.9898641],[35.2097963,31.9898742],[35.2097659,31.9898886],[35.2097385,31.9899067],[35.209721,31.9898921],[35.2097101,31.9898831],[35.2096846,31.9898573],[35.2096623,31.9898294],[35.2096595,31.9898261],[35.2096573,31.9898225],[35.2096558,31.9898187],[35.2096551,31.9898147],[35.2096551,31.9898106],[35.2096558,31.9898066],[35.2096573,31.9898028],[35.2096595,31.9897992],[35.2096623,31.9897959],[35.2096657,31.9897931],[35.2097071,31.9897578],[35.2097108,31.9897536],[35.2097136,31.989749],[35.2097155,31.989744],[35.2097164,31.9897389],[35.2097164,31.9897337],[35.2097155,31.9897286],[35.2097136,31.9897236],[35.2097108,31.989719],[35.2097071,31.9897148],[35.2097014,31.9897094],[35.2096969,31.9897032],[35.2096936,31.9896964],[35.2096918,31.9896893],[35.2096915,31.989682],[35.2096926,31.9896748],[35.2097023,31.9896348],[35.2097045,31.9895941],[35.2097002,31.9895608],[35.2096993,31.9895535],[35.2097098,31.989544],[35.2097186,31.9895332],[35.2097254,31.9895215],[35.2097302,31.989509],[35.2097326,31.989496],[35.2097329,31.9894829],[35.2097165,31.9894428],[35.2097082,31.9894008],[35.2097011,31.9893737],[35.2096896,31.9893477],[35.2096738,31.9893233],[35.2096541,31.9893011],[35.209631,31.9892815],[35.2096291,31.9892721],[35.2096256,31.9892629],[35.2096206,31.9892543],[35.2096141,31.9892465],[35.2096063,31.9892395],[35.2095694,31.9892472],[35.2095302,31.9892691],[35.2094831,31.9893073],[35.2094215,31.9893331],[35.2094081,31.9893503],[35.209388,31.9893503],[35.2093364,31.9893741],[35.209295,31.989377],[35.2091942,31.9893808],[35.209127,31.9893932],[35.2090856,31.9893961],[35.209024,31.9894228],[35.2089893,31.9894333],[35.2089165,31.9894877],[35.2088751,31.98944],[35.2086813,31.989126],[35.2086802,31.9891021],[35.2086611,31.9890811],[35.2085648,31.9889303],[35.2085615,31.9888693],[35.2085839,31.9888397],[35.2085805,31.9887729],[35.2084752,31.9886106],[35.2084562,31.9885305],[35.2083957,31.9884455],[35.2083677,31.9883443],[35.20838,31.9883291],[35.2083789,31.9883109],[35.208324,31.9882346],[35.2083162,31.9882275],[35.2080754,31.9880084],[35.2080419,31.9879554],[35.2080135,31.9879002],[35.2079903,31.9878433],[35.2079753,31.9878305],[35.2079627,31.9878161],[35.2079527,31.9878001],[35.2079455,31.9877832],[35.2079378,31.9877652],[35.2079268,31.9877486],[35.2079127,31.9877337],[35.2078961,31.9877209],[35.2078772,31.9877106],[35.2079183,31.987682],[35.2079634,31.9876581],[35.2079945,31.9876209],[35.2080303,31.987587],[35.2080705,31.9875569],[35.2081144,31.9875308],[35.2081616,31.9875092],[35.2081584,31.9875029],[35.2081564,31.9874962],[35.2081557,31.9874893],[35.2081563,31.9874824],[35.2081581,31.9874756],[35.2081612,31.9874692],[35.2081655,31.9874633],[35.2081708,31.9874581],[35.208177,31.9874536],[35.208184,31.9874501],[35.2081495,31.9874069],[35.2081292,31.9873813],[35.2080895,31.987273],[35.2080463,31.9871657],[35.2080096,31.9871102],[35.2079764,31.9870532],[35.2079466,31.9869948],[35.2079042,31.9869403],[35.2078648,31.9868841],[35.207849,31.9868547],[35.2078275,31.9868281],[35.207801,31.9868049],[35.2077669,31.9867435],[35.2077271,31.9866846],[35.2077441,31.98666],[35.2077664,31.9866275],[35.2078105,31.986573],[35.207859,31.9865213],[35.2079119,31.9864728],[35.2081773,31.9863382],[35.2082948,31.9863143],[35.2082736,31.986259],[35.2082768,31.986226],[35.2082856,31.9861937],[35.2082998,31.9861629],[35.2083101,31.9861474],[35.208319,31.9861342],[35.20834,31.9861114],[35.208343,31.9861081],[35.2083777,31.9861272],[35.2084184,31.9860698],[35.2084538,31.9860099],[35.208478,31.9859599],[35.2084837,31.9859479],[35.2084955,31.9859172],[35.2085081,31.9858841],[35.2085266,31.985819],[35.2085322,31.9857194],[35.2085315,31.9856197],[35.2085244,31.9855202],[35.2085418,31.9854811],[35.2085512,31.9854401],[35.208556,31.9854309],[35.2085623,31.9854224],[35.2085702,31.9854149],[35.2085792,31.9854086],[35.2085804,31.9853752],[35.2085865,31.9853637],[35.2085905,31.9853516],[35.2085923,31.9853391],[35.2085919,31.9853265],[35.2085893,31.9853141],[35.2086029,31.9852836],[35.2086119,31.9852519],[35.2086162,31.9852196],[35.208629,31.985177],[35.208647,31.9851358],[35.2086699,31.9850965],[35.2086811,31.9850622],[35.2086979,31.9850296],[35.2087266,31.9849878],[35.2087599,31.9849484],[35.2087975,31.984912],[35.208839,31.9848789],[35.2088549,31.9848576],[35.2088663,31.9848343],[35.208873,31.9848098],[35.2088747,31.9847846],[35.2088715,31.9847595],[35.2088765,31.9847231],[35.2088879,31.9846876],[35.2089054,31.984654],[35.2089286,31.9846231],[35.2089435,31.9845799],[35.2089633,31.9845381],[35.2089938,31.9845051],[35.2090194,31.9844691],[35.2090396,31.9844307],[35.2090542,31.9843905],[35.209063,31.9843491],[35.2090813,31.9843353],[35.2091021,31.9843243],[35.2092634,31.9841172],[35.2093843,31.9838099],[35.2093945,31.9838025],[35.2094031,31.9837938],[35.2094099,31.9837839],[35.2094147,31.9837733],[35.2094174,31.9837621],[35.2094179,31.9837507],[35.2093906,31.9836704],[35.2093687,31.9835889],[35.2093524,31.9835065],[35.2093417,31.9834234],[35.2093429,31.983416],[35.2093425,31.9834085],[35.2093407,31.9834013],[35.2093374,31.9833944],[35.2093328,31.983388],[35.2092783,31.9833112],[35.2092186,31.9832372],[35.2091902,31.9831861],[35.2091584,31.9831364],[35.209128,31.9830947],[35.2091234,31.9830884],[35.2091256,31.9830578],[35.209129,31.983011],[35.2091513,31.9828373],[35.2091536,31.9826923],[35.2091603,31.9826236],[35.2103977,31.982635],[35.2103541,31.9832678],[35.2103516,31.9833028],[35.2112661,31.9830728],[35.2112967,31.9830651],[35.2120638,31.9829687],[35.2120622,31.9829331],[35.212047,31.982586],[35.212565,31.9828111],[35.2126136,31.9828322],[35.2126483,31.9828188],[35.2126935,31.9827997],[35.2127407,31.9827844],[35.2127894,31.982773],[35.212866,31.9827495],[35.2129406,31.9827214],[35.2129774,31.9826966],[35.2130176,31.9826759],[35.2130604,31.9826594],[35.2130827,31.9826481],[35.2131067,31.9826398],[35.2131319,31.9826346],[35.2131578,31.9826327],[35.2131712,31.982622],[35.2131864,31.982613],[35.2132028,31.982606],[35.2132203,31.982601],[35.2132384,31.9825983],[35.2132855,31.9825699],[35.2133358,31.9825458],[35.2133478,31.9825411],[35.2133606,31.9825382],[35.2133737,31.9825373],[35.2133869,31.9825382],[35.2133996,31.982541],[35.2134164,31.9825076],[35.2134918,31.9825332],[35.2135318,31.9825467],[35.2138755,31.982123],[35.2138934,31.9821306],[35.2139275,31.9820478],[35.2139947,31.9819542],[35.2140557,31.9820066],[35.2141203,31.9820556],[35.2141884,31.9821012],[35.2142157,31.9821345],[35.214241,31.982169],[35.2142613,31.9821874],[35.2142781,31.9822082],[35.2142913,31.9822308],[35.2143004,31.9822548],[35.2143173,31.9822612],[35.2143327,31.9822698],[35.214346,31.9822807],[35.214357,31.9822933],[35.2143653,31.9823073],[35.2143667,31.9823319],[35.2143697,31.9823439],[35.2143727,31.982356],[35.2143833,31.9823789],[35.2143836,31.9823791],[35.2144649,31.98242],[35.214544,31.9824647],[35.2146202,31.9825127],[35.2146935,31.982564],[35.2156689,31.9830908],[35.2156979,31.9831082],[35.2159365,31.9832511],[35.2161549,31.9833065],[35.2161611,31.9833094],[35.2161897,31.9833228],[35.2163811,31.9834124],[35.2164315,31.983442],[35.2167548,31.9835104],[35.2167697,31.9835135],[35.2173867,31.9835535],[35.2174449,31.9835593],[35.2177114,31.9835984],[35.2179096,31.9836155],[35.2179555,31.9836203],[35.2192724,31.9836975],[35.2192716,31.9837088],[35.219269,31.9837199],[35.2192649,31.9837307],[35.2192604,31.9838614],[35.2192526,31.9839149],[35.2192101,31.9840857],[35.2192046,31.9841014],[35.2191964,31.9841162],[35.2191854,31.9841296],[35.2191747,31.9841379],[35.2191659,31.9841476],[35.2191591,31.9841584],[35.2191546,31.9841701],[35.2191525,31.9841823],[35.219153,31.9841945],[35.2190931,31.9842969],[35.2190298,31.9843979],[35.2189854,31.9844429],[35.2189358,31.9844838],[35.2189011,31.9845085],[35.2188623,31.9845283],[35.2188204,31.9845429],[35.2187648,31.9845902],[35.2187141,31.9846413],[35.2181094,31.9849305],[35.217364,31.9852036],[35.2170591,31.9853152],[35.2169023,31.985341],[35.2158769,31.9855163],[35.215198,31.9856323],[35.2152369,31.985889],[35.215256,31.9859419],[35.2152845,31.9860208],[35.2152894,31.9860638],[35.2152996,31.9860966],[35.2153054,31.9861301],[35.215307,31.986164],[35.2153226,31.98623],[35.2153357,31.9862964],[35.2153493,31.9863277],[35.2153674,31.9863573],[35.2153896,31.9863847],[35.2154074,31.9863979],[35.2154228,31.9864131],[35.2154355,31.98643],[35.2154452,31.9864483],[35.2154519,31.9864676],[35.215459,31.9864659],[35.2154663,31.9864651],[35.2154737,31.9864653],[35.215481,31.9864664],[35.215488,31.9864684],[35.2154946,31.9864712],[35.2155058,31.9864798],[35.2155151,31.98649],[35.2155222,31.9865013],[35.215527,31.9865136],[35.2155292,31.9865263],[35.2155289,31.9865392],[35.2155257,31.9865472],[35.2155241,31.9865555],[35.2155242,31.9865639],[35.2155259,31.9865722],[35.2155292,31.9865801],[35.2155339,31.9865875],[35.2155401,31.9865941],[35.2155399,31.986629],[35.2155181,31.9866648],[35.2155181,31.9866948],[35.2159414,31.9867463],[35.2172113,31.986772],[35.2178412,31.9867376],[35.2185601,31.9867546],[35.2183605,31.9876961],[35.2183604,31.9876967],[35.218352,31.9877411],[35.2182846,31.9877506],[35.2182188,31.9877665],[35.2181555,31.9877883],[35.2180804,31.9878143],[35.218007,31.9878435],[35.2179354,31.9878757],[35.2178487,31.9879223],[35.2177594,31.9879653],[35.2176679,31.9880047],[35.2175743,31.9880404],[35.2175108,31.9880707],[35.2174448,31.9880968],[35.2173766,31.9881186],[35.2173067,31.9881358],[35.2174721,31.9882779],[35.2173818,31.988791],[35.217056,31.9887177],[35.2170114,31.9889631],[35.2176578,31.9892339],[35.2181523,31.989441],[35.2181789,31.9894521],[35.2181207,31.9895485],[35.2179472,31.9898404],[35.2178162,31.9900743],[35.2178054,31.9900705],[35.2174175,31.9899323],[35.2170707,31.9908734],[35.2168444,31.9912068],[35.216649,31.9911731],[35.2164655,31.9916434],[35.2163915,31.991637],[35.2163052,31.9916513],[35.2162823,31.9916765],[35.216252,31.9916812],[35.2161825,31.9916665],[35.2161563,31.9916637],[35.2160365,31.9916819],[35.2159603,31.9917048],[35.2157845,31.9914853],[35.2154737,31.9913857],[35.2153178,31.9914178],[35.2144693,31.9914939],[35.2144644,31.9914943],[35.2142586,31.9923653]]]}},{"type":"Feature","properties":{"b":2,"name":"السقي","name_en":"ElSqee","bid":272,"area":842367,"parcels":167,"buildings":1,"built":114},"geometry":{"type":"Polygon","coordinates":[[[35.2096792,31.9923503],[35.2093399,31.9929278],[35.2092578,31.9928973],[35.2091728,31.992873],[35.2090857,31.9928552],[35.2088885,31.992819],[35.2086926,31.9927779],[35.2083036,31.9926756],[35.2079165,31.992568],[35.2078312,31.9925493],[35.2077474,31.9925261],[35.2076656,31.9924983],[35.2076182,31.9924942],[35.2075717,31.9924853],[35.2075267,31.9924716],[35.2072921,31.99237],[35.2072499,31.9923517],[35.2071807,31.9923218],[35.2071216,31.992286],[35.2070642,31.9922483],[35.2070187,31.9922227],[35.2069702,31.9922015],[35.2069375,31.9921938],[35.2069063,31.9921824],[35.2068983,31.9921781],[35.2068897,31.9921749],[35.2068806,31.9921728],[35.2068712,31.992172],[35.2068617,31.9921723],[35.2068525,31.9921739],[35.2068436,31.9921767],[35.2068257,31.9921885],[35.2068057,31.9921976],[35.2067842,31.9922038],[35.2067619,31.9922069],[35.2067393,31.9922068],[35.2067169,31.9922036],[35.2066955,31.9921973],[35.2066756,31.9921882],[35.2065801,31.9921568],[35.206483,31.992129],[35.2064155,31.9921247],[35.2063489,31.9921148],[35.2062837,31.9920994],[35.2062314,31.9920905],[35.2061783,31.9920876],[35.2061252,31.9920909],[35.2060731,31.9921004],[35.2060367,31.9921022],[35.2060003,31.9921002],[35.2059645,31.9920946],[35.2058888,31.9920696],[35.2058122,31.9920469],[35.2057901,31.9920334],[35.2057661,31.9920226],[35.2057405,31.9920148],[35.2057139,31.9920101],[35.2056867,31.9920087],[35.2056716,31.9920058],[35.2056572,31.992001],[35.2056438,31.9919943],[35.2056319,31.9919858],[35.2055752,31.9919719],[35.2055176,31.991961],[35.2054639,31.9918589],[35.2054494,31.9918522],[35.2050002,31.9916432],[35.204839,31.991564],[35.2043597,31.9911106],[35.2042764,31.9911567],[35.2042717,31.9911593],[35.2042201,31.9911878],[35.2039162,31.9913559],[35.2035679,31.9907766],[35.203564,31.9907693],[35.2035119,31.9906726],[35.203475,31.9906172],[35.203419,31.9905638],[35.2033196,31.9904708],[35.2033159,31.9904674],[35.2032655,31.9904053],[35.2032062,31.9903576],[35.203172,31.9903401],[35.2031558,31.9903318],[35.2029492,31.9903018],[35.2029489,31.9903166],[35.2025271,31.9903496],[35.202491,31.9903525],[35.2024749,31.9903538],[35.2024195,31.990366],[35.2019659,31.9902018],[35.2019726,31.9901751],[35.2019346,31.9901322],[35.2018125,31.9901627],[35.2017599,31.9900548],[35.2012268,31.9899594],[35.2009502,31.9902734],[35.2003511,31.9901235],[35.2002861,31.9902237],[35.2002503,31.990302],[35.2002267,31.9903631],[35.2001999,31.9904728],[35.2001696,31.9905959],[35.200173,31.9906484],[35.2001797,31.9906923],[35.2001483,31.990908],[35.2001416,31.9910302],[35.2001382,31.9910942],[35.2001125,31.9911151],[35.200005,31.9911457],[35.1999713,31.9911472],[35.1999411,31.9911485],[35.1998,31.9911686],[35.1998828,31.9917313],[35.1998396,31.991734],[35.199797,31.9917401],[35.1997551,31.9917495],[35.199701,31.9917556],[35.1996464,31.9917552],[35.1995924,31.9917484],[35.1995401,31.9917351],[35.1994965,31.9917283],[35.1994539,31.991718],[35.1994124,31.9917046],[35.1993161,31.9916855],[35.1992187,31.9916712],[35.1991248,31.9916561],[35.1990317,31.9916378],[35.1990176,31.9916358],[35.1990164,31.9916358],[35.1990032,31.9916357],[35.1989891,31.9916376],[35.1989755,31.9916413],[35.1989627,31.9916468],[35.1989511,31.9916539],[35.198941,31.9916626],[35.1989279,31.9916777],[35.1989177,31.9916944],[35.1989107,31.9917122],[35.1989046,31.9917118],[35.1987881,31.9917042],[35.1987999,31.9914213],[35.1988166,31.9913015],[35.1988292,31.9911813],[35.1988377,31.9910609],[35.1988531,31.9909081],[35.1990379,31.9902854],[35.1990729,31.9901637],[35.1991387,31.9899394],[35.1991954,31.9896374],[35.1993869,31.9888162],[35.1994622,31.9884935],[35.1994664,31.988449],[35.1994669,31.9884044],[35.1994636,31.9883599],[35.1994374,31.9882656],[35.1994155,31.9881705],[35.1993978,31.9880748],[35.1993992,31.9879733],[35.1994039,31.9878856],[35.1994118,31.987798],[35.1994099,31.9877563],[35.1994019,31.9877151],[35.199388,31.9876751],[35.1993762,31.9876158],[35.1993726,31.9875558],[35.1993787,31.9874696],[35.1993918,31.987384],[35.1994118,31.9872993],[35.1994543,31.9871374],[35.1995043,31.9869771],[35.1995616,31.9868185],[35.1995723,31.9867705],[35.1995784,31.9867219],[35.199591,31.9866097],[35.199612,31.9864033],[35.1996513,31.986123],[35.1996975,31.9859214],[35.1997143,31.9858033],[35.1997731,31.9855599],[35.1998207,31.9854036],[35.1998767,31.9852032],[35.1999537,31.9849383],[35.1999859,31.9848143],[35.2001091,31.9844695],[35.2001329,31.9843812],[35.200136,31.9843596],[35.2002312,31.9837045],[35.2003554,31.9837108],[35.2003684,31.9837115],[35.2003723,31.9837117],[35.2003832,31.9837089],[35.2003935,31.9837048],[35.2004031,31.9836995],[35.2004117,31.9836931],[35.2004499,31.9835705],[35.2004924,31.983449],[35.2005196,31.9834076],[35.2005524,31.9833692],[35.2005902,31.9833344],[35.2006326,31.9833037],[35.2007583,31.9832141],[35.2008863,31.9831269],[35.2009098,31.9831398],[35.2010437,31.9832051],[35.2011811,31.983265],[35.2012399,31.9832757],[35.2012999,31.9832797],[35.2013599,31.9832769],[35.2014191,31.9832675],[35.2014762,31.9832515],[35.2015304,31.9832293],[35.2015422,31.9832247],[35.2015546,31.9832216],[35.2015674,31.98322],[35.2016875,31.9832314],[35.2017679,31.9832325],[35.2018481,31.983238],[35.2019277,31.9832479],[35.2019554,31.9832243],[35.2019567,31.9832241],[35.2022283,31.9831913],[35.2025004,31.983157],[35.2025689,31.9831507],[35.2026376,31.98315],[35.2027062,31.9831548],[35.2027367,31.9831483],[35.2027656,31.983142],[35.2027966,31.9831354],[35.2028876,31.9831183],[35.2029337,31.9831212],[35.2029799,31.983119],[35.2030253,31.9831119],[35.2031174,31.9830823],[35.2032116,31.9830582],[35.2033075,31.9830396],[35.2033155,31.9830338],[35.2033242,31.9830289],[35.2033337,31.9830251],[35.2033437,31.9830224],[35.2034199,31.9830057],[35.2034977,31.9829959],[35.2035763,31.9829931],[35.203588,31.9829925],[35.2035994,31.9829904],[35.2036102,31.9829867],[35.2036203,31.9829816],[35.2036292,31.9829752],[35.2036429,31.9829662],[35.2036582,31.9829592],[35.2036746,31.9829545],[35.2036917,31.9829522],[35.203709,31.9829523],[35.2037821,31.9829272],[35.2038576,31.9829079],[35.2039137,31.9829024],[35.2039701,31.982901],[35.2040214,31.9829034],[35.2040264,31.9829036],[35.2041648,31.9829122],[35.2043036,31.9829143],[35.2043636,31.9829103],[35.2044229,31.9829008],[35.2044229,31.982947],[35.2044228,31.9829743],[35.2044304,31.9830475],[35.2044422,31.9830804],[35.2044832,31.9830818],[35.2047176,31.9831728],[35.2049016,31.9832243],[35.2049343,31.9832493],[35.2050099,31.9832765],[35.2051392,31.983278],[35.2051619,31.9832844],[35.2056087,31.9833861],[35.2056767,31.9834047],[35.2056675,31.9835292],[35.2058455,31.9835586],[35.2059121,31.9835668],[35.2059792,31.983569],[35.2060463,31.983565],[35.2060496,31.9835656],[35.206053,31.9835658],[35.2060564,31.9835654],[35.2060596,31.9835646],[35.2060627,31.9835633],[35.2060655,31.9835616],[35.2060678,31.9835595],[35.2060698,31.9835571],[35.2061151,31.9835543],[35.2061605,31.9835561],[35.2061616,31.9835606],[35.2061643,31.9835645],[35.2061684,31.9835675],[35.2061734,31.9835691],[35.2063325,31.9835385],[35.2064889,31.9835027],[35.2064919,31.9835032],[35.2064959,31.9835028],[35.2064987,31.9835019],[35.2065011,31.9835002],[35.206503,31.9834982],[35.2065041,31.9834958],[35.2065045,31.9834924],[35.206504,31.9834898],[35.2065667,31.9834734],[35.2066283,31.983454],[35.206661,31.9834458],[35.2066921,31.9834335],[35.2067121,31.9834223],[35.2067176,31.9834193],[35.2067207,31.9834175],[35.2067329,31.9834156],[35.2067446,31.9834122],[35.2067556,31.9834074],[35.2067656,31.9834012],[35.2067745,31.9833938],[35.206782,31.9833853],[35.2067886,31.983366],[35.2067986,31.9833477],[35.2068119,31.983331],[35.206828,31.9833162],[35.2068466,31.9833037],[35.2068998,31.9832518],[35.2069572,31.9832034],[35.2070185,31.9831585],[35.2070835,31.9831176],[35.2071209,31.9830802],[35.207153,31.9830393],[35.2071793,31.9829955],[35.2071994,31.9829494],[35.2072313,31.982885],[35.2073589,31.9828248],[35.2071745,31.9824659],[35.2071632,31.982444],[35.207219,31.9824439],[35.2072706,31.9824439],[35.2073778,31.9824372],[35.2074841,31.982424],[35.2075919,31.9824132],[35.2077004,31.9824078],[35.207809,31.9824078],[35.2079174,31.9824132],[35.2079999,31.9824213],[35.2080812,31.9824354],[35.2081037,31.9824457],[35.2081278,31.9824529],[35.208153,31.9824566],[35.2081786,31.9824569],[35.2082648,31.9824448],[35.2083516,31.9824368],[35.2083603,31.9824367],[35.2083689,31.9824354],[35.2083771,31.982433],[35.2083848,31.9824295],[35.2083918,31.982425],[35.2083978,31.9824197],[35.2084092,31.9824137],[35.2084217,31.9824093],[35.2084348,31.9824068],[35.2084482,31.9824061],[35.2086074,31.9824216],[35.208767,31.9824336],[35.2089269,31.9824418],[35.2089648,31.9824432],[35.2090025,31.9824396],[35.2090391,31.9824312],[35.2090739,31.9824182],[35.2090808,31.9824152],[35.2090881,31.9824131],[35.2090958,31.9824121],[35.2091036,31.9824122],[35.2091112,31.9824133],[35.2091186,31.9824155],[35.2091254,31.9824186],[35.2091316,31.9824227],[35.2091369,31.9824275],[35.2091466,31.9824316],[35.2091554,31.982437],[35.209163,31.9824435],[35.2091693,31.982451],[35.209174,31.9824593],[35.2091772,31.9824681],[35.2091785,31.9824772],[35.2091781,31.9824865],[35.209176,31.9824955],[35.2091721,31.9825041],[35.2091617,31.9825433],[35.2091578,31.9825834],[35.2091603,31.9826236],[35.2091536,31.9826923],[35.2091513,31.9828373],[35.209129,31.983011],[35.2091256,31.9830578],[35.2091234,31.9830884],[35.209128,31.9830947],[35.2091584,31.9831364],[35.2091902,31.9831861],[35.2092186,31.9832372],[35.2092783,31.9833112],[35.2093328,31.983388],[35.2093374,31.9833944],[35.2093407,31.9834013],[35.2093425,31.9834085],[35.2093429,31.983416],[35.2093417,31.9834234],[35.2093524,31.9835065],[35.2093687,31.9835889],[35.2093906,31.9836704],[35.2094179,31.9837507],[35.2094174,31.9837621],[35.2094147,31.9837733],[35.2094099,31.9837839],[35.2094031,31.9837938],[35.2093945,31.9838025],[35.2093843,31.9838099],[35.2092634,31.9841172],[35.2091021,31.9843243],[35.2090813,31.9843353],[35.209063,31.9843491],[35.2090542,31.9843905],[35.2090396,31.9844307],[35.2090194,31.9844691],[35.2089938,31.9845051],[35.2089633,31.9845381],[35.2089435,31.9845799],[35.2089286,31.9846231],[35.2089054,31.984654],[35.2088879,31.9846876],[35.2088765,31.9847231],[35.2088715,31.9847595],[35.2088747,31.9847846],[35.208873,31.9848098],[35.2088663,31.9848343],[35.2088549,31.9848576],[35.208839,31.9848789],[35.2087975,31.984912],[35.2087599,31.9849484],[35.2087266,31.9849878],[35.2086979,31.9850296],[35.2086811,31.9850622],[35.2086699,31.9850965],[35.208647,31.9851358],[35.208629,31.985177],[35.2086162,31.9852196],[35.2086119,31.9852519],[35.2086029,31.9852836],[35.2085893,31.9853141],[35.2085919,31.9853265],[35.2085923,31.9853391],[35.2085905,31.9853516],[35.2085865,31.9853637],[35.2085804,31.9853752],[35.2085792,31.9854086],[35.2085702,31.9854149],[35.2085623,31.9854224],[35.208556,31.9854309],[35.2085512,31.9854401],[35.2085418,31.9854811],[35.2085244,31.9855202],[35.2085315,31.9856197],[35.2085322,31.9857194],[35.2085266,31.985819],[35.2085081,31.9858841],[35.2084955,31.9859172],[35.2084837,31.9859479],[35.208478,31.9859599],[35.2084538,31.9860099],[35.2084184,31.9860698],[35.2083777,31.9861272],[35.208343,31.9861081],[35.20834,31.9861114],[35.208319,31.9861342],[35.2083101,31.9861474],[35.2082998,31.9861629],[35.2082856,31.9861937],[35.2082768,31.986226],[35.2082736,31.986259],[35.2082948,31.9863143],[35.2081773,31.9863382],[35.2079119,31.9864728],[35.207859,31.9865213],[35.2078105,31.986573],[35.2077664,31.9866275],[35.2077441,31.98666],[35.2077271,31.9866846],[35.2077669,31.9867435],[35.207801,31.9868049],[35.2078275,31.9868281],[35.207849,31.9868547],[35.2078648,31.9868841],[35.2079042,31.9869403],[35.2079466,31.9869948],[35.2079764,31.9870532],[35.2080096,31.9871102],[35.2080463,31.9871657],[35.2080895,31.987273],[35.2081292,31.9873813],[35.2081495,31.9874069],[35.208184,31.9874501],[35.208177,31.9874536],[35.2081708,31.9874581],[35.2081655,31.9874633],[35.2081612,31.9874692],[35.2081581,31.9874756],[35.2081563,31.9874824],[35.2081557,31.9874893],[35.2081564,31.9874962],[35.2081584,31.9875029],[35.2081616,31.9875092],[35.2081144,31.9875308],[35.2080705,31.9875569],[35.2080303,31.987587],[35.2079945,31.9876209],[35.2079634,31.9876581],[35.2079183,31.987682],[35.2078772,31.9877106],[35.2078961,31.9877209],[35.2079127,31.9877337],[35.2079268,31.9877486],[35.2079378,31.9877652],[35.2079455,31.9877832],[35.2079527,31.9878001],[35.2079627,31.9878161],[35.2079753,31.9878305],[35.2079903,31.9878433],[35.2080135,31.9879002],[35.2080419,31.9879554],[35.2080754,31.9880084],[35.2083162,31.9882275],[35.208324,31.9882346],[35.2083789,31.9883109],[35.20838,31.9883291],[35.2083677,31.9883443],[35.2083957,31.9884455],[35.2084562,31.9885305],[35.2084752,31.9886106],[35.2085805,31.9887729],[35.2085839,31.9888397],[35.2085615,31.9888693],[35.2085648,31.9889303],[35.2086611,31.9890811],[35.2086802,31.9891021],[35.2086813,31.989126],[35.2088751,31.98944],[35.2089165,31.9894877],[35.2089893,31.9894333],[35.209024,31.9894228],[35.2090856,31.9893961],[35.209127,31.9893932],[35.2091942,31.9893808],[35.209295,31.989377],[35.2093364,31.9893741],[35.209388,31.9893503],[35.2094081,31.9893503],[35.2094215,31.9893331],[35.2094831,31.9893073],[35.2095302,31.9892691],[35.2095694,31.9892472],[35.2096063,31.9892395],[35.2096141,31.9892465],[35.2096206,31.9892543],[35.2096256,31.9892629],[35.2096291,31.9892721],[35.209631,31.9892815],[35.2096541,31.9893011],[35.2096738,31.9893233],[35.2096896,31.9893477],[35.2097011,31.9893737],[35.2097082,31.9894008],[35.2097165,31.9894428],[35.2097329,31.9894829],[35.2097326,31.989496],[35.2097302,31.989509],[35.2097254,31.9895215],[35.2097186,31.9895332],[35.2097098,31.989544],[35.2096993,31.9895535],[35.2097002,31.9895608],[35.2097045,31.9895941],[35.2097023,31.9896348],[35.2096926,31.9896748],[35.2096915,31.989682],[35.2096918,31.9896893],[35.2096936,31.9896964],[35.2096969,31.9897032],[35.2097014,31.9897094],[35.2097071,31.9897148],[35.2097108,31.989719],[35.2097136,31.9897236],[35.2097155,31.9897286],[35.2097164,31.9897337],[35.2097164,31.9897389],[35.2097155,31.989744],[35.2097136,31.989749],[35.2097108,31.9897536],[35.2097071,31.9897578],[35.2096657,31.9897931],[35.2096623,31.9897959],[35.2096595,31.9897992],[35.2096573,31.9898028],[35.2096558,31.9898066],[35.2096551,31.9898106],[35.2096551,31.9898147],[35.2096558,31.9898187],[35.2096573,31.9898225],[35.2096595,31.9898261],[35.2096623,31.9898294],[35.2096846,31.9898573],[35.2097101,31.9898831],[35.209721,31.9898921],[35.2097385,31.9899067],[35.2097659,31.9898886],[35.2097963,31.9898742],[35.2098288,31.9898641],[35.2098629,31.9898583],[35.2098975,31.989857],[35.2099366,31.9898594],[35.2099757,31.9898564],[35.2100138,31.9898482],[35.2100498,31.9898351],[35.2100949,31.9898165],[35.2101361,31.9897921],[35.2101866,31.9897536],[35.2102418,31.9897199],[35.2103009,31.9896916],[35.2103634,31.989669],[35.2103958,31.9896528],[35.210472,31.9897921],[35.2104726,31.9898002],[35.2104716,31.9898083],[35.210469,31.9898162],[35.210465,31.9898235],[35.2104595,31.9898302],[35.2104529,31.989836],[35.2104451,31.9898408],[35.2103992,31.9898713],[35.2104047,31.9898916],[35.2104133,31.9899109],[35.210425,31.9899291],[35.2104395,31.9899458],[35.2104799,31.9899372],[35.2104832,31.9899573],[35.2104855,31.9899706],[35.2105041,31.9899691],[35.2105227,31.9899704],[35.2105408,31.9899744],[35.2105578,31.9899809],[35.2105733,31.9899899],[35.2105867,31.990001],[35.2105977,31.9900139],[35.2106059,31.9900282],[35.2106111,31.9900435],[35.2106131,31.9900593],[35.2099785,31.9904058],[35.2099715,31.9904096],[35.2098953,31.990443],[35.2099177,31.9905099],[35.2099211,31.99057],[35.2099323,31.9906568],[35.2099256,31.9907723],[35.20993,31.9908048],[35.2099121,31.9909126],[35.209922,31.9909076],[35.2101369,31.9907992],[35.2101478,31.9907937],[35.2102329,31.9907507],[35.2102526,31.9907408],[35.2103054,31.9906929],[35.2103626,31.9906488],[35.2104237,31.9906086],[35.2104883,31.9905727],[35.210556,31.9905413],[35.2106261,31.9905179],[35.2106988,31.9905013],[35.2107733,31.9904917],[35.2108156,31.9904838],[35.2108587,31.9904799],[35.2109021,31.9904802],[35.2108752,31.9906367],[35.210867,31.9907007],[35.2108524,31.9907639],[35.2108316,31.9908257],[35.2108184,31.9908616],[35.2107991,31.9908954],[35.2107759,31.9909416],[35.2107599,31.9909899],[35.2107488,31.9910154],[35.2107341,31.9910395],[35.2107017,31.9911245],[35.2106502,31.991156],[35.2106106,31.9911724],[35.2105056,31.9912367],[35.2105137,31.991404],[35.210611,31.9914518],[35.2106072,31.9914663],[35.2106008,31.9914801],[35.2105919,31.9914929],[35.2105807,31.9915043],[35.2105625,31.9915319],[35.2105488,31.9915614],[35.2105399,31.9915921],[35.210536,31.9916236],[35.2105376,31.9916377],[35.2105369,31.9916518],[35.2105337,31.9916656],[35.210516,31.9916944],[35.2105036,31.9917252],[35.2104968,31.9917572],[35.2104956,31.9917897],[35.2104811,31.9918164],[35.2106054,31.9920703],[35.2109189,31.9920983],[35.2109133,31.9924667],[35.2109369,31.9925564],[35.2108878,31.9925597],[35.2108399,31.9925689],[35.2107939,31.9925838],[35.210751,31.9926042],[35.2107063,31.9925985],[35.2106614,31.9925956],[35.210565,31.9925545],[35.2104385,31.9925593],[35.2103765,31.992588],[35.2103117,31.9926119],[35.2102448,31.9926309],[35.2101249,31.9922511],[35.2096792,31.9923503]]]}},{"type":"Feature","properties":{"b":3,"name":"مقاثي عطارة","name_en":"Mqathe Attarah","bid":274,"area":508042,"parcels":66,"buildings":0,"built":0},"geometry":{"type":"Polygon","coordinates":[[[35.1931443,31.9956392],[35.1931511,31.9956585],[35.1931712,31.9957244],[35.1928151,31.9958038],[35.1927979,31.9958069],[35.1925471,31.9958517],[35.1924337,31.9957617],[35.1923161,31.9956756],[35.192286,31.9956416],[35.1922624,31.995604],[35.192244,31.9955669],[35.1922313,31.9955281],[35.1924912,31.9954286],[35.1925248,31.9953119],[35.1925019,31.9952749],[35.1924769,31.9952389],[35.1924794,31.9952153],[35.1925113,31.9952024],[35.1925265,31.9950407],[35.1925802,31.9950399],[35.1925148,31.9948123],[35.1925013,31.9947393],[35.1924971,31.9946835],[35.1924988,31.9946434],[35.1925551,31.9946326],[35.1925618,31.9946112],[35.192556,31.9945267],[35.1925593,31.9944136],[35.1925686,31.9943248],[35.1925854,31.9942261],[35.1925988,31.9941831],[35.1926207,31.9941366],[35.1926358,31.9940893],[35.1926526,31.9940292],[35.1926694,31.9939476],[35.1925334,31.9939383],[35.1925224,31.9939712],[35.1925241,31.9939948],[35.1925182,31.994012],[35.1924191,31.993997],[35.1924047,31.9939944],[35.192262,31.9939683],[35.1922251,31.9939605],[35.192199,31.9940192],[35.1921814,31.9940664],[35.1921738,31.9941129],[35.1921696,31.9941509],[35.1920831,31.9941408],[35.1920344,31.9941344],[35.1919748,31.9941287],[35.1919067,31.9941079],[35.1919101,31.9940428],[35.1918295,31.9940227],[35.191819,31.9940198],[35.191764,31.9940048],[35.1917169,31.9939733],[35.1916791,31.9939661],[35.1916371,31.9939482],[35.1915204,31.9939103],[35.191454,31.9938981],[35.1914045,31.9938888],[35.1909652,31.9936504],[35.1907821,31.9938973],[35.1912432,31.9941493],[35.1911928,31.9942317],[35.1911718,31.9942452],[35.1911104,31.9942868],[35.1910483,31.9943326],[35.1910172,31.9943562],[35.1910021,31.9943791],[35.1909786,31.9944034],[35.1909525,31.994427],[35.1905737,31.9941385],[35.1904725,31.9940357],[35.1901825,31.9938171],[35.190159,31.9938476],[35.1900783,31.9939163],[35.1900134,31.993965],[35.1899282,31.9940165],[35.1898666,31.9940518],[35.1898321,31.9940357],[35.1898006,31.9940156],[35.1897677,31.9940029],[35.1897373,31.9939863],[35.1897101,31.9939661],[35.1896866,31.9939427],[35.1896674,31.9939167],[35.1896528,31.9938886],[35.1896348,31.9938751],[35.1896146,31.9938644],[35.1895924,31.9938568],[35.1895691,31.9938524],[35.1895453,31.9938514],[35.1892664,31.9936375],[35.1892205,31.993607],[35.1891791,31.9935755],[35.1891287,31.9935574],[35.1890772,31.9935144],[35.1890357,31.9934982],[35.1889786,31.9934867],[35.1889562,31.9934819],[35.1889148,31.9934428],[35.1888566,31.9934247],[35.1888364,31.9933979],[35.1888107,31.9933731],[35.1887793,31.9933683],[35.1887278,31.9933683],[35.1886819,31.9933578],[35.1886427,31.993334],[35.1885979,31.9932967],[35.188573,31.9932673],[35.1885632,31.9932557],[35.1885218,31.9932041],[35.1883459,31.9933311],[35.1880364,31.9934999],[35.1880189,31.9935095],[35.1877899,31.9936483],[35.1874245,31.9934316],[35.1872912,31.9934869],[35.1871983,31.993423],[35.1869475,31.9932855],[35.1867329,31.993034],[35.18598,31.9921511],[35.1864865,31.992072],[35.1865063,31.9918968],[35.1866323,31.9919071],[35.1867587,31.991913],[35.1868853,31.9919145],[35.1869809,31.9918998],[35.1870773,31.9918903],[35.1871743,31.9918859],[35.187409,31.9918573],[35.1876446,31.9918353],[35.1877439,31.9918212],[35.1878415,31.9918005],[35.1879369,31.9917733],[35.1881049,31.9917133],[35.1882704,31.9916484],[35.1884331,31.9915787],[35.1884509,31.9915695],[35.1884701,31.9915625],[35.1887982,31.9913993],[35.188879,31.9913571],[35.188955,31.9913088],[35.1890257,31.991255],[35.1890859,31.9912003],[35.1890905,31.9911961],[35.1891934,31.9911209],[35.1893006,31.9910504],[35.189412,31.9909847],[35.1895273,31.9909241],[35.1895956,31.9908852],[35.1896677,31.9908516],[35.1897429,31.9908234],[35.1898208,31.990801],[35.1899438,31.9907558],[35.1900641,31.9907055],[35.1901755,31.990653],[35.1901814,31.9906503],[35.1902528,31.9906148],[35.1903205,31.9905744],[35.1903842,31.9905296],[35.1904435,31.9904804],[35.1905804,31.9903586],[35.1907204,31.9902392],[35.1908568,31.990128],[35.1908635,31.9901226],[35.190978,31.9900321],[35.1910968,31.9899458],[35.1911717,31.9898956],[35.1912196,31.9898636],[35.1912742,31.98983],[35.1913167,31.9898038],[35.1913462,31.9897857],[35.191477,31.9897174],[35.1916099,31.9896522],[35.1917449,31.9895901],[35.1918876,31.9895237],[35.1920338,31.9894633],[35.1921834,31.989409],[35.1923358,31.9893609],[35.1924908,31.9893191],[35.1928151,31.9892253],[35.1931369,31.9891254],[35.1932365,31.9890946],[35.1933338,31.9890589],[35.1933938,31.9890331],[35.1934284,31.9890183],[35.1935201,31.988973],[35.1936084,31.9889231],[35.1939567,31.9887218],[35.1939794,31.9887049],[35.1939848,31.9887009],[35.1940073,31.9886885],[35.1940161,31.9886836],[35.1940747,31.9886558],[35.194174,31.9886045],[35.1942705,31.9885493],[35.1943639,31.9884904],[35.194454,31.9884279],[35.1945058,31.9883866],[35.1945537,31.988342],[35.1945956,31.9882531],[35.1946157,31.9882032],[35.1946321,31.9881626],[35.1948248,31.9881996],[35.1948371,31.9882019],[35.194846,31.9882036],[35.1949949,31.9881483],[35.1950845,31.988113],[35.1951495,31.9880776],[35.195276,31.9880108],[35.1953443,31.9879822],[35.1953421,31.9879402],[35.1953723,31.9879221],[35.1954642,31.9878553],[35.1955537,31.9878076],[35.1955873,31.9878658],[35.1956101,31.9878666],[35.1956324,31.9878703],[35.1956538,31.987877],[35.1956737,31.9878865],[35.1956916,31.9878984],[35.1957072,31.9879126],[35.1957524,31.9879063],[35.1957926,31.9879008],[35.1958774,31.9878859],[35.1959453,31.9878851],[35.1960129,31.9878803],[35.1960801,31.9878716],[35.1961927,31.9878453],[35.196304,31.9878153],[35.1963664,31.9878071],[35.1964292,31.9878023],[35.1964922,31.987801],[35.1965429,31.9877978],[35.1965937,31.987801],[35.1966434,31.9878105],[35.1967606,31.9877738],[35.1968785,31.9877389],[35.1969726,31.9876998],[35.1969524,31.9876674],[35.1970376,31.9876512],[35.1970502,31.9876423],[35.1970633,31.987633],[35.1972447,31.9875223],[35.1973802,31.9874307],[35.1974788,31.9873515],[35.1973803,31.9872637],[35.197565,31.9871654],[35.1976233,31.9871158],[35.1977733,31.9869927],[35.1978361,31.9869449],[35.1978954,31.9869192],[35.198116,31.9868381],[35.1982638,31.9867913],[35.198377,31.9867388],[35.1984117,31.9867302],[35.1984486,31.9867197],[35.1984934,31.9867159],[35.1985819,31.986714],[35.1986569,31.9866892],[35.1986614,31.9866606],[35.1986681,31.9866262],[35.1986984,31.9865813],[35.198704,31.9865088],[35.1987096,31.9864496],[35.198826,31.9864191],[35.1988563,31.9864878],[35.1988816,31.9865255],[35.1989112,31.986561],[35.1989447,31.9865938],[35.1990001,31.986664],[35.1990522,31.986736],[35.1990778,31.9867792],[35.1990999,31.9868238],[35.1991183,31.9868696],[35.199228,31.9871321],[35.1992694,31.9872285],[35.1992941,31.9873239],[35.1993041,31.9873659],[35.1993388,31.9875186],[35.1993401,31.9875257],[35.1993427,31.9875324],[35.1993466,31.9875387],[35.1993517,31.9875444],[35.1993579,31.9875492],[35.1993649,31.987553],[35.1993726,31.9875558],[35.1993762,31.9876158],[35.199388,31.9876751],[35.1994019,31.9877151],[35.1994099,31.9877563],[35.1994118,31.987798],[35.1994039,31.9878856],[35.1993992,31.9879733],[35.1993978,31.9880748],[35.1994155,31.9881705],[35.1994374,31.9882656],[35.1994636,31.9883599],[35.1994669,31.9884044],[35.1994664,31.988449],[35.1994622,31.9884935],[35.1993869,31.9888162],[35.1991954,31.9896374],[35.1991387,31.9899394],[35.1990729,31.9901637],[35.1990379,31.9902854],[35.1988531,31.9909081],[35.1988377,31.9910609],[35.1988292,31.9911813],[35.1988166,31.9913015],[35.1987999,31.9914213],[35.198717,31.9914041],[35.1985709,31.9913783],[35.1984729,31.9913712],[35.1983357,31.9913509],[35.1982377,31.991333],[35.1981873,31.9913186],[35.1979423,31.9912805],[35.1979045,31.9912733],[35.1977842,31.991253],[35.1975532,31.9912148],[35.1975051,31.9914958],[35.1974939,31.9915331],[35.1974816,31.9915636],[35.197485,31.9916094],[35.1974749,31.9916638],[35.1974491,31.9917278],[35.1974382,31.9917451],[35.1974323,31.9917545],[35.1973276,31.9918337],[35.1973125,31.9918451],[35.1972793,31.99182],[35.1972425,31.9917989],[35.1972027,31.9917821],[35.1971799,31.9917716],[35.197159,31.9917585],[35.1971404,31.9917432],[35.1971243,31.9917258],[35.1971119,31.9917142],[35.1970976,31.9917042],[35.1970817,31.9916962],[35.1970645,31.9916904],[35.1970465,31.9916869],[35.197028,31.9916857],[35.1970089,31.9916763],[35.1969916,31.9916645],[35.1969766,31.9916507],[35.1969642,31.9916352],[35.1969185,31.9915868],[35.1968679,31.9915422],[35.1968128,31.9915015],[35.1967706,31.9914757],[35.1967287,31.9914627],[35.1967155,31.9914586],[35.1967107,31.9914652],[35.1967024,31.9914764],[35.1966959,31.9914854],[35.1966651,31.9915033],[35.1966035,31.9915248],[35.1964537,31.9915528],[35.1962829,31.9915468],[35.1962157,31.9915361],[35.1960596,31.9915361],[35.1960085,31.991557],[35.1959007,31.9915707],[35.1958216,31.9915933],[35.195674,31.9916416],[35.1956222,31.991573],[35.1955872,31.9915838],[35.1955021,31.9916105],[35.1953554,31.9916811],[35.195174,31.9917765],[35.1951056,31.9918223],[35.1949757,31.9919092],[35.1949343,31.9919645],[35.194885,31.9920142],[35.1948693,31.99206],[35.1948637,31.9920876],[35.1948693,31.9921201],[35.1948503,31.9921888],[35.1948525,31.9922117],[35.194829,31.9922737],[35.1948323,31.9923215],[35.194839,31.9923472],[35.1948525,31.992416],[35.1948458,31.992478],[35.1948457,31.9925515],[35.1948446,31.9926154],[35.1947699,31.9926087],[35.1947643,31.9926354],[35.1947733,31.9926917],[35.1947845,31.9927404],[35.1947856,31.9927662],[35.1947733,31.9928005],[35.1947699,31.992811],[35.1947509,31.9929475],[35.1947441,31.9930525],[35.1947195,31.9931489],[35.1946769,31.9932577],[35.1946668,31.993271],[35.1946007,31.9933846],[35.1945447,31.9934896],[35.194538,31.993523],[35.1945268,31.9935507],[35.1945223,31.9935831],[35.1944271,31.993732],[35.1943756,31.9938465],[35.1943465,31.9938771],[35.194277,31.9939706],[35.1942524,31.994024],[35.1942445,31.9940689],[35.1942076,31.9941328],[35.1941762,31.9941634],[35.1941516,31.9941996],[35.1940844,31.9943036],[35.1940564,31.9943762],[35.1940496,31.9944134],[35.1940407,31.9944392],[35.1940093,31.9944745],[35.1939757,31.9945088],[35.1939645,31.9945776],[35.1939679,31.9946071],[35.1939494,31.9946014],[35.1935658,31.9944811],[35.193537,31.9944752],[35.1935053,31.9944687],[35.1932623,31.9944439],[35.1932485,31.9944435],[35.1931962,31.994442],[35.1931571,31.994378],[35.1931369,31.9943771],[35.1931145,31.9943818],[35.1931022,31.9943895],[35.1930966,31.9944124],[35.1930876,31.9944343],[35.1930719,31.9944477],[35.1930417,31.9944591],[35.193026,31.9944668],[35.1930081,31.9944782],[35.1929969,31.9944935],[35.1929924,31.9945317],[35.1929969,31.9945822],[35.1930114,31.9946443],[35.1930316,31.9946796],[35.1930251,31.9952037],[35.1930733,31.9952219],[35.193089,31.9952352],[35.1930912,31.9952524],[35.1930845,31.9952896],[35.1930814,31.9953035],[35.1930898,31.9953264],[35.1930973,31.9953443],[35.1930931,31.9953707],[35.1931032,31.9954166],[35.1931208,31.9954652],[35.1931292,31.9955053],[35.1931443,31.9956392]]]}},{"type":"Feature","properties":{"b":4,"name":"حيطان السنام","name_en":"Hidan ElSinam","bid":275,"area":1055628,"parcels":188,"buildings":0,"built":0},"geometry":{"type":"Polygon","coordinates":[[[35.1849836,31.9932296],[35.1849807,31.9932319],[35.1849202,31.9932863],[35.1849152,31.9932844],[35.184863,31.9932642],[35.1848441,31.9932569],[35.1847052,31.9932032],[35.1846727,31.9932082],[35.1845599,31.9932254],[35.184052,31.9925686],[35.1839805,31.9924766],[35.1839444,31.99243],[35.1837235,31.9921451],[35.183723,31.9921438],[35.1837101,31.9921134],[35.1837098,31.9921127],[35.1845447,31.9920112],[35.1845826,31.9918723],[35.1843333,31.9918161],[35.1825691,31.9914186],[35.1821852,31.9906235],[35.1822195,31.9905665],[35.1823992,31.9902685],[35.1825661,31.9899039],[35.1834587,31.9896499],[35.1830238,31.9889398],[35.1836252,31.9888253],[35.183656,31.9887112],[35.1836648,31.9886787],[35.1836658,31.9886749],[35.1837883,31.9882212],[35.1832895,31.9879405],[35.183759,31.9878383],[35.1838875,31.9878104],[35.1842218,31.9876916],[35.1840757,31.9874883],[35.1846015,31.9873738],[35.1852601,31.9869888],[35.1853373,31.9871721],[35.1862645,31.9871593],[35.1872319,31.9881745],[35.1878432,31.9887472],[35.1882213,31.9880902],[35.1882801,31.9879656],[35.1879963,31.9875046],[35.1877074,31.9871567],[35.1876033,31.9869577],[35.187516,31.9866241],[35.187459,31.986458],[35.1873599,31.9863206],[35.1872356,31.9860886],[35.1865099,31.9862789],[35.1864713,31.986266],[35.1863983,31.9860549],[35.1863857,31.9860183],[35.1864697,31.9857406],[35.1864892,31.9856967],[35.1865163,31.9856558],[35.1865504,31.985619],[35.186609,31.9855642],[35.1866723,31.9855134],[35.1867399,31.9854667],[35.1868114,31.9854246],[35.1868864,31.9853871],[35.1869351,31.9853601],[35.1869777,31.9853393],[35.1866856,31.9851206],[35.1863556,31.9848592],[35.1863725,31.9848444],[35.1859661,31.9843819],[35.1855714,31.9840154],[35.1856353,31.9838636],[35.1857697,31.9836203],[35.1854855,31.9827106],[35.1854776,31.9826854],[35.186037,31.9823548],[35.1860317,31.9823214],[35.1860191,31.9823059],[35.1859772,31.982282],[35.185966,31.9822462],[35.1859464,31.9821985],[35.185938,31.9821842],[35.185903,31.9821734],[35.1859044,31.9821496],[35.1859086,31.9821233],[35.1859044,31.982103],[35.1859198,31.982078],[35.1859254,31.9820684],[35.1859128,31.9820422],[35.1858666,31.9819455],[35.1858023,31.9819169],[35.1857225,31.9819061],[35.1857701,31.9818751],[35.1857743,31.9818477],[35.1857715,31.9818131],[35.1857897,31.9817916],[35.1858471,31.9817606],[35.1858835,31.9817296],[35.1860053,31.9816712],[35.1860289,31.9816519],[35.1860389,31.9816437],[35.1860836,31.9816108],[35.1861328,31.9815831],[35.1861858,31.9815608],[35.1862416,31.9815445],[35.1862486,31.9815361],[35.1862592,31.9815234],[35.1862798,31.9815044],[35.1863032,31.9814878],[35.1863215,31.9814779],[35.186338,31.9814659],[35.1863523,31.981452],[35.1863641,31.9814365],[35.1863553,31.981373],[35.186341,31.9813101],[35.1863387,31.9812965],[35.186339,31.9812827],[35.1863421,31.9812692],[35.1863477,31.9812564],[35.1863558,31.9812445],[35.1863678,31.9812139],[35.1863847,31.9811851],[35.1864062,31.9811586],[35.186424,31.9811454],[35.186439,31.9811298],[35.1864506,31.9811122],[35.1864586,31.9810932],[35.1864626,31.9810733],[35.1864627,31.9810532],[35.1864587,31.9810333],[35.186459,31.981014],[35.186463,31.9809951],[35.1864708,31.9809769],[35.1864819,31.9809602],[35.1864963,31.9809452],[35.1865133,31.9809325],[35.1865483,31.9809283],[35.1865598,31.9809214],[35.1865725,31.9809162],[35.1865861,31.9809129],[35.1866001,31.9809116],[35.1866321,31.9809217],[35.1866656,31.9809274],[35.1866998,31.9809287],[35.1867337,31.9809254],[35.1867472,31.9809338],[35.186762,31.9809404],[35.1867778,31.9809451],[35.186964,31.9807924],[35.1869719,31.9807558],[35.1869871,31.9806856],[35.1870159,31.9805063],[35.1870318,31.9805048],[35.1871545,31.980081],[35.1874724,31.9803301],[35.1875833,31.9804542],[35.1876122,31.9805007],[35.1876455,31.9805451],[35.187683,31.9805869],[35.1877243,31.980626],[35.1877366,31.980638],[35.1877509,31.9806483],[35.1877668,31.9806565],[35.187784,31.9806627],[35.1878021,31.9806666],[35.1878206,31.980668],[35.1878209,31.9806333],[35.1878254,31.9805989],[35.1878341,31.980565],[35.1878744,31.9805287],[35.1878877,31.9805228],[35.1879019,31.9805188],[35.1879167,31.9805168],[35.1879317,31.9805169],[35.1879464,31.9805189],[35.1879606,31.980523],[35.1879688,31.9805256],[35.1882148,31.9806051],[35.1881912,31.9808723],[35.1881832,31.980923],[35.1881835,31.9809741],[35.1881922,31.9810247],[35.1882091,31.9810737],[35.188442,31.9811482],[35.1884606,31.9810865],[35.1884849,31.9810262],[35.1885148,31.9809678],[35.1887295,31.9810841],[35.1887544,31.9810976],[35.1888248,31.9811339],[35.1888451,31.9811444],[35.1888014,31.9811921],[35.1890142,31.9813],[35.189153,31.9813726],[35.189255,31.9812132],[35.1892607,31.9812061],[35.1892919,31.9811674],[35.1894789,31.9812877],[35.1895176,31.9813151],[35.1897436,31.9814758],[35.1897834,31.9814519],[35.1900454,31.9816619],[35.1903097,31.9814118],[35.1903417,31.9814186],[35.1903723,31.9814289],[35.190401,31.9814426],[35.1904273,31.9814596],[35.1904592,31.9814937],[35.1904956,31.9815243],[35.1905359,31.9815512],[35.1905747,31.9815905],[35.1906165,31.9816276],[35.1906169,31.9816367],[35.1906191,31.9816457],[35.1906229,31.9816542],[35.1906283,31.9816621],[35.1906351,31.9816692],[35.1906432,31.9816752],[35.1906523,31.9816801],[35.190681,31.9817016],[35.1907049,31.9817269],[35.1907236,31.9817553],[35.1907363,31.981786],[35.1907152,31.9818068],[35.1906987,31.9818231],[35.1906647,31.9818626],[35.1906344,31.9819043],[35.1906702,31.9819203],[35.1906906,31.9819294],[35.1907441,31.9819584],[35.1907945,31.9819912],[35.1913084,31.9822719],[35.1913026,31.982423],[35.1913033,31.9825742],[35.1913106,31.9827252],[35.1913317,31.9827718],[35.1916004,31.9826222],[35.1919204,31.9824654],[35.1920293,31.9824205],[35.1921347,31.9823699],[35.1922362,31.9823139],[35.1923334,31.9822526],[35.1924261,31.9821863],[35.192477,31.9821711],[35.1925259,31.9821514],[35.192572,31.9821276],[35.192615,31.9820997],[35.1927184,31.9820482],[35.192825,31.9820017],[35.1929547,31.9819161],[35.1930875,31.981834],[35.1932231,31.9817555],[35.1932518,31.981714],[35.1932845,31.9816746],[35.1933209,31.9816378],[35.1933609,31.9816037],[35.1934368,31.9815633],[35.1935153,31.9815265],[35.193596,31.9814935],[35.1936287,31.9814773],[35.1936583,31.9814573],[35.1936843,31.9814339],[35.1937061,31.9814076],[35.1937349,31.98138],[35.1937606,31.9813553],[35.1938189,31.9813061],[35.1938808,31.9812602],[35.1939675,31.9812028],[35.1940385,31.9811599],[35.1940571,31.9811486],[35.1940724,31.9811361],[35.1941418,31.9810797],[35.1942225,31.9810076],[35.1942992,31.9809323],[35.1943972,31.9808918],[35.1944929,31.9808476],[35.1945862,31.9807999],[35.1947001,31.9806831],[35.1948186,31.9805696],[35.194831,31.9805583],[35.194841,31.9805453],[35.1948483,31.980531],[35.1948525,31.9805159],[35.1948536,31.9805004],[35.1948718,31.9804234],[35.194883,31.9803453],[35.1948674,31.9802996],[35.1948574,31.9802527],[35.1948532,31.9802052],[35.1948547,31.9801576],[35.194862,31.9801103],[35.1948767,31.9800658],[35.1948857,31.9800202],[35.1948887,31.979974],[35.1948858,31.9799278],[35.1948784,31.9798689],[35.1948761,31.9798096],[35.1948791,31.9797504],[35.1948873,31.9796916],[35.1948888,31.9796544],[35.1948943,31.9796176],[35.1948974,31.9796095],[35.1949021,31.979602],[35.1949082,31.9795953],[35.1949156,31.9795896],[35.1949241,31.979585],[35.1949333,31.9795817],[35.1949431,31.9795799],[35.1949531,31.9795794],[35.1949589,31.9795769],[35.1949651,31.9795752],[35.1949716,31.9795743],[35.1949782,31.9795745],[35.1949846,31.9795755],[35.1949908,31.9795774],[35.1949964,31.9795802],[35.1950015,31.9795837],[35.1950059,31.9795879],[35.1950093,31.9795927],[35.1950118,31.9795978],[35.1950132,31.9796033],[35.1950335,31.979704],[35.1950611,31.9798035],[35.1950959,31.9799013],[35.1951378,31.979997],[35.1951704,31.980056],[35.1951993,31.9801163],[35.1952531,31.9801939],[35.1953132,31.980268],[35.1953794,31.9803383],[35.1954513,31.9804043],[35.1955286,31.9804658],[35.1956109,31.9805224],[35.1956977,31.9805738],[35.1957886,31.9806198],[35.1959785,31.9806845],[35.1961707,31.9807439],[35.1962775,31.980773],[35.1963826,31.9808064],[35.1964856,31.9808441],[35.1966088,31.9808966],[35.1966154,31.9808994],[35.1967403,31.9809515],[35.1968243,31.9809849],[35.1970007,31.9810756],[35.1970055,31.9810784],[35.1971184,31.9811424],[35.1972314,31.9812149],[35.1973394,31.9812928],[35.1977173,31.9816686],[35.1977303,31.9816949],[35.1977451,31.9817248],[35.1978038,31.9818029],[35.1978224,31.9818576],[35.197818,31.9819179],[35.1978156,31.9819595],[35.1978087,31.9819796],[35.1977982,31.9819985],[35.1977844,31.9820158],[35.1977172,31.9821127],[35.1976444,31.9822066],[35.1976179,31.9822329],[35.197535,31.982308],[35.1974571,31.9823869],[35.1973844,31.9824693],[35.197317,31.982555],[35.1972553,31.9826437],[35.1971993,31.9827351],[35.1970996,31.9828786],[35.1969963,31.9830202],[35.1969575,31.9830757],[35.1969155,31.9831295],[35.1968703,31.9831813],[35.1967471,31.9832958],[35.1966934,31.9833488],[35.1966435,31.9834044],[35.1965613,31.9835245],[35.1964861,31.9836478],[35.1964181,31.9837742],[35.196389,31.983818],[35.1963647,31.9838639],[35.1963455,31.9839114],[35.1963313,31.9839603],[35.1963275,31.983962],[35.196324,31.9839642],[35.196321,31.9839669],[35.1962154,31.9841931],[35.1961367,31.9844697],[35.1961219,31.9844936],[35.196112,31.9845193],[35.1961073,31.9845461],[35.196023,31.9848924],[35.1959351,31.985238],[35.1959307,31.9852559],[35.1959103,31.9853394],[35.1958786,31.9854395],[35.1958402,31.9855378],[35.1957952,31.985634],[35.1957437,31.9857278],[35.1957047,31.9857893],[35.1956916,31.98581],[35.1956859,31.985819],[35.1956093,31.9859283],[35.1955388,31.9860405],[35.1954745,31.9861554],[35.1953217,31.9863782],[35.1951625,31.9865977],[35.1949971,31.9868139],[35.1949582,31.986864],[35.194925,31.986917],[35.1948977,31.9869725],[35.1948767,31.9870298],[35.1948318,31.9871473],[35.1947926,31.9872663],[35.194759,31.9873865],[35.1947214,31.9876457],[35.1947095,31.9877183],[35.1947044,31.9877492],[35.1947018,31.9877656],[35.1946885,31.9878462],[35.194686,31.9878621],[35.194679,31.9879044],[35.1946509,31.9880592],[35.1946321,31.9881626],[35.1946157,31.9882032],[35.1945956,31.9882531],[35.1945537,31.988342],[35.1945058,31.9883866],[35.194454,31.9884279],[35.1943639,31.9884904],[35.1942705,31.9885493],[35.194174,31.9886045],[35.1940747,31.9886558],[35.1940161,31.9886836],[35.1940073,31.9886885],[35.1939848,31.9887009],[35.1939794,31.9887049],[35.1939567,31.9887218],[35.1936084,31.9889231],[35.1935201,31.988973],[35.1934284,31.9890183],[35.1933938,31.9890331],[35.1933338,31.9890589],[35.1932365,31.9890946],[35.1931369,31.9891254],[35.1928151,31.9892253],[35.1924908,31.9893191],[35.1923358,31.9893609],[35.1921834,31.989409],[35.1920338,31.9894633],[35.1918876,31.9895237],[35.1917449,31.9895901],[35.1916099,31.9896522],[35.191477,31.9897174],[35.1913462,31.9897857],[35.1913167,31.9898038],[35.1912742,31.98983],[35.1912196,31.9898636],[35.1911717,31.9898956],[35.1910968,31.9899458],[35.190978,31.9900321],[35.1908635,31.9901226],[35.1908568,31.990128],[35.1907204,31.9902392],[35.1905804,31.9903586],[35.1904435,31.9904804],[35.1903842,31.9905296],[35.1903205,31.9905744],[35.1902528,31.9906148],[35.1901814,31.9906503],[35.1901755,31.990653],[35.1900641,31.9907055],[35.1899438,31.9907558],[35.1898208,31.990801],[35.1897429,31.9908234],[35.1896677,31.9908516],[35.1895956,31.9908852],[35.1895273,31.9909241],[35.189412,31.9909847],[35.1893006,31.9910504],[35.1891934,31.9911209],[35.1890905,31.9911961],[35.1890859,31.9912003],[35.1890257,31.991255],[35.188955,31.9913088],[35.188879,31.9913571],[35.1887982,31.9913993],[35.1884701,31.9915625],[35.1884509,31.9915695],[35.1884331,31.9915787],[35.1882704,31.9916484],[35.1881049,31.9917133],[35.1879369,31.9917733],[35.1878415,31.9918005],[35.1877439,31.9918212],[35.1876446,31.9918353],[35.187409,31.9918573],[35.1871743,31.9918859],[35.1870773,31.9918903],[35.1869809,31.9918998],[35.1868853,31.9919145],[35.1867587,31.991913],[35.1866323,31.9919071],[35.1865063,31.9918968],[35.1864098,31.9918813],[35.1860665,31.9918294],[35.1857224,31.9917821],[35.1856477,31.9917842],[35.1855736,31.9917921],[35.1855006,31.9918057],[35.1854294,31.9918249],[35.1853605,31.9918495],[35.1852946,31.9918794],[35.1852745,31.9918898],[35.1850758,31.9919959],[35.1850467,31.9920124],[35.1850512,31.9920185],[35.1849939,31.9920709],[35.1849723,31.9920906],[35.1849544,31.9921317],[35.1849409,31.9921985],[35.1849376,31.99227],[35.1849611,31.9923502],[35.1850696,31.9925812],[35.1851849,31.9928628],[35.1851885,31.9928752],[35.1852042,31.9929291],[35.1852545,31.9931031],[35.1852534,31.9931036],[35.1852147,31.99312],[35.1851998,31.9931264],[35.1851857,31.9931324],[35.1851727,31.9931354],[35.185126,31.993146],[35.1850479,31.9931796],[35.1849836,31.9932296]]]}},{"type":"Feature","properties":{"b":5,"name":"شعب الهوته","name_en":"Sha'b ElHoutah","bid":276,"area":590125,"parcels":59,"buildings":108,"built":15400},"geometry":{"type":"Polygon","coordinates":[[[35.1879963,31.9875046],[35.1882801,31.9879656],[35.1882213,31.9880902],[35.1878432,31.9887472],[35.1872319,31.9881745],[35.1862645,31.9871593],[35.1853373,31.9871721],[35.1852601,31.9869888],[35.1846015,31.9873738],[35.1840757,31.9874883],[35.1842218,31.9876916],[35.1838875,31.9878104],[35.183759,31.9878383],[35.1832895,31.9879405],[35.1830309,31.9879758],[35.1828596,31.9877009],[35.1825606,31.9876388],[35.182377,31.9874583],[35.1822393,31.987234],[35.1820962,31.9865659],[35.1820616,31.986103],[35.1819037,31.9857747],[35.1812979,31.9857717],[35.1813219,31.9855709],[35.1813249,31.9855465],[35.1813337,31.9855279],[35.181339,31.9855084],[35.1813407,31.9854884],[35.1813385,31.9854685],[35.1813327,31.9854491],[35.1813289,31.9854342],[35.1813278,31.985419],[35.1813295,31.9854038],[35.1813339,31.985389],[35.1813356,31.9853713],[35.1813295,31.9852383],[35.1813821,31.98518],[35.1813565,31.9851692],[35.181316,31.9851523],[35.1810529,31.985095],[35.1808692,31.9850577],[35.1808524,31.9851436],[35.1808412,31.9851894],[35.1808389,31.9852419],[35.1808378,31.9852877],[35.1808221,31.9853383],[35.1808143,31.9853717],[35.1808109,31.9854481],[35.1807,31.9854079],[35.1803744,31.9845002],[35.1801594,31.984483],[35.1800012,31.9844441],[35.1799995,31.9852784],[35.1795338,31.9853837],[35.1787518,31.9847699],[35.1790189,31.9841821],[35.1780895,31.9828934],[35.1780265,31.9828118],[35.177955,31.982911],[35.1779399,31.9829315],[35.1775685,31.9834363],[35.1774562,31.9837004],[35.1774305,31.9839075],[35.1774274,31.9840273],[35.1774423,31.9841406],[35.1767303,31.9837367],[35.1766816,31.983595],[35.1764196,31.9835606],[35.1760685,31.9836178],[35.1756066,31.9836033],[35.1755672,31.9833055],[35.1755312,31.9830334],[35.1755278,31.9830078],[35.1755301,31.9829946],[35.1756191,31.9824781],[35.1750215,31.9824267],[35.174683,31.9823965],[35.174544,31.9833495],[35.1737008,31.9834362],[35.1736415,31.9835721],[35.1735765,31.9837061],[35.1735058,31.983838],[35.1728787,31.983855],[35.1728806,31.9838788],[35.1728831,31.9839105],[35.1728798,31.983966],[35.1728515,31.9839529],[35.1727611,31.9839107],[35.1732846,31.9821613],[35.1729017,31.9819522],[35.1733948,31.981017],[35.1737743,31.9810792],[35.1741997,31.9798677],[35.1752501,31.9797158],[35.1753787,31.9799697],[35.1758938,31.9800882],[35.1763351,31.9797847],[35.1764112,31.9798487],[35.1767561,31.9797346],[35.1770999,31.9796179],[35.1770934,31.9797272],[35.1770842,31.9798365],[35.1772739,31.9801986],[35.1774658,31.98056],[35.1774132,31.9807356],[35.1773649,31.9809121],[35.1773667,31.9809487],[35.1773738,31.9809848],[35.1773859,31.9810198],[35.1774029,31.9810534],[35.1774038,31.9810947],[35.1773997,31.9811359],[35.1773906,31.9811765],[35.1773696,31.9812171],[35.177355,31.9812596],[35.1773469,31.9813034],[35.1773748,31.9815669],[35.177769,31.9813942],[35.1777832,31.9813879],[35.1778015,31.9813799],[35.1780591,31.9812931],[35.1781923,31.9814172],[35.178652,31.9812572],[35.1785135,31.9810675],[35.1786758,31.9810222],[35.1786829,31.98102],[35.1791896,31.9808648],[35.1794373,31.980841],[35.179674,31.9805559],[35.1799735,31.9804307],[35.1799793,31.9804287],[35.1800855,31.9803925],[35.1801051,31.9803723],[35.1801665,31.98034],[35.1802237,31.9803025],[35.1802759,31.9802602],[35.1803291,31.9802515],[35.180381,31.9802384],[35.1804311,31.980221],[35.1804789,31.9801993],[35.1804977,31.980178],[35.1805202,31.9801596],[35.1805461,31.9801445],[35.1805524,31.9801448],[35.1805587,31.9801443],[35.1805649,31.9801429],[35.1805707,31.9801408],[35.1805761,31.9801378],[35.1805808,31.9801343],[35.1805848,31.9801301],[35.1805881,31.9801254],[35.1805882,31.9801148],[35.1805901,31.9801043],[35.1805938,31.9800942],[35.1805992,31.9800847],[35.1806062,31.9800759],[35.1806147,31.9800681],[35.1806598,31.9800327],[35.1807099,31.9800025],[35.1807178,31.9799998],[35.1812049,31.9798282],[35.1812348,31.9798177],[35.1813773,31.9797551],[35.1815232,31.9796985],[35.1816677,31.9798488],[35.1818086,31.9800015],[35.181814,31.9800066],[35.1820423,31.9802223],[35.1820175,31.9802411],[35.1817593,31.9804366],[35.1815045,31.9806115],[35.1814963,31.9806171],[35.1812602,31.9808175],[35.1812434,31.9808341],[35.180937,31.9811356],[35.1808551,31.9812302],[35.1807503,31.9813355],[35.1806913,31.9813829],[35.1807406,31.9814668],[35.1808057,31.9815605],[35.1809379,31.9817794],[35.1810251,31.981949],[35.1813421,31.9824269],[35.1825544,31.9818145],[35.18259,31.9818047],[35.183276,31.9816166],[35.1838708,31.981864],[35.1838996,31.981876],[35.1839086,31.9818797],[35.1844174,31.9816931],[35.1844262,31.9817],[35.1844335,31.981708],[35.1844393,31.9817169],[35.1844433,31.9817265],[35.1844453,31.9817525],[35.1844419,31.9817784],[35.1844623,31.9818361],[35.1844748,31.9818953],[35.1844785,31.9819161],[35.1844854,31.9819363],[35.1844954,31.9819555],[35.1845083,31.9819735],[35.1845216,31.982014],[35.1845291,31.9820555],[35.1845307,31.9820976],[35.1845302,31.9821106],[35.1845277,31.9821234],[35.1845232,31.9821359],[35.1845167,31.9821477],[35.1845258,31.9822043],[35.1845275,31.9822202],[35.1845318,31.9822358],[35.1845387,31.9822506],[35.184548,31.9822645],[35.1845879,31.9822538],[35.1846334,31.9822603],[35.1846915,31.9822592],[35.1847244,31.9822729],[35.1847818,31.9822723],[35.1848427,31.982261],[35.1848623,31.9822705],[35.1849001,31.9822747],[35.1849127,31.9822789],[35.1849735,31.9822902],[35.1849933,31.9822938],[35.1850135,31.9822945],[35.1850335,31.9822923],[35.1850528,31.9822872],[35.1850708,31.9822795],[35.185061,31.9822461],[35.1850647,31.9822341],[35.1850662,31.9822218],[35.1850656,31.9822095],[35.1850628,31.9821973],[35.1850578,31.9821857],[35.1850509,31.9821748],[35.1850422,31.982165],[35.1850436,31.9821393],[35.1850485,31.9821139],[35.1850569,31.9820892],[35.1850457,31.9820494],[35.1850408,31.9820087],[35.1850483,31.981969],[35.1850492,31.9819287],[35.1850446,31.9819278],[35.1850402,31.9819261],[35.1850362,31.9819238],[35.1850327,31.981921],[35.1850299,31.9819177],[35.1850277,31.981914],[35.1850263,31.9819101],[35.1850258,31.9819061],[35.1850261,31.981902],[35.1850271,31.981898],[35.185029,31.9818942],[35.1850316,31.9818908],[35.1850348,31.9818878],[35.1850387,31.9818853],[35.1850429,31.9818834],[35.1851227,31.9818733],[35.1851822,31.9818453],[35.185227,31.9818303],[35.1853124,31.9818471],[35.1853908,31.9818483],[35.1853954,31.9818566],[35.1854089,31.9818805],[35.1854313,31.9818829],[35.1854488,31.9818871],[35.1854922,31.9819133],[35.1855461,31.9819402],[35.1855888,31.9819455],[35.1856112,31.9819408],[35.185656,31.9819366],[35.1857225,31.9819061],[35.1858023,31.9819169],[35.1858666,31.9819455],[35.1859128,31.9820422],[35.1859254,31.9820684],[35.1859198,31.982078],[35.1859044,31.982103],[35.1859086,31.9821233],[35.1859044,31.9821496],[35.185903,31.9821734],[35.185938,31.9821842],[35.1859464,31.9821985],[35.185966,31.9822462],[35.1859772,31.982282],[35.1860191,31.9823059],[35.1860317,31.9823214],[35.186037,31.9823548],[35.1854776,31.9826854],[35.1854855,31.9827106],[35.1857697,31.9836203],[35.1856353,31.9838636],[35.1855714,31.9840154],[35.1859661,31.9843819],[35.1863725,31.9848444],[35.1863556,31.9848592],[35.1866856,31.9851206],[35.1869777,31.9853393],[35.1869351,31.9853601],[35.1868864,31.9853871],[35.1868114,31.9854246],[35.1867399,31.9854667],[35.1866723,31.9855134],[35.186609,31.9855642],[35.1865504,31.985619],[35.1865163,31.9856558],[35.1864892,31.9856967],[35.1864697,31.9857406],[35.1863857,31.9860183],[35.1863983,31.9860549],[35.1864713,31.986266],[35.1865099,31.9862789],[35.1872356,31.9860886],[35.1873599,31.9863206],[35.187459,31.986458],[35.187516,31.9866241],[35.1876033,31.9869577],[35.1877074,31.9871567],[35.1879963,31.9875046]]]}},{"type":"Feature","properties":{"b":6,"name":"وادي عياش","name_en":"Wade A'ash","bid":277,"area":895949,"parcels":221,"buildings":228,"built":32412},"geometry":{"type":"Polygon","coordinates":[[[35.18259,31.9818047],[35.1825544,31.9818145],[35.1813421,31.9824269],[35.1810251,31.981949],[35.1809379,31.9817794],[35.1808057,31.9815605],[35.1807406,31.9814668],[35.1806913,31.9813829],[35.1807503,31.9813355],[35.1808551,31.9812302],[35.180937,31.9811356],[35.1812434,31.9808341],[35.1812602,31.9808175],[35.1814963,31.9806171],[35.1815045,31.9806115],[35.1817593,31.9804366],[35.1820175,31.9802411],[35.1820423,31.9802223],[35.181814,31.9800066],[35.1818086,31.9800015],[35.1816677,31.9798488],[35.1815232,31.9796985],[35.1813773,31.9797551],[35.1812348,31.9798177],[35.1812049,31.9798282],[35.1807178,31.9799998],[35.1807099,31.9800025],[35.1806598,31.9800327],[35.1806147,31.9800681],[35.1806062,31.9800759],[35.1805992,31.9800847],[35.1805938,31.9800942],[35.1805901,31.9801043],[35.1805882,31.9801148],[35.1805881,31.9801254],[35.1805848,31.9801301],[35.1805808,31.9801343],[35.1805761,31.9801378],[35.1805707,31.9801408],[35.1805649,31.9801429],[35.1805587,31.9801443],[35.1805524,31.9801448],[35.1805461,31.9801445],[35.1805202,31.9801596],[35.1804977,31.980178],[35.1804789,31.9801993],[35.1804311,31.980221],[35.180381,31.9802384],[35.1803291,31.9802515],[35.1802759,31.9802602],[35.1802237,31.9803025],[35.1801665,31.98034],[35.1801051,31.9803723],[35.1800855,31.9803925],[35.1799793,31.9804287],[35.1799735,31.9804307],[35.179674,31.9805559],[35.1794373,31.980841],[35.1791896,31.9808648],[35.1786829,31.98102],[35.1786758,31.9810222],[35.1785135,31.9810675],[35.178652,31.9812572],[35.1781923,31.9814172],[35.1780591,31.9812931],[35.1778015,31.9813799],[35.1777832,31.9813879],[35.177769,31.9813942],[35.1773748,31.9815669],[35.1773469,31.9813034],[35.177355,31.9812596],[35.1773696,31.9812171],[35.1773906,31.9811765],[35.1773997,31.9811359],[35.1774038,31.9810947],[35.1774029,31.9810534],[35.1773859,31.9810198],[35.1773738,31.9809848],[35.1773667,31.9809487],[35.1773649,31.9809121],[35.1774132,31.9807356],[35.1774658,31.98056],[35.1772739,31.9801986],[35.1770842,31.9798365],[35.1770934,31.9797272],[35.1770999,31.9796179],[35.1767561,31.9797346],[35.1764112,31.9798487],[35.1763351,31.9797847],[35.1758938,31.9800882],[35.1753787,31.9799697],[35.1752501,31.9797158],[35.1750964,31.9794336],[35.1753159,31.9793287],[35.1752499,31.9791044],[35.1751413,31.9788333],[35.1753362,31.9787083],[35.1754516,31.9785089],[35.1756768,31.9782102],[35.1756673,31.9781935],[35.1755626,31.9780078],[35.1753847,31.9777845],[35.1753804,31.9777809],[35.1752022,31.9776326],[35.1752731,31.9775359],[35.1753974,31.9774959],[35.1754366,31.9774472],[35.1755195,31.9773785],[35.1756338,31.9773213],[35.175767,31.977191],[35.1757891,31.9771694],[35.1757928,31.9771657],[35.1759835,31.9769596],[35.1761011,31.9768616],[35.1761742,31.9767864],[35.1762453,31.9767447],[35.1762741,31.9767278],[35.1763416,31.9766677],[35.1763489,31.9766612],[35.1764715,31.9765746],[35.176478,31.9765678],[35.1764951,31.9765496],[35.1765501,31.9765],[35.1767193,31.9764252],[35.1768827,31.9763032],[35.1769023,31.9762781],[35.1769566,31.9762087],[35.1770919,31.9759937],[35.1770985,31.9759795],[35.1772423,31.9756726],[35.1773779,31.9756272],[35.1776051,31.9755779],[35.1776989,31.9755333],[35.1777603,31.9755049],[35.1777681,31.9754979],[35.1778809,31.9753975],[35.1779264,31.9753575],[35.177943,31.9753471],[35.1780314,31.975292],[35.1783279,31.975034],[35.1784096,31.974941],[35.1784686,31.9749066],[35.1785816,31.9748688],[35.17871,31.9748452],[35.1787772,31.9748495],[35.1790283,31.9748804],[35.1790972,31.974879],[35.1792836,31.9748375],[35.1793147,31.9748346],[35.1793273,31.9747818],[35.179328,31.9747789],[35.1793909,31.974786],[35.1794526,31.9747982],[35.1795128,31.9748152],[35.1795133,31.9748155],[35.1795625,31.9748405],[35.1796154,31.9748607],[35.1796706,31.9748754],[35.1796737,31.9748754],[35.1797071,31.9748752],[35.1797432,31.9748797],[35.1797781,31.9748888],[35.1797905,31.9748981],[35.1798009,31.974909],[35.1798091,31.9749212],[35.1798149,31.9749344],[35.179818,31.9749482],[35.1798184,31.9749623],[35.1798341,31.9749918],[35.1802943,31.9749604],[35.1803614,31.9750797],[35.1804046,31.9751018],[35.18045,31.9751201],[35.1804974,31.9751344],[35.1805462,31.9751447],[35.1805684,31.9751494],[35.1805992,31.9751519],[35.1806301,31.9751498],[35.1806601,31.9751434],[35.1806884,31.9751327],[35.1807141,31.975118],[35.1807898,31.9750423],[35.1808676,31.9749682],[35.1808711,31.9749652],[35.1809124,31.9749296],[35.1809615,31.9748949],[35.1810143,31.9748644],[35.1810703,31.9748384],[35.1811873,31.9747884],[35.1813005,31.9747323],[35.1814096,31.9746705],[35.1814988,31.9746246],[35.1815854,31.9745751],[35.1815859,31.9745748],[35.1817144,31.974507],[35.1818452,31.9744415],[35.1819093,31.9743902],[35.1819785,31.9743439],[35.1820524,31.9743032],[35.182095,31.9742825],[35.1821348,31.9742579],[35.1821711,31.9742297],[35.1822471,31.9741744],[35.1823273,31.9741237],[35.1824115,31.9740778],[35.1824992,31.974037],[35.1825329,31.9740218],[35.1825372,31.9740198],[35.1825622,31.9740067],[35.1826287,31.9739716],[35.1827164,31.9739187],[35.18277,31.9738788],[35.1828251,31.9738404],[35.1828757,31.9738209],[35.1829287,31.9738081],[35.1829762,31.9737803],[35.1831397,31.9736515],[35.1832226,31.9736324],[35.1832777,31.9735871],[35.1833379,31.9735468],[35.1834027,31.9735119],[35.1834712,31.9734827],[35.1835429,31.9734597],[35.1836012,31.9734452],[35.1836565,31.9734239],[35.1837079,31.9733963],[35.1837543,31.9733628],[35.1837948,31.9733242],[35.1838429,31.9733094],[35.183888,31.9732889],[35.1839292,31.9732632],[35.1839467,31.9732567],[35.1839651,31.9732523],[35.183984,31.97325],[35.1840026,31.9732498],[35.1840031,31.9732498],[35.1840262,31.9732418],[35.1840476,31.973231],[35.1840668,31.9732175],[35.1840835,31.9732017],[35.1840971,31.973184],[35.1841017,31.973169],[35.1841087,31.9731548],[35.1841182,31.9731417],[35.1841299,31.9731299],[35.1841435,31.9731198],[35.1841587,31.9731115],[35.1841953,31.9730722],[35.1842353,31.9730356],[35.1842786,31.9730017],[35.1842959,31.972968],[35.1843086,31.9729329],[35.1843167,31.9728967],[35.1843248,31.9728432],[35.1843402,31.9727907],[35.1843624,31.9727407],[35.1843626,31.9727402],[35.1844578,31.9725913],[35.1844903,31.9725121],[35.1844942,31.97249],[35.1845024,31.9724688],[35.1845149,31.9724491],[35.1845312,31.9724316],[35.1845508,31.9724167],[35.1845569,31.9724128],[35.1845622,31.9724081],[35.1845666,31.9724028],[35.1845699,31.9723969],[35.1845721,31.9723907],[35.1845732,31.9723843],[35.1846015,31.9723447],[35.1846359,31.9723089],[35.1846431,31.9722863],[35.1846539,31.9722649],[35.1846684,31.972245],[35.184686,31.9722271],[35.1847065,31.9722115],[35.1847378,31.9721857],[35.1847382,31.9721853],[35.1847963,31.972108],[35.1849196,31.9719439],[35.1850548,31.971764],[35.1850582,31.9717593],[35.1851869,31.9715855],[35.1851893,31.9715828],[35.1853056,31.971449],[35.1853095,31.9714462],[35.1853717,31.9714004],[35.1854354,31.9714389],[35.1854943,31.9714826],[35.1855479,31.971531],[35.1855861,31.9715731],[35.1855956,31.9715837],[35.1856009,31.971587],[35.1856055,31.971591],[35.1856094,31.9715955],[35.1856125,31.9716004],[35.1856147,31.9716057],[35.185616,31.9716112],[35.1856163,31.9716178],[35.1856153,31.9716244],[35.1856129,31.9716307],[35.1856093,31.9716366],[35.1856046,31.9716419],[35.1856642,31.9718691],[35.185665,31.9718719],[35.1857254,31.9721315],[35.1857165,31.9721611],[35.1856593,31.972351],[35.1856626,31.9725667],[35.1856637,31.9727404],[35.1856547,31.9729437],[35.1856542,31.9729519],[35.1856389,31.973209],[35.1857207,31.9732253],[35.1864182,31.973212],[35.1864187,31.973212],[35.1867899,31.9732254],[35.1868269,31.9732102],[35.187008,31.973219],[35.1871886,31.9732341],[35.1871891,31.9732341],[35.1872464,31.9732315],[35.1873044,31.9732325],[35.1873621,31.973237],[35.1873991,31.9732418],[35.18743,31.97325],[35.1874349,31.9732513],[35.1875128,31.9732602],[35.1875894,31.9732752],[35.1876712,31.9732857],[35.1877519,31.973301],[35.1878312,31.973321],[35.1878313,31.9733214],[35.1878373,31.9733452],[35.1878384,31.97337],[35.1878346,31.9733945],[35.1878255,31.9734751],[35.1878225,31.973556],[35.1878256,31.9736369],[35.1878158,31.9737429],[35.1878118,31.9738492],[35.1878135,31.9739555],[35.187821,31.9740616],[35.1878231,31.9741072],[35.1878212,31.9741528],[35.1878154,31.9741981],[35.1878167,31.9742387],[35.1878229,31.9742789],[35.1878341,31.9743183],[35.1878501,31.9743566],[35.1878491,31.9744252],[35.1878546,31.9744938],[35.1878665,31.9745617],[35.1878847,31.9746286],[35.1880118,31.974448],[35.1881321,31.9742641],[35.1882454,31.974077],[35.1883158,31.974149],[35.1883237,31.9741571],[35.1885331,31.974375],[35.188542,31.9743843],[35.188695,31.9745357],[35.1886954,31.9745361],[35.1887245,31.9745657],[35.1885308,31.9746783],[35.1886898,31.9747489],[35.1887202,31.9747513],[35.1887506,31.9747497],[35.1887805,31.9747442],[35.1887989,31.9747512],[35.1888185,31.9747555],[35.1888387,31.974757],[35.1888588,31.9747556],[35.1888764,31.9747562],[35.1888938,31.974759],[35.1889104,31.9747639],[35.188926,31.9747709],[35.1889809,31.9747709],[35.1890356,31.9747665],[35.1890895,31.9747576],[35.1891263,31.9747538],[35.1891354,31.9747528],[35.1892955,31.9747509],[35.1892722,31.9747743],[35.189188,31.9748588],[35.1896168,31.975147],[35.189544,31.9752482],[35.1892924,31.9752188],[35.1892816,31.9752175],[35.1892255,31.9753246],[35.1892233,31.9753287],[35.1892179,31.9755286],[35.1892177,31.9755372],[35.188921,31.975471],[35.1889053,31.9754675],[35.1889267,31.9757359],[35.1889268,31.9757371],[35.1889016,31.9758116],[35.1888995,31.9758878],[35.1888646,31.9759737],[35.1888332,31.9761104],[35.1888325,31.9761134],[35.1888318,31.9761162],[35.1888249,31.9761198],[35.1887521,31.9761587],[35.1885337,31.9761834],[35.1885059,31.9761721],[35.1884993,31.9761694],[35.1883307,31.9765053],[35.1883254,31.9765159],[35.1884893,31.9765164],[35.1883568,31.9767742],[35.1883532,31.9767812],[35.188353,31.9767816],[35.1881458,31.977185],[35.1881454,31.9771858],[35.1881407,31.9771949],[35.1880869,31.977363],[35.188435,31.9775653],[35.1881159,31.977908],[35.18737,31.9786781],[35.1877998,31.9788987],[35.1873249,31.9791623],[35.1870479,31.97901],[35.1867989,31.9792278],[35.1873788,31.9795094],[35.1872637,31.9796488],[35.1869699,31.9799937],[35.1871671,31.9800438],[35.1871545,31.980081],[35.1870318,31.9805048],[35.1870159,31.9805063],[35.1869871,31.9806856],[35.1869719,31.9807558],[35.186964,31.9807924],[35.1867778,31.9809451],[35.186762,31.9809404],[35.1867472,31.9809338],[35.1867337,31.9809254],[35.1866998,31.9809287],[35.1866656,31.9809274],[35.1866321,31.9809217],[35.1866001,31.9809116],[35.1865861,31.9809129],[35.1865725,31.9809162],[35.1865598,31.9809214],[35.1865483,31.9809283],[35.1865133,31.9809325],[35.1864963,31.9809452],[35.1864819,31.9809602],[35.1864708,31.9809769],[35.186463,31.9809951],[35.186459,31.981014],[35.1864587,31.9810333],[35.1864627,31.9810532],[35.1864626,31.9810733],[35.1864586,31.9810932],[35.1864506,31.9811122],[35.186439,31.9811298],[35.186424,31.9811454],[35.1864062,31.9811586],[35.1863847,31.9811851],[35.1863678,31.9812139],[35.1863558,31.9812445],[35.1863477,31.9812564],[35.1863421,31.9812692],[35.186339,31.9812827],[35.1863387,31.9812965],[35.186341,31.9813101],[35.1863553,31.981373],[35.1863641,31.9814365],[35.1863523,31.981452],[35.186338,31.9814659],[35.1863215,31.9814779],[35.1863032,31.9814878],[35.1862798,31.9815044],[35.1862592,31.9815234],[35.1862486,31.9815361],[35.1862416,31.9815445],[35.1861858,31.9815608],[35.1861328,31.9815831],[35.1860836,31.9816108],[35.1860389,31.9816437],[35.1860289,31.9816519],[35.1860053,31.9816712],[35.1858835,31.9817296],[35.1858471,31.9817606],[35.1857897,31.9817916],[35.1857715,31.9818131],[35.1857743,31.9818477],[35.1857701,31.9818751],[35.1857225,31.9819061],[35.185656,31.9819366],[35.1856112,31.9819408],[35.1855888,31.9819455],[35.1855461,31.9819402],[35.1854922,31.9819133],[35.1854488,31.9818871],[35.1854313,31.9818829],[35.1854089,31.9818805],[35.1853954,31.9818566],[35.1853908,31.9818483],[35.1853124,31.9818471],[35.185227,31.9818303],[35.1851822,31.9818453],[35.1851227,31.9818733],[35.1850429,31.9818834],[35.1850387,31.9818853],[35.1850348,31.9818878],[35.1850316,31.9818908],[35.185029,31.9818942],[35.1850271,31.981898],[35.1850261,31.981902],[35.1850258,31.9819061],[35.1850263,31.9819101],[35.1850277,31.981914],[35.1850299,31.9819177],[35.1850327,31.981921],[35.1850362,31.9819238],[35.1850402,31.9819261],[35.1850446,31.9819278],[35.1850492,31.9819287],[35.1850483,31.981969],[35.1850408,31.9820087],[35.1850457,31.9820494],[35.1850569,31.9820892],[35.1850485,31.9821139],[35.1850436,31.9821393],[35.1850422,31.982165],[35.1850509,31.9821748],[35.1850578,31.9821857],[35.1850628,31.9821973],[35.1850656,31.9822095],[35.1850662,31.9822218],[35.1850647,31.9822341],[35.185061,31.9822461],[35.1850708,31.9822795],[35.1850528,31.9822872],[35.1850335,31.9822923],[35.1850135,31.9822945],[35.1849933,31.9822938],[35.1849735,31.9822902],[35.1849127,31.9822789],[35.1849001,31.9822747],[35.1848623,31.9822705],[35.1848427,31.982261],[35.1847818,31.9822723],[35.1847244,31.9822729],[35.1846915,31.9822592],[35.1846334,31.9822603],[35.1845879,31.9822538],[35.184548,31.9822645],[35.1845387,31.9822506],[35.1845318,31.9822358],[35.1845275,31.9822202],[35.1845258,31.9822043],[35.1845167,31.9821477],[35.1845232,31.9821359],[35.1845277,31.9821234],[35.1845302,31.9821106],[35.1845307,31.9820976],[35.1845291,31.9820555],[35.1845216,31.982014],[35.1845083,31.9819735],[35.1844954,31.9819555],[35.1844854,31.9819363],[35.1844785,31.9819161],[35.1844748,31.9818953],[35.1844623,31.9818361],[35.1844419,31.9817784],[35.1844453,31.9817525],[35.1844433,31.9817265],[35.1844393,31.9817169],[35.1844335,31.981708],[35.1844262,31.9817],[35.1844174,31.9816931],[35.1839086,31.9818797],[35.1838996,31.981876],[35.1838708,31.981864],[35.183276,31.9816166],[35.18259,31.9818047]]]}},{"type":"Feature","properties":{"b":7,"name":"الراس","name_en":"ElRas","bid":278,"area":830957,"parcels":207,"buildings":72,"built":11784},"geometry":{"type":"Polygon","coordinates":[[[35.1954642,31.9878553],[35.1953723,31.9879221],[35.1953421,31.9879402],[35.1953443,31.9879822],[35.195276,31.9880108],[35.1951495,31.9880776],[35.1950845,31.988113],[35.1949949,31.9881483],[35.194846,31.9882036],[35.1948371,31.9882019],[35.1948248,31.9881996],[35.1946321,31.9881626],[35.1946509,31.9880592],[35.194679,31.9879044],[35.194686,31.9878621],[35.1946885,31.9878462],[35.1947018,31.9877656],[35.1947044,31.9877492],[35.1947095,31.9877183],[35.1947214,31.9876457],[35.194759,31.9873865],[35.1947926,31.9872663],[35.1948318,31.9871473],[35.1948767,31.9870298],[35.1948977,31.9869725],[35.194925,31.986917],[35.1949582,31.986864],[35.1949971,31.9868139],[35.1951625,31.9865977],[35.1953217,31.9863782],[35.1954745,31.9861554],[35.1955388,31.9860405],[35.1956093,31.9859283],[35.1956859,31.985819],[35.1956916,31.98581],[35.1957047,31.9857893],[35.1957437,31.9857278],[35.1957952,31.985634],[35.1958402,31.9855378],[35.1958786,31.9854395],[35.1959103,31.9853394],[35.1959307,31.9852559],[35.1959351,31.985238],[35.196023,31.9848924],[35.1961073,31.9845461],[35.196112,31.9845193],[35.1961219,31.9844936],[35.1961367,31.9844697],[35.1962154,31.9841931],[35.196321,31.9839669],[35.196324,31.9839642],[35.1963275,31.983962],[35.1963313,31.9839603],[35.1963455,31.9839114],[35.1963647,31.9838639],[35.196389,31.983818],[35.1964181,31.9837742],[35.1964861,31.9836478],[35.1965613,31.9835245],[35.1966435,31.9834044],[35.1966934,31.9833488],[35.1967471,31.9832958],[35.1968703,31.9831813],[35.1969155,31.9831295],[35.1969575,31.9830757],[35.1969963,31.9830202],[35.1970996,31.9828786],[35.1971993,31.9827351],[35.1972553,31.9826437],[35.197317,31.982555],[35.1973844,31.9824693],[35.1974571,31.9823869],[35.197535,31.982308],[35.1976179,31.9822329],[35.1976444,31.9822066],[35.1977172,31.9821127],[35.1977844,31.9820158],[35.1977982,31.9819985],[35.1978087,31.9819796],[35.1978156,31.9819595],[35.197818,31.9819179],[35.1978224,31.9818576],[35.1978038,31.9818029],[35.1977451,31.9817248],[35.1977303,31.9816949],[35.1977173,31.9816686],[35.1973394,31.9812928],[35.1972314,31.9812149],[35.1971184,31.9811424],[35.1970055,31.9810784],[35.1970007,31.9810756],[35.1968243,31.9809849],[35.1967403,31.9809515],[35.1966154,31.9808994],[35.1966088,31.9808966],[35.1964856,31.9808441],[35.1963826,31.9808064],[35.1962775,31.980773],[35.1961707,31.9807439],[35.1959785,31.9806845],[35.1957886,31.9806198],[35.1956977,31.9805738],[35.1956109,31.9805224],[35.1955286,31.9804658],[35.1954513,31.9804043],[35.1953794,31.9803383],[35.1953132,31.980268],[35.1952531,31.9801939],[35.1951993,31.9801163],[35.1951704,31.980056],[35.1951378,31.979997],[35.1950959,31.9799013],[35.1950611,31.9798035],[35.1950335,31.979704],[35.1950132,31.9796033],[35.1950118,31.9795978],[35.1950093,31.9795927],[35.1950059,31.9795879],[35.1950015,31.9795837],[35.1949964,31.9795802],[35.1949908,31.9795774],[35.1949846,31.9795755],[35.1949782,31.9795745],[35.1949716,31.9795743],[35.1949651,31.9795752],[35.1949589,31.9795769],[35.1949531,31.9795794],[35.1949431,31.9795799],[35.1949333,31.9795817],[35.1949241,31.979585],[35.1949156,31.9795896],[35.1949082,31.9795953],[35.1949021,31.979602],[35.1948974,31.9796095],[35.1948943,31.9796176],[35.1948888,31.9796544],[35.1948873,31.9796916],[35.1948791,31.9797504],[35.1948761,31.9798096],[35.1948784,31.9798689],[35.1948858,31.9799278],[35.1948887,31.979974],[35.1948857,31.9800202],[35.1948767,31.9800658],[35.194862,31.9801103],[35.1948547,31.9801576],[35.1948532,31.9802052],[35.1948574,31.9802527],[35.1948674,31.9802996],[35.194883,31.9803453],[35.1948718,31.9804234],[35.1948536,31.9805004],[35.1948525,31.9805159],[35.1948483,31.980531],[35.194841,31.9805453],[35.194831,31.9805583],[35.1948186,31.9805696],[35.1947001,31.9806831],[35.1945862,31.9807999],[35.1944929,31.9808476],[35.1943972,31.9808918],[35.1942992,31.9809323],[35.1942225,31.9810076],[35.1941418,31.9810797],[35.1940724,31.9811361],[35.1940571,31.9811486],[35.1940385,31.9811599],[35.1939675,31.9812028],[35.1938808,31.9812602],[35.1938189,31.9813061],[35.1937606,31.9813553],[35.1937349,31.98138],[35.1937061,31.9814076],[35.1936843,31.9814339],[35.1936583,31.9814573],[35.1936287,31.9814773],[35.193596,31.9814935],[35.1935153,31.9815265],[35.1934368,31.9815633],[35.1933609,31.9816037],[35.1933209,31.9816378],[35.1932845,31.9816746],[35.1932518,31.981714],[35.1932231,31.9817555],[35.1930875,31.981834],[35.1929547,31.9819161],[35.192825,31.9820017],[35.1927184,31.9820482],[35.192615,31.9820997],[35.192572,31.9821276],[35.1925259,31.9821514],[35.192477,31.9821711],[35.1924261,31.9821863],[35.1923334,31.9822526],[35.1922362,31.9823139],[35.1921347,31.9823699],[35.1920293,31.9824205],[35.1919204,31.9824654],[35.1916004,31.9826222],[35.1913317,31.9827718],[35.1913106,31.9827252],[35.1913033,31.9825742],[35.1913026,31.982423],[35.1913084,31.9822719],[35.1907945,31.9819912],[35.1907441,31.9819584],[35.1906906,31.9819294],[35.1906702,31.9819203],[35.1906344,31.9819043],[35.1906647,31.9818626],[35.1906987,31.9818231],[35.1907152,31.9818068],[35.1907363,31.981786],[35.1907236,31.9817553],[35.1907049,31.9817269],[35.190681,31.9817016],[35.1906523,31.9816801],[35.1906432,31.9816752],[35.1906351,31.9816692],[35.1906283,31.9816621],[35.1906229,31.9816542],[35.1906191,31.9816457],[35.1906169,31.9816367],[35.1906165,31.9816276],[35.1905747,31.9815905],[35.1905359,31.9815512],[35.1904956,31.9815243],[35.1904592,31.9814937],[35.1904273,31.9814596],[35.190401,31.9814426],[35.1903723,31.9814289],[35.1903417,31.9814186],[35.1903097,31.9814118],[35.1900454,31.9816619],[35.1897834,31.9814519],[35.1897436,31.9814758],[35.1895176,31.9813151],[35.1894789,31.9812877],[35.1892919,31.9811674],[35.1892607,31.9812061],[35.189255,31.9812132],[35.189153,31.9813726],[35.1890142,31.9813],[35.1888014,31.9811921],[35.1888451,31.9811444],[35.1888248,31.9811339],[35.1887544,31.9810976],[35.1887295,31.9810841],[35.1885148,31.9809678],[35.1884849,31.9810262],[35.1884606,31.9810865],[35.188442,31.9811482],[35.1882091,31.9810737],[35.1881922,31.9810247],[35.1881835,31.9809741],[35.1881832,31.980923],[35.1881912,31.9808723],[35.1882148,31.9806051],[35.1879688,31.9805256],[35.1879606,31.980523],[35.1879464,31.9805189],[35.1879317,31.9805169],[35.1879167,31.9805168],[35.1879019,31.9805188],[35.1878877,31.9805228],[35.1878744,31.9805287],[35.1878341,31.980565],[35.1878254,31.9805989],[35.1878209,31.9806333],[35.1878206,31.980668],[35.1878021,31.9806666],[35.187784,31.9806627],[35.1877668,31.9806565],[35.1877509,31.9806483],[35.1877366,31.980638],[35.1877243,31.980626],[35.187683,31.9805869],[35.1876455,31.9805451],[35.1876122,31.9805007],[35.1875833,31.9804542],[35.1874724,31.9803301],[35.1871545,31.980081],[35.1871671,31.9800438],[35.1869699,31.9799937],[35.1872637,31.9796488],[35.1873788,31.9795094],[35.1867989,31.9792278],[35.1870479,31.97901],[35.1873249,31.9791623],[35.1877998,31.9788987],[35.18737,31.9786781],[35.1881159,31.977908],[35.188435,31.9775653],[35.1880869,31.977363],[35.1881407,31.9771949],[35.1881454,31.9771858],[35.1881458,31.977185],[35.188353,31.9767816],[35.1883532,31.9767812],[35.1883568,31.9767742],[35.1884893,31.9765164],[35.1883254,31.9765159],[35.1883307,31.9765053],[35.1884993,31.9761694],[35.1885059,31.9761721],[35.1885337,31.9761834],[35.1887521,31.9761587],[35.1888249,31.9761198],[35.1888318,31.9761162],[35.1888325,31.9761134],[35.1888332,31.9761104],[35.1888646,31.9759737],[35.1888995,31.9758878],[35.1889016,31.9758116],[35.1889268,31.9757371],[35.1889267,31.9757359],[35.1889053,31.9754675],[35.188921,31.975471],[35.1892177,31.9755372],[35.1892179,31.9755286],[35.1892233,31.9753287],[35.1892255,31.9753246],[35.1892816,31.9752175],[35.1892924,31.9752188],[35.189544,31.9752482],[35.1902038,31.9753621],[35.1902385,31.9753681],[35.1902385,31.9754168],[35.1907558,31.9754283],[35.1908061,31.9754278],[35.190856,31.975422],[35.1908964,31.975413],[35.1909047,31.9754111],[35.190971,31.9754144],[35.1910368,31.9754226],[35.1910372,31.9754226],[35.1916963,31.9754103],[35.1917124,31.9754377],[35.1917176,31.9754465],[35.1917299,31.9754819],[35.1919337,31.9754666],[35.1919378,31.975466],[35.1921901,31.9754323],[35.1921984,31.975431],[35.19232,31.9754132],[35.1924264,31.9754008],[35.1924695,31.9753984],[35.1926851,31.9753865],[35.1926943,31.9753863],[35.1927035,31.9753872],[35.1927124,31.9753894],[35.1927209,31.9753927],[35.1927287,31.975397],[35.1927453,31.975404],[35.192763,31.9754087],[35.1927813,31.9754108],[35.1927998,31.9754105],[35.192818,31.9754076],[35.1928355,31.9754022],[35.1928517,31.9753946],[35.1928662,31.9753848],[35.1928787,31.9753732],[35.1928823,31.9753636],[35.1928877,31.9753547],[35.1928948,31.9753466],[35.1929033,31.9753397],[35.1929131,31.9753342],[35.1929239,31.9753301],[35.1929353,31.9753276],[35.192947,31.9753267],[35.1929587,31.9753276],[35.1929702,31.9753301],[35.1929809,31.9753342],[35.1929907,31.9753398],[35.1930059,31.9753576],[35.1930243,31.975373],[35.1930455,31.9753856],[35.193049,31.975385],[35.1930959,31.9753775],[35.1931447,31.9753641],[35.1931911,31.9753455],[35.1932303,31.9753322],[35.1933933,31.9752784],[35.1934039,31.9752749],[35.1934103,31.975273],[35.1937499,31.9751709],[35.1937608,31.9751684],[35.1940312,31.9751066],[35.1940376,31.9751051],[35.1940539,31.9751025],[35.1943456,31.9750574],[35.194696,31.974981],[35.1948875,31.9749286],[35.1948908,31.9749637],[35.1949,31.9750601],[35.1949065,31.975192],[35.1949116,31.9752506],[35.1949097,31.9753093],[35.1949009,31.9753676],[35.1949024,31.9754527],[35.1948992,31.9755628],[35.1948903,31.9756726],[35.1948756,31.975782],[35.1948552,31.9758907],[35.1948292,31.9759985],[35.1947919,31.9761218],[35.1947604,31.9762462],[35.1947346,31.9763716],[35.1947147,31.9764978],[35.1947006,31.9766246],[35.1946954,31.9767057],[35.1946976,31.976787],[35.1947073,31.9768679],[35.1947244,31.9769479],[35.1947384,31.9770588],[35.1949077,31.9770409],[35.1949917,31.9769861],[35.1951009,31.9769383],[35.1952324,31.9768799],[35.1952806,31.976888],[35.1953297,31.9768906],[35.1953786,31.9768877],[35.1954268,31.9768793],[35.1954732,31.9768656],[35.1955661,31.9768212],[35.1956356,31.9767881],[35.1960232,31.9768203],[35.1960233,31.9768207],[35.1960722,31.9771019],[35.1960834,31.977245],[35.1961394,31.9773142],[35.1963939,31.9772918],[35.1963969,31.9772916],[35.1964277,31.977523],[35.1964283,31.9775313],[35.1964325,31.9775921],[35.1964444,31.9776606],[35.196463,31.9777279],[35.1964884,31.9777936],[35.1965607,31.9779008],[35.1965958,31.9779511],[35.196601,31.9779567],[35.1966634,31.9780236],[35.1966711,31.9780312],[35.1967343,31.9780936],[35.1968086,31.9781611],[35.1969995,31.9782916],[35.1971926,31.9784198],[35.1974519,31.9785125],[35.1977135,31.9786006],[35.1979772,31.9786839],[35.1982429,31.9787625],[35.1983094,31.9788025],[35.1983335,31.978817],[35.198428,31.9788664],[35.1985262,31.9789104],[35.1985603,31.9789269],[35.1990626,31.9791691],[35.1995418,31.9794001],[35.1995444,31.9794033],[35.1995921,31.9794608],[35.1996368,31.9795247],[35.1996755,31.9795913],[35.1997081,31.9796603],[35.1997343,31.9797313],[35.1997448,31.9797879],[35.1997512,31.9798226],[35.1997609,31.9799147],[35.1997633,31.9800071],[35.1997586,31.9800994],[35.1997466,31.9801913],[35.1997401,31.9802238],[35.1997339,31.9802553],[35.1997157,31.9803184],[35.1996923,31.9803802],[35.1996637,31.9804404],[35.1996399,31.9805034],[35.1996333,31.9805239],[35.1996238,31.980555],[35.1996207,31.980565],[35.1996077,31.9806165],[35.1996019,31.9806413],[35.1995887,31.9807181],[35.199575,31.9808292],[35.1995671,31.9809406],[35.1995652,31.9810522],[35.1995603,31.9811175],[35.1995623,31.981183],[35.199571,31.981248],[35.1995865,31.9813121],[35.1996085,31.9813748],[35.1996369,31.9814356],[35.1996715,31.9814941],[35.1996823,31.9815093],[35.1996939,31.9815256],[35.1998442,31.981663],[35.1999988,31.981797],[35.2001575,31.9819274],[35.2002036,31.9819576],[35.2002451,31.9819922],[35.2002815,31.9820309],[35.2003121,31.982073],[35.2003366,31.9821179],[35.2003546,31.9821651],[35.2003785,31.9822779],[35.2003953,31.9823916],[35.2004049,31.982506],[35.2004073,31.9826206],[35.2004024,31.9827352],[35.2003904,31.9828494],[35.2003843,31.9828828],[35.2003243,31.9832159],[35.200276,31.98346],[35.2002312,31.9837045],[35.200136,31.9843596],[35.2001329,31.9843812],[35.2001091,31.9844695],[35.1999859,31.9848143],[35.1999537,31.9849383],[35.1998767,31.9852032],[35.1998207,31.9854036],[35.1997731,31.9855599],[35.1997143,31.9858033],[35.1996975,31.9859214],[35.1996513,31.986123],[35.199612,31.9864033],[35.199591,31.9866097],[35.1995784,31.9867219],[35.1995723,31.9867705],[35.1995616,31.9868185],[35.1995043,31.9869771],[35.1994543,31.9871374],[35.1994118,31.9872993],[35.1993918,31.987384],[35.1993787,31.9874696],[35.1993726,31.9875558],[35.1993649,31.987553],[35.1993579,31.9875492],[35.1993517,31.9875444],[35.1993466,31.9875387],[35.1993427,31.9875324],[35.1993401,31.9875257],[35.1993388,31.9875186],[35.1993041,31.9873659],[35.1992941,31.9873239],[35.1992694,31.9872285],[35.199228,31.9871321],[35.1991183,31.9868696],[35.1990999,31.9868238],[35.1990778,31.9867792],[35.1990522,31.986736],[35.1990001,31.986664],[35.1989447,31.9865938],[35.1989112,31.986561],[35.1988816,31.9865255],[35.1988563,31.9864878],[35.198826,31.9864191],[35.1987096,31.9864496],[35.198704,31.9865088],[35.1986984,31.9865813],[35.1986681,31.9866262],[35.1986614,31.9866606],[35.1986569,31.9866892],[35.1985819,31.986714],[35.1984934,31.9867159],[35.1984486,31.9867197],[35.1984117,31.9867302],[35.198377,31.9867388],[35.1982638,31.9867913],[35.198116,31.9868381],[35.1978954,31.9869192],[35.1978361,31.9869449],[35.1977733,31.9869927],[35.1976233,31.9871158],[35.197565,31.9871654],[35.1973803,31.9872637],[35.1974788,31.9873515],[35.1973802,31.9874307],[35.1972447,31.9875223],[35.1970633,31.987633],[35.1970502,31.9876423],[35.1970376,31.9876512],[35.1969524,31.9876674],[35.1969726,31.9876998],[35.1968785,31.9877389],[35.1967606,31.9877738],[35.1966434,31.9878105],[35.1965937,31.987801],[35.1965429,31.9877978],[35.1964922,31.987801],[35.1964292,31.9878023],[35.1963664,31.9878071],[35.196304,31.9878153],[35.1961927,31.9878453],[35.1960801,31.9878716],[35.1960129,31.9878803],[35.1959453,31.9878851],[35.1958774,31.9878859],[35.1957926,31.9879008],[35.1957524,31.9879063],[35.1957072,31.9879126],[35.1956916,31.9878984],[35.1956737,31.9878865],[35.1956538,31.987877],[35.1956324,31.9878703],[35.1956101,31.9878666],[35.1955873,31.9878658],[35.1955537,31.9878076],[35.1954642,31.9878553]]]}},{"type":"Feature","properties":{"b":8,"name":"وادي الحمام","name_en":"Wade ElHmam","bid":279,"area":457363,"parcels":287,"buildings":111,"built":13352},"geometry":{"type":"Polygon","coordinates":[[[35.2005211,31.9799833],[35.2005169,31.9799897],[35.2004459,31.9800991],[35.2003979,31.9801527],[35.2003563,31.9802318],[35.2002929,31.9802801],[35.2002013,31.9804284],[35.2000973,31.9806647],[35.1997401,31.9805826],[35.1996238,31.980555],[35.1996333,31.9805239],[35.1996399,31.9805034],[35.1996637,31.9804404],[35.1996923,31.9803802],[35.1997157,31.9803184],[35.1997339,31.9802553],[35.1997401,31.9802238],[35.1997466,31.9801913],[35.1997586,31.9800994],[35.1997633,31.9800071],[35.1997609,31.9799147],[35.1997512,31.9798226],[35.1997448,31.9797879],[35.1997343,31.9797313],[35.1997081,31.9796603],[35.1996755,31.9795913],[35.1996368,31.9795247],[35.1995921,31.9794608],[35.1995444,31.9794033],[35.1995418,31.9794001],[35.1990626,31.9791691],[35.1985603,31.9789269],[35.1985262,31.9789104],[35.198428,31.9788664],[35.1983335,31.978817],[35.1983094,31.9788025],[35.1982429,31.9787625],[35.1979772,31.9786839],[35.1977135,31.9786006],[35.1974519,31.9785125],[35.1971926,31.9784198],[35.1969995,31.9782916],[35.1968086,31.9781611],[35.1967343,31.9780936],[35.1966711,31.9780312],[35.1966634,31.9780236],[35.196601,31.9779567],[35.1965958,31.9779511],[35.1965607,31.9779008],[35.1964884,31.9777936],[35.196463,31.9777279],[35.1964444,31.9776606],[35.1964325,31.9775921],[35.1964283,31.9775313],[35.1965521,31.9775143],[35.1965528,31.9775142],[35.1969405,31.9774754],[35.1969501,31.9774738],[35.1971611,31.9774391],[35.1976424,31.9773556],[35.1976477,31.9773547],[35.1978487,31.9773098],[35.1978225,31.9771246],[35.1978216,31.9771183],[35.1978366,31.9769685],[35.197837,31.9769644],[35.1979272,31.9767621],[35.1979322,31.9767508],[35.1980415,31.9766171],[35.1980438,31.9766144],[35.1982059,31.9764329],[35.1982089,31.9764294],[35.19825,31.9763767],[35.1982987,31.976299],[35.1982989,31.9762987],[35.1984161,31.9761257],[35.198418,31.976123],[35.1986176,31.9758732],[35.1986197,31.9758706],[35.1987902,31.9757039],[35.1988985,31.9755958],[35.1989455,31.9754999],[35.1990539,31.9753589],[35.199056,31.9753555],[35.199248,31.9750544],[35.1992998,31.9749351],[35.1993274,31.974779],[35.1993506,31.9746287],[35.1993516,31.9746226],[35.1993616,31.9744848],[35.1993654,31.9744538],[35.1993784,31.9743475],[35.1994013,31.9742148],[35.199402,31.974211],[35.1994196,31.9741404],[35.199444,31.9740714],[35.1994845,31.9738856],[35.1994846,31.9738853],[35.1995129,31.9738079],[35.199547,31.9737323],[35.1995868,31.9736586],[35.1995904,31.9736032],[35.1995988,31.9735483],[35.1995997,31.9735445],[35.199612,31.973494],[35.1996139,31.9734911],[35.1996402,31.9734528],[35.1996618,31.9734088],[35.1996763,31.9733627],[35.1996894,31.9732568],[35.1997085,31.9731516],[35.1997086,31.973151],[35.1997131,31.9731007],[35.1997136,31.9730498],[35.19971,31.9729989],[35.1997246,31.972892],[35.199734,31.9728225],[35.1997394,31.972777],[35.1997548,31.9726457],[35.1997725,31.972541],[35.199773,31.9725384],[35.19978,31.9724501],[35.1997799,31.9724475],[35.1997786,31.9723943],[35.1997786,31.972394],[35.1997996,31.9722365],[35.1998008,31.9722275],[35.1998125,31.9721422],[35.1998181,31.9720474],[35.1998163,31.9719524],[35.1998073,31.9718578],[35.199791,31.9717638],[35.1997878,31.9717514],[35.1997674,31.971671],[35.1997616,31.9716533],[35.1997592,31.9716351],[35.1997604,31.9716168],[35.199765,31.9715988],[35.1997689,31.9715907],[35.1997995,31.9715172],[35.1997996,31.9715168],[35.19981,31.9714824],[35.1998101,31.9714814],[35.1998142,31.9714058],[35.1998021,31.971343],[35.1997958,31.9713099],[35.1997773,31.9712577],[35.1997714,31.9712129],[35.1997866,31.9711872],[35.1998054,31.9711553],[35.1999154,31.9710565],[35.2000889,31.9709406],[35.200235,31.9708669],[35.2003135,31.9708078],[35.2003572,31.970743],[35.2003588,31.9707405],[35.2003599,31.9707403],[35.2004378,31.9707239],[35.2004409,31.9707233],[35.2004575,31.9707198],[35.200505,31.9707227],[35.2005213,31.9707237],[35.2005587,31.9707826],[35.2005589,31.9707828],[35.2006478,31.9707459],[35.2006574,31.970742],[35.2007145,31.9708099],[35.2007434,31.9708443],[35.2008415,31.9709419],[35.2007922,31.9709915],[35.2008361,31.9710312],[35.2008952,31.9710841],[35.2010228,31.9711318],[35.2010532,31.9711503],[35.2010889,31.9711719],[35.2011252,31.9712016],[35.201174,31.9712416],[35.201218,31.9712776],[35.20123,31.9712874],[35.2012558,31.9712724],[35.2012787,31.9712543],[35.2012981,31.9712334],[35.2013137,31.9712103],[35.201325,31.9711855],[35.2013319,31.9711595],[35.2013106,31.971065],[35.2011326,31.970918],[35.2011897,31.9708236],[35.2013151,31.9706957],[35.2014035,31.9707119],[35.2014841,31.970731],[35.2017797,31.9707463],[35.2017873,31.9707338],[35.2018212,31.9706776],[35.2018281,31.9706785],[35.201941,31.9706947],[35.2019846,31.9707215],[35.2020188,31.9707263],[35.2020206,31.9707266],[35.2020518,31.970731],[35.20211,31.9707606],[35.2021571,31.9707663],[35.2021605,31.9707614],[35.2021677,31.9707514],[35.2021753,31.9707352],[35.2021796,31.9707181],[35.2021805,31.9707007],[35.202178,31.9706833],[35.2021722,31.9706666],[35.2021632,31.9706478],[35.202163,31.9706469],[35.2021579,31.970628],[35.2021571,31.9706185],[35.2021563,31.9706077],[35.2021585,31.9705875],[35.2021644,31.9705678],[35.2021739,31.9705492],[35.2021923,31.9705326],[35.2022134,31.9705186],[35.2022368,31.9705075],[35.2022619,31.9704995],[35.2022881,31.9704948],[35.2023875,31.9704569],[35.2024298,31.9704408],[35.2024483,31.9704169],[35.2026022,31.9702179],[35.2026044,31.9702152],[35.202626,31.9701967],[35.2026374,31.970187],[35.20264,31.9702014],[35.2026529,31.9702723],[35.2026592,31.9703073],[35.2026644,31.9703163],[35.2026712,31.9703246],[35.2026795,31.9703318],[35.202689,31.9703377],[35.2026995,31.9703423],[35.2027108,31.9703454],[35.2027225,31.9703469],[35.2027536,31.9703514],[35.2027838,31.9703595],[35.2028124,31.9703709],[35.2028389,31.9703855],[35.2028441,31.970392],[35.2028479,31.9703991],[35.2028503,31.9704067],[35.2028507,31.9704101],[35.2028512,31.9704145],[35.2028507,31.9704223],[35.2028521,31.9704647],[35.2028451,31.9705067],[35.2029694,31.9705225],[35.2029825,31.9705265],[35.2030433,31.9705449],[35.2030984,31.9705482],[35.20313,31.9705502],[35.2031304,31.9705503],[35.2031608,31.9705625],[35.2031899,31.9705774],[35.203232,31.9705878],[35.2032719,31.970603],[35.2033025,31.9706192],[35.2033702,31.9706767],[35.2034388,31.970735],[35.2034444,31.9707703],[35.2034108,31.970944],[35.2036051,31.9709708],[35.2036022,31.971004],[35.2035872,31.9711798],[35.2035765,31.9712437],[35.2036304,31.9712618],[35.2037091,31.9712882],[35.2038823,31.9712903],[35.2040132,31.9712919],[35.2040637,31.971305],[35.2041951,31.9713613],[35.2042012,31.9713636],[35.2042282,31.9713702],[35.2042682,31.9713799],[35.2043368,31.9713896],[35.2044064,31.9713925],[35.2044758,31.9713887],[35.204519,31.9713956],[35.2045629,31.9713971],[35.2046067,31.9713933],[35.2046493,31.9713843],[35.20469,31.9713701],[35.2046932,31.9713689],[35.2047565,31.9713464],[35.2048207,31.9713184],[35.2048823,31.9712863],[35.204883,31.9712863],[35.2049654,31.9712892],[35.2049661,31.9712892],[35.2051686,31.9712999],[35.205169,31.9713],[35.2053381,31.9713183],[35.2053601,31.9713207],[35.2053704,31.9713221],[35.2055952,31.9713529],[35.2056075,31.9713551],[35.2058085,31.9713922],[35.2058147,31.9713933],[35.2058493,31.9713992],[35.2060344,31.9714309],[35.2060407,31.9714334],[35.2063013,31.9715343],[35.2063256,31.9715436],[35.2063356,31.9715468],[35.2065601,31.971619],[35.2069553,31.9717358],[35.2069559,31.9717359],[35.2072762,31.9718522],[35.2073798,31.9718818],[35.2073831,31.9718827],[35.2074103,31.9718898],[35.2075509,31.9719263],[35.2076876,31.9719254],[35.2077944,31.9719515],[35.2079287,31.9719617],[35.2079291,31.9719617],[35.2082151,31.9719777],[35.2081976,31.9720214],[35.2082611,31.9720469],[35.2083275,31.9720662],[35.208396,31.9720793],[35.2084658,31.9720858],[35.208536,31.9720858],[35.2085541,31.9720916],[35.2084008,31.9721242],[35.2085487,31.9726378],[35.2085666,31.9726997],[35.2085683,31.9727081],[35.2086304,31.9730061],[35.207775,31.972966],[35.2075555,31.9729498],[35.2075454,31.9729412],[35.2075575,31.972866],[35.20756,31.9728505],[35.2074713,31.9728035],[35.2073789,31.9727619],[35.2072833,31.972726],[35.2071946,31.9726989],[35.2071849,31.9726959],[35.2068581,31.972643],[35.2067605,31.9726272],[35.2067482,31.9726538],[35.2067288,31.9726957],[35.2063855,31.9734366],[35.206411,31.9734523],[35.2064504,31.9734767],[35.2064935,31.9735097],[35.2066094,31.9735988],[35.2066135,31.9736616],[35.2066139,31.9736676],[35.2065366,31.9737315],[35.2064087,31.9738276],[35.2064045,31.9738308],[35.2062702,31.9739004],[35.2058548,31.9736628],[35.2056129,31.9738556],[35.2056293,31.9738712],[35.2057965,31.9740302],[35.2055088,31.9742116],[35.2051314,31.974307],[35.2051415,31.9743996],[35.2051139,31.9743991],[35.2049691,31.9743967],[35.2048504,31.9744015],[35.2045996,31.974432],[35.2046013,31.9744628],[35.2046119,31.9746544],[35.2044641,31.9746248],[35.2043432,31.974601],[35.2042788,31.9744277],[35.204257,31.9743691],[35.2042156,31.9745657],[35.2041381,31.9745673],[35.204061,31.9745744],[35.2039849,31.9745867],[35.2039059,31.9745915],[35.2038266,31.9745921],[35.2037475,31.9745886],[35.2036869,31.974586],[35.2036266,31.9745793],[35.2035672,31.9745685],[35.2035031,31.9745589],[35.2034632,31.9745548],[35.2034385,31.9745523],[35.2034104,31.974624],[35.2033887,31.9746973],[35.2033796,31.9747422],[35.2033735,31.9747718],[35.2031765,31.974831],[35.2033075,31.9750562],[35.203307,31.9750625],[35.2032873,31.975334],[35.2031586,31.9753378],[35.2031037,31.975354],[35.2031208,31.9754418],[35.203125,31.9754628],[35.2029066,31.9754733],[35.2028193,31.9751593],[35.2027118,31.9752022],[35.2026892,31.9752364],[35.2025875,31.9753903],[35.2017612,31.9756623],[35.2018899,31.9758531],[35.2023266,31.9757787],[35.2024354,31.9758461],[35.2024327,31.9760759],[35.2025396,31.9760764],[35.2024114,31.9763479],[35.2024064,31.9764845],[35.2024051,31.9765189],[35.2022381,31.9765117],[35.2021824,31.9764963],[35.201921,31.9764939],[35.2018714,31.9768493],[35.201779,31.9768448],[35.2017651,31.9768456],[35.2017024,31.9768492],[35.2016256,31.9768486],[35.201389,31.9768788],[35.2013782,31.9770073],[35.2015014,31.9770139],[35.2015388,31.9770321],[35.2015066,31.9771726],[35.2015494,31.9771825],[35.2015388,31.9772457],[35.2015757,31.9772698],[35.2015684,31.9773405],[35.2015675,31.9773485],[35.201545,31.9773773],[35.2015343,31.9773699],[35.2015024,31.9773477],[35.2014567,31.9773215],[35.2014318,31.97731],[35.2014084,31.9772991],[35.2013687,31.9772924],[35.2013283,31.9772903],[35.2012879,31.9772929],[35.2012483,31.9773],[35.2011864,31.9773142],[35.2011231,31.9773222],[35.201059,31.9773239],[35.2010138,31.9773184],[35.2009699,31.9773079],[35.2009483,31.9772999],[35.200928,31.9772924],[35.2008792,31.977278],[35.2008283,31.9772701],[35.2007767,31.9772688],[35.2007254,31.9772742],[35.2004904,31.9772977],[35.2002562,31.9773267],[35.2002448,31.9773304],[35.200233,31.9773326],[35.2002209,31.9773334],[35.2002087,31.9773327],[35.2001969,31.9773305],[35.2002316,31.9773847],[35.2002614,31.977441],[35.2002861,31.9774991],[35.2003055,31.9775586],[35.2003211,31.977592],[35.2003514,31.9778431],[35.200374,31.9779088],[35.2003816,31.9779309],[35.2004936,31.9779614],[35.2007108,31.9781141],[35.2008888,31.9782392],[35.2010276,31.9782182],[35.2010667,31.9784873],[35.2010475,31.9785379],[35.2010678,31.9788278],[35.2011126,31.9789661],[35.2011679,31.9790175],[35.2011514,31.9790563],[35.2011378,31.9790884],[35.201079,31.9791264],[35.2009299,31.9791248],[35.2009368,31.9791917],[35.200911,31.9791964],[35.2009992,31.9793002],[35.2010666,31.9794216],[35.2009971,31.9794362],[35.2010069,31.9794744],[35.201016,31.9795555],[35.2010132,31.9796509],[35.2010723,31.9796481],[35.2010502,31.9798151],[35.2010124,31.9799379],[35.2007111,31.979895],[35.2005491,31.979895],[35.2005211,31.9799833]]]}},{"type":"Feature","properties":{"b":9,"name":"الدلوب","name_en":"ElDaloob","bid":281,"area":625103,"parcels":269,"buildings":19,"built":2234},"geometry":{"type":"Polygon","coordinates":[[[35.2030453,31.9798315],[35.2030589,31.9798679],[35.2031339,31.9800722],[35.2031335,31.9800723],[35.202836,31.980179],[35.2026647,31.9802716],[35.2025886,31.9803003],[35.2023881,31.9803709],[35.2023717,31.9803743],[35.2022773,31.9803938],[35.2022666,31.9803963],[35.2018675,31.9804921],[35.2017656,31.9802325],[35.2017353,31.9801409],[35.2016928,31.9800588],[35.2016973,31.9800206],[35.2017062,31.9799834],[35.2017063,31.9799824],[35.2017163,31.9798908],[35.2017118,31.9797553],[35.2017241,31.9794909],[35.2017197,31.9794508],[35.2014946,31.9794384],[35.2014954,31.9794658],[35.2015004,31.9794929],[35.2015095,31.9795193],[35.2015226,31.9795443],[35.2015238,31.9795917],[35.2015192,31.9796388],[35.2013166,31.9796456],[35.20112,31.979656],[35.2010723,31.9796481],[35.2010132,31.9796509],[35.201016,31.9795555],[35.2010069,31.9794744],[35.2009971,31.9794362],[35.2010666,31.9794216],[35.2009992,31.9793002],[35.200911,31.9791964],[35.2009368,31.9791917],[35.2009299,31.9791248],[35.201079,31.9791264],[35.2011378,31.9790884],[35.2011514,31.9790563],[35.2011679,31.9790175],[35.2011126,31.9789661],[35.2010678,31.9788278],[35.2010475,31.9785379],[35.2010667,31.9784873],[35.2010276,31.9782182],[35.2008888,31.9782392],[35.2007108,31.9781141],[35.2004936,31.9779614],[35.2003816,31.9779309],[35.200374,31.9779088],[35.2003514,31.9778431],[35.2003211,31.977592],[35.2003055,31.9775586],[35.2002861,31.9774991],[35.2002614,31.977441],[35.2002316,31.9773847],[35.2001969,31.9773305],[35.2002087,31.9773327],[35.2002209,31.9773334],[35.200233,31.9773326],[35.2002448,31.9773304],[35.2002562,31.9773267],[35.2004904,31.9772977],[35.2007254,31.9772742],[35.2007767,31.9772688],[35.2008283,31.9772701],[35.2008792,31.977278],[35.200928,31.9772924],[35.2009483,31.9772999],[35.2009699,31.9773079],[35.2010138,31.9773184],[35.201059,31.9773239],[35.2011231,31.9773222],[35.2011864,31.9773142],[35.2012483,31.9773],[35.2012879,31.9772929],[35.2013283,31.9772903],[35.2013687,31.9772924],[35.2014084,31.9772991],[35.2014318,31.97731],[35.2014567,31.9773215],[35.2015024,31.9773477],[35.2015343,31.9773699],[35.201545,31.9773773],[35.2015675,31.9773485],[35.2015684,31.9773405],[35.2015757,31.9772698],[35.2015388,31.9772457],[35.2015494,31.9771825],[35.2015066,31.9771726],[35.2015388,31.9770321],[35.2015014,31.9770139],[35.2013782,31.9770073],[35.201389,31.9768788],[35.2016256,31.9768486],[35.2017024,31.9768492],[35.2017651,31.9768456],[35.201779,31.9768448],[35.2018714,31.9768493],[35.201921,31.9764939],[35.2021824,31.9764963],[35.2022381,31.9765117],[35.2024051,31.9765189],[35.2024064,31.9764845],[35.2024114,31.9763479],[35.2025396,31.9760764],[35.2024327,31.9760759],[35.2024354,31.9758461],[35.2023266,31.9757787],[35.2018899,31.9758531],[35.2017612,31.9756623],[35.2025875,31.9753903],[35.2026892,31.9752364],[35.2027118,31.9752022],[35.2028193,31.9751593],[35.2029066,31.9754733],[35.203125,31.9754628],[35.2031208,31.9754418],[35.2031037,31.975354],[35.2031586,31.9753378],[35.2032873,31.975334],[35.203307,31.9750625],[35.2033075,31.9750562],[35.2031765,31.974831],[35.2033735,31.9747718],[35.2033796,31.9747422],[35.2033887,31.9746973],[35.2034104,31.974624],[35.2034385,31.9745523],[35.2034632,31.9745548],[35.2035031,31.9745589],[35.2035672,31.9745685],[35.2036266,31.9745793],[35.2036869,31.974586],[35.2037475,31.9745886],[35.2038266,31.9745921],[35.2039059,31.9745915],[35.2039849,31.9745867],[35.204061,31.9745744],[35.2041381,31.9745673],[35.2042156,31.9745657],[35.204257,31.9743691],[35.2042788,31.9744277],[35.2043432,31.974601],[35.2044641,31.9746248],[35.2046119,31.9746544],[35.2046013,31.9744628],[35.2045996,31.974432],[35.2048504,31.9744015],[35.2049691,31.9743967],[35.2051139,31.9743991],[35.2051415,31.9743996],[35.2051314,31.974307],[35.2055088,31.9742116],[35.2057965,31.9740302],[35.2056293,31.9738712],[35.2056129,31.9738556],[35.2058548,31.9736628],[35.2062702,31.9739004],[35.2064045,31.9738308],[35.2064087,31.9738276],[35.2065366,31.9737315],[35.2066139,31.9736676],[35.2066135,31.9736616],[35.2066094,31.9735988],[35.2064935,31.9735097],[35.2064504,31.9734767],[35.206411,31.9734523],[35.2063855,31.9734366],[35.2067288,31.9726957],[35.2067482,31.9726538],[35.2067605,31.9726272],[35.2068581,31.972643],[35.2071849,31.9726959],[35.2071946,31.9726989],[35.2072833,31.972726],[35.2073789,31.9727619],[35.2074713,31.9728035],[35.20756,31.9728505],[35.2075575,31.972866],[35.2075454,31.9729412],[35.2075555,31.9729498],[35.207775,31.972966],[35.2086304,31.9730061],[35.2085683,31.9727081],[35.2085666,31.9726997],[35.2085487,31.9726378],[35.2084008,31.9721242],[35.2085541,31.9720916],[35.2085914,31.9721036],[35.2086014,31.9721068],[35.2086557,31.972108],[35.2087099,31.9721057],[35.2087638,31.9721001],[35.2088858,31.9721049],[35.2089572,31.9721293],[35.20903,31.9721504],[35.2091041,31.9721679],[35.2091648,31.9721778],[35.2092262,31.9721831],[35.2094021,31.9722301],[35.2095116,31.9722637],[35.2095755,31.9722833],[35.2096892,31.9723045],[35.2098038,31.9723213],[35.2099193,31.9723339],[35.2101992,31.9720991],[35.2101975,31.9721132],[35.2101984,31.9721274],[35.210202,31.9721413],[35.2102081,31.9721545],[35.2102166,31.9721667],[35.2102273,31.9721777],[35.2102399,31.972187],[35.210254,31.9721945],[35.210356,31.9722226],[35.2103636,31.9722252],[35.2104552,31.9722569],[35.2105513,31.9722972],[35.2106437,31.9723434],[35.2106562,31.972349],[35.2106674,31.9723563],[35.2106771,31.972365],[35.2106851,31.9723749],[35.2107099,31.9723809],[35.2107485,31.9723904],[35.2108094,31.9724121],[35.2108504,31.9724459],[35.2108967,31.9724741],[35.210943,31.972515],[35.2109863,31.9725581],[35.2109927,31.9725628],[35.2110254,31.9725865],[35.2110686,31.9726102],[35.2111151,31.9726288],[35.2111394,31.972626],[35.211164,31.9726264],[35.2111882,31.9726301],[35.2112114,31.9726369],[35.2112331,31.9726467],[35.2112528,31.9726593],[35.2112858,31.9726919],[35.2113133,31.972728],[35.2113588,31.9727406],[35.2114021,31.9727579],[35.2114426,31.9727797],[35.2114795,31.9728057],[35.2115123,31.9728354],[35.2115406,31.9728683],[35.2115798,31.9729647],[35.2116374,31.9731148],[35.2116626,31.9731804],[35.2116851,31.9732097],[35.2119075,31.9734995],[35.2119146,31.9735087],[35.212143,31.9735383],[35.2121799,31.9735364],[35.212452,31.9736328],[35.212648,31.9738046],[35.2126605,31.9741193],[35.2126615,31.9741443],[35.2127152,31.9742312],[35.2127578,31.9742321],[35.2127823,31.9742302],[35.2128069,31.9742317],[35.2128309,31.9742365],[35.2128536,31.9742445],[35.2128746,31.9742556],[35.2128932,31.9742694],[35.2129089,31.9742856],[35.2129556,31.9743167],[35.2129972,31.9743526],[35.2130332,31.9743928],[35.2130628,31.9744365],[35.2130857,31.9744831],[35.2130998,31.9745265],[35.2131015,31.9745318],[35.2131071,31.9746635],[35.2131015,31.9747427],[35.21306,31.9747591],[35.2130158,31.9747766],[35.2126089,31.9749375],[35.212694,31.9750587],[35.2128429,31.9752724],[35.2128821,31.9753039],[35.2129252,31.9753314],[35.2129717,31.9753545],[35.2129889,31.975392],[35.2130008,31.9754309],[35.2130039,31.9754544],[35.2130109,31.9754773],[35.2130216,31.9754991],[35.2130359,31.9755194],[35.2130535,31.9755378],[35.213074,31.9755688],[35.2130901,31.9756018],[35.2131016,31.9756361],[35.2129314,31.9756905],[35.2131084,31.9762478],[35.213133,31.9764798],[35.2131988,31.9768558],[35.2132047,31.9768902],[35.2128789,31.9768835],[35.2124478,31.9769637],[35.2122036,31.977013],[35.2118028,31.9771085],[35.2117209,31.9771423],[35.2116361,31.9771703],[35.2115489,31.9771923],[35.2114599,31.9772082],[35.2113696,31.9772178],[35.2112788,31.9772212],[35.2110974,31.9772231],[35.2110851,31.9773271],[35.2110817,31.9773996],[35.2110649,31.9775571],[35.2110575,31.9775949],[35.211019,31.9775753],[35.2105935,31.9774617],[35.2105812,31.977461],[35.2105431,31.9774588],[35.2103979,31.9774545],[35.2099659,31.9774416],[35.2099385,31.9774407],[35.209937,31.9774665],[35.2099116,31.9778922],[35.2098791,31.9779182],[35.2098187,31.9779666],[35.209335,31.9779666],[35.2093347,31.9779666],[35.2083866,31.9779638],[35.2083798,31.9779638],[35.207764,31.9779237],[35.207755,31.9779257],[35.2076908,31.9779398],[35.2076162,31.9779505],[35.207554,31.9780116],[35.2074867,31.9780686],[35.2074147,31.9781213],[35.20742,31.9781289],[35.2074239,31.9781371],[35.2074264,31.9781456],[35.2074274,31.9781544],[35.2074268,31.9781632],[35.2074247,31.9781719],[35.2074184,31.9781951],[35.2074158,31.9782188],[35.2074169,31.9782425],[35.2074124,31.9782531],[35.207406,31.978263],[35.207398,31.978272],[35.2073885,31.9782799],[35.2073777,31.9782864],[35.2073077,31.9783325],[35.20724,31.9783809],[35.2072273,31.9783819],[35.2072147,31.9783811],[35.2072024,31.9783785],[35.2071907,31.9783742],[35.207176,31.9783784],[35.2071622,31.9783844],[35.2071494,31.9783919],[35.2071381,31.978401],[35.2066107,31.9787427],[35.206866,31.9790652],[35.2066925,31.9794403],[35.206277,31.9794642],[35.2063162,31.9795415],[35.2063385,31.9795889],[35.2063646,31.9796348],[35.2063946,31.9796789],[35.2063037,31.9797293],[35.206211,31.9797772],[35.2061977,31.9797792],[35.206185,31.9797829],[35.2061731,31.9797884],[35.2061625,31.9797955],[35.2061534,31.9798039],[35.206146,31.9798135],[35.2061272,31.9798283],[35.2061061,31.9798408],[35.2060833,31.9798507],[35.206062,31.9798622],[35.2061326,31.9801342],[35.2061212,31.9801356],[35.2061096,31.9801356],[35.2060982,31.9801342],[35.2060871,31.9801315],[35.2060766,31.9801275],[35.2060472,31.980118],[35.2060164,31.9801125],[35.2059849,31.9801111],[35.2059536,31.9801139],[35.2059232,31.9801208],[35.2058749,31.9801326],[35.2058253,31.9801393],[35.205775,31.9801408],[35.205725,31.9801371],[35.2054754,31.9800977],[35.2052267,31.980054],[35.2051602,31.9800442],[35.2050928,31.9800413],[35.2050254,31.9800452],[35.2049591,31.9800559],[35.2048482,31.9800874],[35.2048233,31.9800921],[35.2047979,31.9800938],[35.2047725,31.9800926],[35.2047475,31.9800884],[35.2047028,31.9800769],[35.2046568,31.9800703],[35.2046548,31.980068],[35.2046008,31.9800063],[35.2045269,31.9800369],[35.2044485,31.9800855],[35.2044171,31.9801142],[35.2044109,31.9801208],[35.2044036,31.9801265],[35.2043954,31.9801312],[35.2043864,31.9801347],[35.2043825,31.9801357],[35.2043768,31.9801371],[35.2042884,31.9801095],[35.204201,31.9800798],[35.2041608,31.980075],[35.2041201,31.9800754],[35.20408,31.9800811],[35.2040413,31.9800918],[35.2040051,31.9801075],[35.2039323,31.980138],[35.2038561,31.9801619],[35.203813,31.9801608],[35.2037704,31.9801547],[35.2037293,31.9801435],[35.2036904,31.9801275],[35.203661,31.9801093],[35.2036286,31.980095],[35.2035941,31.9800851],[35.2035583,31.9800798],[35.2035363,31.9800681],[35.2035166,31.9800538],[35.203506,31.9800435],[35.2034995,31.9800372],[35.2034855,31.9800187],[35.203435,31.97999],[35.2033896,31.9799558],[35.20335,31.9799166],[35.2033008,31.9798564],[35.2032497,31.9797939],[35.2031853,31.9797927],[35.2030453,31.9798315]]]}},{"type":"Feature","properties":{"b":10,"name":"وادي البلاط","name_en":"Wade ElBlat","bid":283,"area":581151,"parcels":215,"buildings":2,"built":209},"geometry":{"type":"Polygon","coordinates":[[[35.2201732,31.9825175],[35.2200447,31.9826281],[35.219887,31.9827067],[35.2195007,31.9828938],[35.2192562,31.9829519],[35.219268,31.9834951],[35.2192716,31.9836596],[35.2192716,31.9836612],[35.2192724,31.9836975],[35.2179555,31.9836203],[35.2179096,31.9836155],[35.2177114,31.9835984],[35.2174449,31.9835593],[35.2173867,31.9835535],[35.2167697,31.9835135],[35.2167548,31.9835104],[35.2164315,31.983442],[35.2163811,31.9834124],[35.2161897,31.9833228],[35.2161611,31.9833094],[35.2161549,31.9833065],[35.2159365,31.9832511],[35.2156979,31.9831082],[35.2156689,31.9830908],[35.2146935,31.982564],[35.2146202,31.9825127],[35.214544,31.9824647],[35.2144649,31.98242],[35.2143836,31.9823791],[35.2143833,31.9823789],[35.2143727,31.982356],[35.2143697,31.9823439],[35.2143667,31.9823319],[35.2143653,31.9823073],[35.214357,31.9822933],[35.214346,31.9822807],[35.2143327,31.9822698],[35.2143173,31.9822612],[35.2143004,31.9822548],[35.2142913,31.9822308],[35.2142781,31.9822082],[35.2142613,31.9821874],[35.214241,31.982169],[35.2142157,31.9821345],[35.2141884,31.9821012],[35.2141203,31.9820556],[35.2140557,31.9820066],[35.2139947,31.9819542],[35.2139275,31.9820478],[35.2139088,31.9820441],[35.2133407,31.9819333],[35.2133731,31.9816909],[35.213699,31.9816584],[35.2137236,31.9815133],[35.2133395,31.9815047],[35.2133358,31.9814947],[35.2133302,31.9814854],[35.2133227,31.9814771],[35.2132945,31.9814753],[35.2132662,31.9814769],[35.2132385,31.981482],[35.2132119,31.9814904],[35.2130585,31.9815525],[35.2130412,31.9815589],[35.213023,31.9815629],[35.2130043,31.9815642],[35.2129855,31.9815629],[35.2129846,31.9815627],[35.2129672,31.981559],[35.21295,31.9815526],[35.2129342,31.9815439],[35.2128917,31.98152],[35.2128472,31.981499],[35.2128009,31.9814809],[35.2127262,31.9814378],[35.2126554,31.98139],[35.2125891,31.9813378],[35.2125277,31.9812815],[35.2124247,31.9811584],[35.2123739,31.9811085],[35.2123197,31.9810613],[35.2122623,31.9810171],[35.2121882,31.9809694],[35.2121178,31.9809179],[35.2120682,31.9808884],[35.2120158,31.9808626],[35.2119611,31.9808406],[35.212138,31.9805304],[35.2121769,31.9805304],[35.2121905,31.9805323],[35.2122153,31.9805357],[35.2122523,31.9805461],[35.2122869,31.9805613],[35.2123182,31.9805809],[35.2123965,31.9806333],[35.2124761,31.980684],[35.2125215,31.9807154],[35.2125713,31.9807413],[35.2125991,31.9807198],[35.2127382,31.9806124],[35.2128871,31.9804807],[35.2127639,31.9803795],[35.2127643,31.9803789],[35.2131054,31.9799042],[35.2130236,31.9797954],[35.2128467,31.9797162],[35.2128406,31.9797142],[35.2124512,31.9795877],[35.2124503,31.9795874],[35.2124536,31.9786855],[35.2128757,31.9786692],[35.212813,31.9785318],[35.2124681,31.9782961],[35.2121859,31.9781653],[35.2121946,31.9781452],[35.2121958,31.9781423],[35.2123404,31.9778074],[35.2121381,31.9777684],[35.2121377,31.9777683],[35.2121385,31.9777674],[35.2123269,31.9775554],[35.2124478,31.9769637],[35.2128789,31.9768835],[35.2132047,31.9768902],[35.2131988,31.9768558],[35.213133,31.9764798],[35.2131084,31.9762478],[35.2129314,31.9756905],[35.2131016,31.9756361],[35.2130901,31.9756018],[35.213074,31.9755688],[35.2130535,31.9755378],[35.2130359,31.9755194],[35.2130216,31.9754991],[35.2130109,31.9754773],[35.2130039,31.9754544],[35.2130008,31.9754309],[35.2129889,31.975392],[35.2129717,31.9753545],[35.2129252,31.9753314],[35.2128821,31.9753039],[35.2128429,31.9752724],[35.212694,31.9750587],[35.2126089,31.9749375],[35.2130158,31.9747766],[35.21306,31.9747591],[35.2131015,31.9747427],[35.2131071,31.9746635],[35.2131015,31.9745318],[35.2130998,31.9745265],[35.2130857,31.9744831],[35.2130628,31.9744365],[35.2130332,31.9743928],[35.2129972,31.9743526],[35.2129556,31.9743167],[35.2129089,31.9742856],[35.2128932,31.9742694],[35.2128746,31.9742556],[35.2128536,31.9742445],[35.2128309,31.9742365],[35.2128069,31.9742317],[35.2127823,31.9742302],[35.2127578,31.9742321],[35.2127152,31.9742312],[35.2126615,31.9741443],[35.2126605,31.9741193],[35.212648,31.9738046],[35.212452,31.9736328],[35.2121799,31.9735364],[35.212143,31.9735383],[35.2119146,31.9735087],[35.2119075,31.9734995],[35.2116851,31.9732097],[35.2116626,31.9731804],[35.2116374,31.9731148],[35.2115798,31.9729647],[35.2115406,31.9728683],[35.2115577,31.9728548],[35.2115772,31.9728438],[35.2115776,31.9728436],[35.2115985,31.9728357],[35.2116212,31.9728308],[35.2116445,31.9728291],[35.2116678,31.9728307],[35.2116904,31.9728355],[35.2117119,31.9728435],[35.2117167,31.9728432],[35.2117925,31.9728388],[35.2118725,31.9728292],[35.2119515,31.9728149],[35.2120115,31.9728017],[35.2120731,31.9727952],[35.2121351,31.9727958],[35.2120901,31.9727303],[35.2120521,31.9726616],[35.2120215,31.9725904],[35.2119985,31.9725171],[35.2119912,31.9724936],[35.2119802,31.9724712],[35.2119658,31.9724502],[35.2119481,31.9724312],[35.2122963,31.9723901],[35.2125527,31.9723414],[35.2126176,31.9722975],[35.2126375,31.9722574],[35.2126532,31.9722159],[35.2126646,31.9721735],[35.2126722,31.97216],[35.2126821,31.9721476],[35.212694,31.9721367],[35.2127078,31.9721274],[35.212723,31.97212],[35.2127393,31.9721146],[35.2127564,31.9721114],[35.2128438,31.9720885],[35.2128998,31.9720694],[35.2131613,31.971963],[35.2133431,31.971889],[35.2133978,31.971876],[35.2134539,31.9718687],[35.2135106,31.9718673],[35.2135671,31.9718718],[35.2135932,31.9718765],[35.21362,31.9718777],[35.2136466,31.9718753],[35.2136724,31.9718695],[35.2136969,31.9718603],[35.2137707,31.9718053],[35.2137793,31.9717989],[35.2138578,31.9717339],[35.2139323,31.9716656],[35.2140026,31.971594],[35.2140671,31.9715734],[35.2140834,31.9715682],[35.2141058,31.9715573],[35.2140663,31.971777],[35.2140601,31.971791],[35.2140462,31.9718221],[35.2140176,31.9719223],[35.2139992,31.9720798],[35.2139253,31.9721886],[35.2139135,31.9722144],[35.2139192,31.9723287],[35.2139271,31.9725137],[35.213928,31.972536],[35.2139391,31.9727937],[35.2139393,31.9727994],[35.2138022,31.9728209],[35.2135033,31.9728993],[35.2135185,31.9730824],[35.2135322,31.9732471],[35.2135409,31.9733515],[35.2136679,31.9735749],[35.2138303,31.973823],[35.2140054,31.9740621],[35.2141903,31.9742929],[35.2142152,31.974324],[35.2144138,31.9746359],[35.2144196,31.9746449],[35.2145704,31.974849],[35.214652,31.9749682],[35.2148633,31.9751937],[35.2150112,31.9753345],[35.2150698,31.9753903],[35.2151073,31.975426],[35.2151744,31.97549],[35.2152749,31.9755867],[35.2154789,31.9757831],[35.2155186,31.9758213],[35.2157774,31.9760704],[35.2156301,31.9761917],[35.2159217,31.9764381],[35.2161016,31.9765262],[35.2165924,31.9767666],[35.2168037,31.9768925],[35.2173885,31.9770665],[35.2175245,31.9772732],[35.2176755,31.9775026],[35.2178719,31.9777898],[35.218125,31.9781467],[35.2180958,31.9781677],[35.2183198,31.9783958],[35.2183445,31.9783748],[35.2186211,31.9785628],[35.2186637,31.9785879],[35.2186933,31.9786091],[35.2187034,31.9786163],[35.2187398,31.9786477],[35.218742,31.9786489],[35.2193669,31.978996],[35.2202392,31.9793185],[35.2202862,31.9792326],[35.221136,31.9794343],[35.2213384,31.9794823],[35.2222107,31.9798239],[35.2221582,31.9803154],[35.2221146,31.980554],[35.2221011,31.9806743],[35.222053,31.9809368],[35.2218773,31.9810847],[35.2218269,31.981122],[35.221809,31.981225],[35.2215066,31.9811926],[35.2213208,31.981458],[35.2211048,31.9817682],[35.2211787,31.9818798],[35.221147,31.9819097],[35.2206361,31.9823907],[35.2205505,31.9822817],[35.2201732,31.9825175]]]}},{"type":"Feature","properties":{"b":11,"name":"المسيجد","name_en":"ElMasjeed","bid":285,"area":671247,"parcels":280,"buildings":97,"built":26536},"geometry":{"type":"Polygon","coordinates":[[[35.2116212,31.9728308],[35.2115985,31.9728357],[35.2115776,31.9728436],[35.2115772,31.9728438],[35.2115577,31.9728548],[35.2115406,31.9728683],[35.2115123,31.9728354],[35.2114795,31.9728057],[35.2114426,31.9727797],[35.2114021,31.9727579],[35.2113588,31.9727406],[35.2113133,31.972728],[35.2112858,31.9726919],[35.2112528,31.9726593],[35.2112331,31.9726467],[35.2112114,31.9726369],[35.2111882,31.9726301],[35.211164,31.9726264],[35.2111394,31.972626],[35.2111151,31.9726288],[35.2110686,31.9726102],[35.2110254,31.9725865],[35.2109927,31.9725628],[35.2109863,31.9725581],[35.210943,31.972515],[35.2108967,31.9724741],[35.2108504,31.9724459],[35.2108094,31.9724121],[35.2107485,31.9723904],[35.2107099,31.9723809],[35.2106851,31.9723749],[35.2106771,31.972365],[35.2106674,31.9723563],[35.2106562,31.972349],[35.2106437,31.9723434],[35.2105513,31.9722972],[35.2104552,31.9722569],[35.2103636,31.9722252],[35.210356,31.9722226],[35.210254,31.9721945],[35.2102399,31.972187],[35.2102273,31.9721777],[35.2102166,31.9721667],[35.2102081,31.9721545],[35.210202,31.9721413],[35.2101984,31.9721274],[35.2101975,31.9721132],[35.2101992,31.9720991],[35.2099193,31.9723339],[35.2098038,31.9723213],[35.2096892,31.9723045],[35.2095755,31.9722833],[35.2095116,31.9722637],[35.2094021,31.9722301],[35.2092262,31.9721831],[35.2091648,31.9721778],[35.2091041,31.9721679],[35.20903,31.9721504],[35.2089572,31.9721293],[35.2088858,31.9721049],[35.2087638,31.9721001],[35.2087099,31.9721057],[35.2086557,31.972108],[35.2086014,31.9721068],[35.2085914,31.9721036],[35.2085541,31.9720916],[35.208536,31.9720858],[35.2084658,31.9720858],[35.208396,31.9720793],[35.2083275,31.9720662],[35.2082611,31.9720469],[35.2081976,31.9720214],[35.2082151,31.9719777],[35.2079291,31.9719617],[35.2079287,31.9719617],[35.2077944,31.9719515],[35.2076876,31.9719254],[35.2075509,31.9719263],[35.2074103,31.9718898],[35.2073831,31.9718827],[35.2073798,31.9718818],[35.2072762,31.9718522],[35.2069559,31.9717359],[35.2069553,31.9717358],[35.2065601,31.971619],[35.2063356,31.9715468],[35.2063256,31.9715436],[35.2063013,31.9715343],[35.2060407,31.9714334],[35.2060344,31.9714309],[35.2058493,31.9713992],[35.2058147,31.9713933],[35.2058085,31.9713922],[35.2056075,31.9713551],[35.2055952,31.9713529],[35.2053704,31.9713221],[35.2053601,31.9713207],[35.2053381,31.9713183],[35.205169,31.9713],[35.2051686,31.9712999],[35.2049661,31.9712892],[35.2049654,31.9712892],[35.204883,31.9712863],[35.2048823,31.9712863],[35.2048207,31.9713184],[35.2047565,31.9713464],[35.2046932,31.9713689],[35.20469,31.9713701],[35.2046493,31.9713843],[35.2046067,31.9713933],[35.2045629,31.9713971],[35.204519,31.9713956],[35.2044758,31.9713887],[35.2044064,31.9713925],[35.2043368,31.9713896],[35.2042682,31.9713799],[35.2042282,31.9713702],[35.2042012,31.9713636],[35.2041951,31.9713613],[35.2040637,31.971305],[35.2040132,31.9712919],[35.2038823,31.9712903],[35.2037091,31.9712882],[35.2036304,31.9712618],[35.2035765,31.9712437],[35.2035872,31.9711798],[35.2036022,31.971004],[35.2036051,31.9709708],[35.2034108,31.970944],[35.2034444,31.9707703],[35.2034388,31.970735],[35.2033702,31.9706767],[35.2033025,31.9706192],[35.2032719,31.970603],[35.203232,31.9705878],[35.2031899,31.9705774],[35.2031608,31.9705625],[35.2031304,31.9705503],[35.20313,31.9705502],[35.2030984,31.9705482],[35.2030433,31.9705449],[35.2029825,31.9705265],[35.2029694,31.9705225],[35.2028451,31.9705067],[35.2028521,31.9704647],[35.2028507,31.9704223],[35.2028512,31.9704145],[35.2028507,31.9704101],[35.2028503,31.9704067],[35.2028479,31.9703991],[35.2028441,31.970392],[35.2028389,31.9703855],[35.2028124,31.9703709],[35.2027838,31.9703595],[35.2027536,31.9703514],[35.2027225,31.9703469],[35.2027108,31.9703454],[35.2026995,31.9703423],[35.202689,31.9703377],[35.2026795,31.9703318],[35.2026712,31.9703246],[35.2026644,31.9703163],[35.2026592,31.9703073],[35.2026529,31.9702723],[35.20264,31.9702014],[35.2026374,31.970187],[35.2025679,31.9701601],[35.2024963,31.9701379],[35.2024228,31.9701204],[35.2023679,31.9701111],[35.202348,31.9701078],[35.2023497,31.970103],[35.2023571,31.9700821],[35.2023651,31.9700703],[35.2023754,31.9700599],[35.2023876,31.970051],[35.2024014,31.9700441],[35.2024163,31.9700392],[35.202432,31.9700366],[35.202448,31.9700362],[35.2024696,31.9700376],[35.2024912,31.9700365],[35.2025123,31.9700328],[35.2025327,31.9700266],[35.2025419,31.9700195],[35.2025495,31.9700111],[35.2025553,31.9700017],[35.2025591,31.9699917],[35.2025609,31.9699812],[35.2025606,31.9699706],[35.2025582,31.9699602],[35.2025537,31.9699503],[35.2025532,31.9699476],[35.2025472,31.969914],[35.2025395,31.9698716],[35.2025367,31.9698457],[35.2025309,31.9697924],[35.2025283,31.9697253],[35.2025278,31.9697128],[35.2025241,31.9696943],[35.2025095,31.9696202],[35.2024984,31.9695268],[35.2024829,31.969512],[35.2024703,31.9694954],[35.2024608,31.9694773],[35.2024548,31.9694582],[35.2024523,31.9694385],[35.2024631,31.9693967],[35.2024681,31.9693542],[35.202468,31.9693527],[35.2024672,31.969321],[35.202467,31.9693114],[35.2024655,31.9693087],[35.2024532,31.969285],[35.202448,31.9692696],[35.2024439,31.9692571],[35.2024118,31.9692626],[35.2023989,31.9692648],[35.2023561,31.9692779],[35.2023557,31.969278],[35.2022662,31.9693131],[35.20218,31.9693538],[35.2021714,31.9693576],[35.2021622,31.9693603],[35.2021526,31.9693616],[35.2021429,31.9693615],[35.2021401,31.9693611],[35.2021333,31.9693601],[35.2021241,31.9693574],[35.2021214,31.9693475],[35.2021169,31.9693381],[35.2021106,31.9693296],[35.2021028,31.969322],[35.2020936,31.9693156],[35.2020231,31.969294],[35.201951,31.9692771],[35.2018775,31.969265],[35.2016665,31.9691962],[35.201605,31.9691809],[35.2015456,31.9691605],[35.2014887,31.9691354],[35.2014521,31.9690991],[35.2014209,31.9690594],[35.2013971,31.969019],[35.2013957,31.9690167],[35.2013793,31.9690135],[35.2013139,31.969001],[35.201234,31.9689795],[35.2011913,31.9689645],[35.2011565,31.9689524],[35.2012648,31.968835],[35.2013068,31.9687849],[35.2013715,31.9686904],[35.201416,31.9686074],[35.2013354,31.9685093],[35.2013135,31.9684771],[35.2012665,31.9684363],[35.2011515,31.9683139],[35.2012061,31.9682745],[35.2012447,31.968248],[35.201348,31.9681979],[35.2014286,31.9681486],[35.2014765,31.9681342],[35.2015294,31.9681113],[35.2016259,31.9680483],[35.2017099,31.9680376],[35.2017201,31.9680355],[35.2018426,31.9680104],[35.2018879,31.9679875],[35.201982,31.9679617],[35.2020441,31.9679252],[35.2021063,31.9678995],[35.2022407,31.9678399],[35.2022232,31.9677742],[35.2022122,31.9677075],[35.202208,31.9676402],[35.2022105,31.9675729],[35.2022151,31.9675013],[35.2022148,31.967485],[35.2022141,31.9674296],[35.2022075,31.9673582],[35.2021958,31.9672898],[35.2021953,31.9672873],[35.2021816,31.9672367],[35.202161,31.9671878],[35.2021533,31.9671745],[35.2021341,31.9671412],[35.2021233,31.9671119],[35.2021047,31.9670611],[35.2021045,31.9670605],[35.2020938,31.9670339],[35.2020215,31.9669258],[35.2020148,31.9669158],[35.2019938,31.9668914],[35.2018187,31.9665822],[35.2018184,31.9665817],[35.2017584,31.9665017],[35.2020693,31.9663272],[35.2020696,31.966327],[35.2023375,31.9661803],[35.2023641,31.9661658],[35.2026325,31.9660307],[35.2027493,31.9659992],[35.2028744,31.9659899],[35.2031454,31.965996],[35.2032322,31.9659927],[35.2034137,31.9659688],[35.2034145,31.9659688],[35.2034669,31.9659658],[35.2035411,31.9659473],[35.2036562,31.965908],[35.2037342,31.9658787],[35.2038285,31.9658117],[35.2038371,31.9658179],[35.2038543,31.9657984],[35.2039504,31.9656899],[35.2042518,31.9653408],[35.2042539,31.9653383],[35.2044291,31.965152],[35.204434,31.9651468],[35.2048763,31.9647215],[35.2050792,31.9645186],[35.2050797,31.9645181],[35.2052751,31.9643266],[35.2054425,31.9646951],[35.2053581,31.9647391],[35.2053278,31.964784],[35.2053032,31.9648315],[35.2052738,31.9648526],[35.2052097,31.9649149],[35.2051397,31.964971],[35.205161,31.9650094],[35.2051846,31.9650468],[35.2051938,31.9650739],[35.2051989,31.9651018],[35.2051998,31.9651299],[35.2052523,31.9652328],[35.2052588,31.965236],[35.2052751,31.965246],[35.2052895,31.9652579],[35.2053019,31.9652714],[35.2053118,31.9652862],[35.205457,31.9655122],[35.205525,31.9654912],[35.2055944,31.9654742],[35.205665,31.9654612],[35.2057364,31.9654523],[35.2057939,31.9654417],[35.2058525,31.9654371],[35.2059114,31.9654387],[35.2059695,31.9654464],[35.2060261,31.96546],[35.2060959,31.9654691],[35.2061643,31.9654842],[35.2062304,31.9655054],[35.2064411,31.9655298],[35.2064941,31.9655478],[35.2065488,31.9655614],[35.2066204,31.9655815],[35.2066209,31.9655817],[35.2066615,31.9655441],[35.2067086,31.965569],[35.2067769,31.965624],[35.2068159,31.9656531],[35.20687,31.9657201],[35.2068871,31.9657426],[35.2068995,31.9657861],[35.2069372,31.9658031],[35.2070184,31.965911],[35.2070861,31.966036],[35.2071254,31.9660728],[35.2071581,31.9661331],[35.2072214,31.9661467],[35.207246,31.9661842],[35.2072625,31.9662221],[35.2072569,31.966255],[35.2071945,31.9663125],[35.2071413,31.9663482],[35.2070626,31.9664011],[35.2070118,31.9664485],[35.2070089,31.9664512],[35.2070198,31.9665144],[35.2070369,31.9666044],[35.207042,31.9666983],[35.2070514,31.9667919],[35.207081,31.9667924],[35.2071757,31.9667938],[35.2072838,31.9667943],[35.2073896,31.9667723],[35.2074735,31.9667418],[35.2075446,31.9667303],[35.2076137,31.9667271],[35.2076275,31.9667265],[35.2076799,31.9667474],[35.2077977,31.9667943],[35.207828,31.9667937],[35.2078458,31.9667933],[35.2078995,31.9668081],[35.2080335,31.9668422],[35.2080398,31.9668436],[35.208046,31.9668454],[35.2080565,31.9668547],[35.2080651,31.9668653],[35.2080715,31.966877],[35.2080755,31.9668895],[35.2080874,31.9668873],[35.2081161,31.9668792],[35.2081429,31.9668673],[35.2081671,31.9668518],[35.208188,31.9668332],[35.2082067,31.9668189],[35.2082279,31.9668075],[35.208251,31.9667991],[35.2082753,31.966794],[35.2083035,31.9667718],[35.208327,31.9667459],[35.2083453,31.9667172],[35.2083766,31.9666846],[35.2084122,31.9666553],[35.2084517,31.9666299],[35.2084665,31.9666228],[35.2084799,31.9666138],[35.2084914,31.9666031],[35.2085036,31.9665867],[35.2085134,31.9665691],[35.2085205,31.9665506],[35.2085378,31.9665276],[35.2085591,31.9665072],[35.2085629,31.9665047],[35.2085672,31.9665028],[35.2085717,31.9665015],[35.2085764,31.9665009],[35.2085813,31.966501],[35.2085859,31.9665018],[35.2085904,31.9665032],[35.2085946,31.9665053],[35.2085982,31.966508],[35.2086207,31.966518],[35.2086409,31.9665311],[35.2086582,31.9665469],[35.2086695,31.966561],[35.2086826,31.9665948],[35.2087002,31.9666271],[35.2087222,31.9666574],[35.2087635,31.9667284],[35.2087988,31.9668017],[35.2088277,31.9668771],[35.2088433,31.9669],[35.2088623,31.966921],[35.2088844,31.9669397],[35.2089292,31.9669713],[35.2089098,31.9672335],[35.2089096,31.9672362],[35.2089033,31.967294],[35.2089517,31.9672763],[35.2089982,31.9672551],[35.2090425,31.9672308],[35.209065,31.9672267],[35.2091142,31.9672173],[35.2092688,31.9671827],[35.2094202,31.9671416],[35.2094211,31.9671413],[35.2095337,31.9671253],[35.2096452,31.9671047],[35.2097554,31.9670793],[35.209864,31.9670494],[35.2098943,31.9670473],[35.2099237,31.9670413],[35.2099518,31.9670315],[35.2099778,31.9670182],[35.2100012,31.9670017],[35.2100331,31.9669846],[35.2100612,31.9669727],[35.2101485,31.9671462],[35.2101664,31.9672502],[35.2101966,31.9673466],[35.2102291,31.9674158],[35.21023,31.9674501],[35.2101947,31.9675396],[35.2101829,31.9675983],[35.2101804,31.9676592],[35.210167,31.9677336],[35.2101645,31.9678657],[35.2101645,31.9678668],[35.2102002,31.9678621],[35.2102577,31.9678546],[35.2103628,31.9678552],[35.2104676,31.967861],[35.2105512,31.967863],[35.2106347,31.9678603],[35.210729,31.9678529],[35.2108236,31.9678517],[35.2108369,31.9678537],[35.2108496,31.9678573],[35.2108616,31.9678624],[35.2108726,31.9678689],[35.2108824,31.9678767],[35.211157,31.9677679],[35.2111645,31.9678147],[35.2111831,31.9679311],[35.2112215,31.9679354],[35.2116303,31.9679804],[35.2116315,31.9679805],[35.2118438,31.9679344],[35.2125649,31.9677779],[35.2127961,31.9677277],[35.2129976,31.9678007],[35.2131345,31.9678122],[35.2133463,31.9678267],[35.2134267,31.9678322],[35.2136921,31.9679188],[35.2138802,31.9679134],[35.2141778,31.9679048],[35.2143129,31.967901],[35.2145065,31.9687641],[35.2145137,31.9687964],[35.2145141,31.9687982],[35.2145269,31.968855],[35.2146639,31.9689104],[35.2146969,31.9689237],[35.2147246,31.9692649],[35.2147292,31.9692985],[35.2147391,31.9693313],[35.2147597,31.969378],[35.2147626,31.9693939],[35.2147603,31.969426],[35.2147664,31.9694546],[35.2147821,31.9694908],[35.21479,31.9695091],[35.2147911,31.9695318],[35.214804,31.9695759],[35.2148382,31.9696451],[35.2148656,31.9698021],[35.2148863,31.9698827],[35.2148981,31.9699209],[35.2148992,31.969981],[35.2149008,31.9699856],[35.214935,31.9700878],[35.2149373,31.9700949],[35.2150478,31.9704679],[35.2150488,31.9704712],[35.2150733,31.9704979],[35.2150924,31.9705277],[35.2151053,31.9705598],[35.2151119,31.9705933],[35.2151118,31.9706272],[35.2150987,31.9706899],[35.2150899,31.9707532],[35.2150819,31.9707754],[35.2150698,31.9707962],[35.2150656,31.9708413],[35.2150566,31.970875],[35.2150428,31.9709076],[35.2150245,31.9709385],[35.215009,31.9709582],[35.2150018,31.9709672],[35.2150017,31.9709676],[35.2149883,31.9710012],[35.2149691,31.9710332],[35.2149446,31.9710624],[35.2149153,31.9710882],[35.2149012,31.9710972],[35.2148891,31.971108],[35.2148792,31.9711204],[35.2148501,31.9711364],[35.2148325,31.971146],[35.2148008,31.9711689],[35.2147663,31.9711886],[35.2147293,31.9712048],[35.2146732,31.9712444],[35.2146128,31.9712792],[35.2145488,31.9713089],[35.2145008,31.9713286],[35.2144495,31.9713632],[35.2144154,31.9713818],[35.2143943,31.9713933],[35.2143781,31.9714003],[35.2143359,31.9714185],[35.2143062,31.9714291],[35.2142553,31.9714691],[35.214201,31.9715058],[35.2141435,31.9715389],[35.2141058,31.9715573],[35.2140834,31.9715682],[35.2140671,31.9715734],[35.2140026,31.971594],[35.2139323,31.9716656],[35.2138578,31.9717339],[35.2137793,31.9717989],[35.2137707,31.9718053],[35.2136969,31.9718603],[35.2136724,31.9718695],[35.2136466,31.9718753],[35.21362,31.9718777],[35.2135932,31.9718765],[35.2135671,31.9718718],[35.2135106,31.9718673],[35.2134539,31.9718687],[35.2133978,31.971876],[35.2133431,31.971889],[35.2131613,31.971963],[35.2128998,31.9720694],[35.2128438,31.9720885],[35.2127564,31.9721114],[35.2127393,31.9721146],[35.212723,31.97212],[35.2127078,31.9721274],[35.212694,31.9721367],[35.2126821,31.9721476],[35.2126722,31.97216],[35.2126646,31.9721735],[35.2126532,31.9722159],[35.2126375,31.9722574],[35.2126176,31.9722975],[35.2125527,31.9723414],[35.2122963,31.9723901],[35.2119481,31.9724312],[35.2119658,31.9724502],[35.2119802,31.9724712],[35.2119912,31.9724936],[35.2119985,31.9725171],[35.2120215,31.9725904],[35.2120521,31.9726616],[35.2120901,31.9727303],[35.2121351,31.9727958],[35.2120731,31.9727952],[35.2120115,31.9728017],[35.2119515,31.9728149],[35.2118725,31.9728292],[35.2117925,31.9728388],[35.2117167,31.9728432],[35.2117119,31.9728435],[35.2116904,31.9728355],[35.2116678,31.9728307],[35.2116445,31.9728291],[35.2116212,31.9728308]]]}},{"type":"Feature","properties":{"b":12,"name":"الكليه","name_en":"ElKlyah","bid":286,"area":560656,"parcels":406,"buildings":621,"built":94152},"geometry":{"type":"Polygon","coordinates":[[[35.1978487,31.9773098],[35.1976477,31.9773547],[35.1976424,31.9773556],[35.1971611,31.9774391],[35.1969501,31.9774738],[35.1969405,31.9774754],[35.1965528,31.9775142],[35.1965521,31.9775143],[35.1964283,31.9775313],[35.1964277,31.977523],[35.1963969,31.9772916],[35.1963939,31.9772918],[35.1961394,31.9773142],[35.1960834,31.977245],[35.1960722,31.9771019],[35.1960233,31.9768207],[35.1960232,31.9768203],[35.1956356,31.9767881],[35.1955661,31.9768212],[35.1954732,31.9768656],[35.1954268,31.9768793],[35.1953786,31.9768877],[35.1953297,31.9768906],[35.1952806,31.976888],[35.1952324,31.9768799],[35.1951009,31.9769383],[35.1949917,31.9769861],[35.1949077,31.9770409],[35.1947384,31.9770588],[35.1947244,31.9769479],[35.1947073,31.9768679],[35.1946976,31.976787],[35.1946954,31.9767057],[35.1947006,31.9766246],[35.1947147,31.9764978],[35.1947346,31.9763716],[35.1947604,31.9762462],[35.1947919,31.9761218],[35.1948292,31.9759985],[35.1948552,31.9758907],[35.1948756,31.975782],[35.1948903,31.9756726],[35.1948992,31.9755628],[35.1949024,31.9754527],[35.1949009,31.9753676],[35.1949097,31.9753093],[35.1949116,31.9752506],[35.1949065,31.975192],[35.1949,31.9750601],[35.1948908,31.9749637],[35.1948875,31.9749286],[35.1947991,31.9745722],[35.1947988,31.9745716],[35.1946435,31.9743136],[35.1944041,31.9740087],[35.1944021,31.9740061],[35.1937969,31.97337],[35.1937947,31.9733678],[35.1936528,31.9731939],[35.1936329,31.9731502],[35.1936246,31.9731319],[35.1936212,31.9731244],[35.1936063,31.9729787],[35.1936058,31.9729741],[35.1936116,31.9726589],[35.1936121,31.9726303],[35.1936122,31.9726213],[35.1936073,31.9725076],[35.1935316,31.9721543],[35.1935304,31.9721485],[35.1935266,31.9721346],[35.1934277,31.9717721],[35.1934268,31.9717691],[35.1933285,31.9713701],[35.1933087,31.9712898],[35.1932464,31.9709746],[35.1932463,31.970974],[35.1932074,31.9707984],[35.1931877,31.9707093],[35.1931523,31.9705242],[35.1931367,31.9704429],[35.1931227,31.9703446],[35.1931157,31.9702457],[35.1931156,31.9701763],[35.1931156,31.9701466],[35.1931226,31.9700478],[35.1931365,31.9699494],[35.1931573,31.9698519],[35.193185,31.9697557],[35.1931852,31.9697551],[35.1932096,31.9696887],[35.1932387,31.9696231],[35.193239,31.9696225],[35.1932536,31.9695982],[35.1932648,31.969572],[35.1932723,31.9695448],[35.1933134,31.9694855],[35.1933241,31.969472],[35.1933586,31.9694284],[35.1933797,31.969387],[35.1934064,31.969348],[35.1934383,31.969312],[35.193475,31.9692795],[35.1934858,31.9692454],[35.1935008,31.9692125],[35.1935125,31.9691933],[35.1935093,31.9691282],[35.1934208,31.9691143],[35.1934047,31.9691118],[35.1933839,31.9691085],[35.1932312,31.9691048],[35.1932298,31.9691048],[35.1931795,31.9690189],[35.1931899,31.9689988],[35.1932164,31.9689473],[35.1933071,31.9689721],[35.1932729,31.9689201],[35.1932448,31.9688655],[35.1932229,31.9688089],[35.1932207,31.9688004],[35.1932105,31.968762],[35.1932075,31.9687507],[35.1931891,31.9686765],[35.1931779,31.9686012],[35.1931739,31.9685255],[35.1931709,31.9684589],[35.1931605,31.9683928],[35.1933218,31.9683601],[35.1933251,31.9683594],[35.1934527,31.9684081],[35.1936812,31.968492],[35.1937034,31.9685002],[35.1939532,31.9685943],[35.1940997,31.9686368],[35.194132,31.9686462],[35.1941367,31.9686476],[35.1941416,31.9686492],[35.1941469,31.9686507],[35.1943383,31.9687126],[35.1943896,31.9687315],[35.1944174,31.9687418],[35.194422,31.9687435],[35.1945029,31.9687794],[35.1947447,31.9689121],[35.1948677,31.9689892],[35.1949142,31.9690161],[35.194994,31.9690623],[35.1951234,31.9691314],[35.1951645,31.9691559],[35.1951921,31.9691723],[35.1952159,31.9691845],[35.1952641,31.9692088],[35.1952939,31.9692216],[35.1953391,31.9692406],[35.1953886,31.9692581],[35.1954135,31.9692667],[35.1954901,31.9692883],[35.1955386,31.9692899],[35.1955568,31.9692905],[35.1955742,31.9692896],[35.1956235,31.9692871],[35.1956895,31.9692781],[35.1957576,31.9692742],[35.1958251,31.9692649],[35.1958912,31.9692503],[35.1959441,31.9692339],[35.1959554,31.9692304],[35.1960359,31.9691967],[35.1961126,31.969157],[35.1961849,31.9691117],[35.1962521,31.9690611],[35.1963711,31.9689547],[35.1963784,31.9689484],[35.1963848,31.9689428],[35.1964213,31.9689124],[35.1965222,31.9688284],[35.1965807,31.9687845],[35.1966343,31.9687362],[35.1966826,31.968684],[35.1967251,31.9686283],[35.1967616,31.9685696],[35.1969161,31.9683778],[35.1970767,31.9681897],[35.1972431,31.9680053],[35.1974806,31.9677489],[35.1975527,31.9676737],[35.197704,31.9675159],[35.1977231,31.9674959],[35.1978226,31.9674129],[35.197858,31.9673859],[35.1978786,31.9673701],[35.1979262,31.9673337],[35.1980338,31.9672585],[35.1981276,31.9672078],[35.1981783,31.9671845],[35.1982254,31.9671628],[35.1983267,31.9671238],[35.198431,31.9670911],[35.1985011,31.9670739],[35.1985377,31.9670648],[35.1985449,31.9670631],[35.1986224,31.9670447],[35.1987087,31.9670301],[35.1987961,31.9670212],[35.198884,31.9670179],[35.1989719,31.9670204],[35.1990594,31.9670286],[35.1990861,31.9670348],[35.1991121,31.9670409],[35.199163,31.9670577],[35.1992117,31.9670788],[35.19922,31.9670833],[35.1992576,31.967104],[35.1993478,31.9671779],[35.1994356,31.9672538],[35.1995433,31.9673329],[35.1996357,31.9673932],[35.1996561,31.9674066],[35.199725,31.967429],[35.1997957,31.9674469],[35.1998677,31.96746],[35.2000032,31.9674611],[35.2001387,31.9674581],[35.2002531,31.9674615],[35.2003675,31.967458],[35.2004813,31.9674476],[35.2004951,31.9674426],[35.2005369,31.9674275],[35.2005893,31.9674019],[35.200638,31.9673714],[35.2006821,31.9673362],[35.2007211,31.9672968],[35.2007545,31.9672539],[35.2008288,31.9671634],[35.2009075,31.9670757],[35.2009635,31.9670181],[35.2009903,31.9669908],[35.2010924,31.96688],[35.2011997,31.966773],[35.2012737,31.9667052],[35.2013122,31.9666698],[35.2014297,31.9665708],[35.2014906,31.9665236],[35.2015519,31.966476],[35.2016642,31.966396],[35.2016786,31.9663857],[35.2017584,31.9665017],[35.2018184,31.9665817],[35.2018187,31.9665822],[35.2019938,31.9668914],[35.2020148,31.9669158],[35.2020215,31.9669258],[35.2020938,31.9670339],[35.2021045,31.9670605],[35.2021047,31.9670611],[35.2021233,31.9671119],[35.2021341,31.9671412],[35.2021533,31.9671745],[35.202161,31.9671878],[35.2021816,31.9672367],[35.2021953,31.9672873],[35.2021958,31.9672898],[35.2022075,31.9673582],[35.2022141,31.9674296],[35.2022148,31.967485],[35.2022151,31.9675013],[35.2022105,31.9675729],[35.202208,31.9676402],[35.2022122,31.9677075],[35.2022232,31.9677742],[35.2022407,31.9678399],[35.2021063,31.9678995],[35.2020441,31.9679252],[35.201982,31.9679617],[35.2018879,31.9679875],[35.2018426,31.9680104],[35.2017201,31.9680355],[35.2017099,31.9680376],[35.2016259,31.9680483],[35.2015294,31.9681113],[35.2014765,31.9681342],[35.2014286,31.9681486],[35.201348,31.9681979],[35.2012447,31.968248],[35.2012061,31.9682745],[35.2011515,31.9683139],[35.2012665,31.9684363],[35.2013135,31.9684771],[35.2013354,31.9685093],[35.201416,31.9686074],[35.2013715,31.9686904],[35.2013068,31.9687849],[35.2012648,31.968835],[35.2011565,31.9689524],[35.2011094,31.9689514],[35.2011087,31.9689514],[35.2009833,31.9691117],[35.2009466,31.9691101],[35.2009408,31.9691098],[35.2009096,31.9690583],[35.2008943,31.969033],[35.2008333,31.9689323],[35.2007392,31.9690316],[35.2006147,31.9691631],[35.2006143,31.9691635],[35.2005892,31.96919],[35.2004638,31.9691843],[35.2004704,31.9692132],[35.200475,31.9692339],[35.2004832,31.9693342],[35.2004862,31.9693713],[35.2004437,31.9695126],[35.2001898,31.9697938],[35.2001208,31.9698703],[35.2001086,31.9698838],[35.2000523,31.9699003],[35.2000143,31.9699001],[35.1999657,31.9699],[35.1999202,31.9698998],[35.1999195,31.9698999],[35.1998726,31.9698996],[35.1996896,31.9699339],[35.1994914,31.9700291],[35.1994494,31.9700475],[35.1994326,31.9700548],[35.1994292,31.9700563],[35.199488,31.9702754],[35.1995088,31.970274],[35.1995567,31.9702708],[35.1995745,31.9702696],[35.1995777,31.9702778],[35.1996417,31.9704393],[35.1996465,31.9704376],[35.199687,31.9704236],[35.1996937,31.970429],[35.1997349,31.9704622],[35.1997503,31.9704622],[35.1997574,31.9704622],[35.1997651,31.9704622],[35.1997842,31.9705014],[35.1997895,31.9705123],[35.1998268,31.9705093],[35.19986,31.9705066],[35.1998793,31.970551],[35.1998772,31.9705688],[35.1998743,31.9705932],[35.199868,31.9705959],[35.1998512,31.9706032],[35.1998331,31.9706111],[35.1999305,31.9707691],[35.1999364,31.9707786],[35.1998944,31.9707843],[35.1998491,31.9707972],[35.1997861,31.9708194],[35.1996685,31.9708359],[35.1996257,31.970848],[35.1996239,31.970908],[35.1996223,31.9709604],[35.1996232,31.970963],[35.1996312,31.9709886],[35.1996492,31.9710456],[35.1996626,31.9711437],[35.1996887,31.9711837],[35.1997127,31.9712015],[35.1997168,31.9712044],[35.1997197,31.9712067],[35.1997714,31.9712129],[35.1997773,31.9712577],[35.1997958,31.9713099],[35.1998021,31.971343],[35.1998142,31.9714058],[35.1998101,31.9714814],[35.19981,31.9714824],[35.1997996,31.9715168],[35.1997995,31.9715172],[35.1997689,31.9715907],[35.199765,31.9715988],[35.1997604,31.9716168],[35.1997592,31.9716351],[35.1997616,31.9716533],[35.1997674,31.971671],[35.1997878,31.9717514],[35.199791,31.9717638],[35.1998073,31.9718578],[35.1998163,31.9719524],[35.1998181,31.9720474],[35.1998125,31.9721422],[35.1998008,31.9722275],[35.1997996,31.9722365],[35.1997786,31.972394],[35.1997786,31.9723943],[35.1997799,31.9724475],[35.19978,31.9724501],[35.199773,31.9725384],[35.1997725,31.972541],[35.1997548,31.9726457],[35.1997394,31.972777],[35.199734,31.9728225],[35.1997246,31.972892],[35.19971,31.9729989],[35.1997136,31.9730498],[35.1997131,31.9731007],[35.1997086,31.973151],[35.1997085,31.9731516],[35.1996894,31.9732568],[35.1996763,31.9733627],[35.1996618,31.9734088],[35.1996402,31.9734528],[35.1996139,31.9734911],[35.199612,31.973494],[35.1995997,31.9735445],[35.1995988,31.9735483],[35.1995904,31.9736032],[35.1995868,31.9736586],[35.199547,31.9737323],[35.1995129,31.9738079],[35.1994846,31.9738853],[35.1994845,31.9738856],[35.199444,31.9740714],[35.1994196,31.9741404],[35.199402,31.974211],[35.1994013,31.9742148],[35.1993784,31.9743475],[35.1993654,31.9744538],[35.1993616,31.9744848],[35.1993516,31.9746226],[35.1993506,31.9746287],[35.1993274,31.974779],[35.1992998,31.9749351],[35.199248,31.9750544],[35.199056,31.9753555],[35.1990539,31.9753589],[35.1989455,31.9754999],[35.1988985,31.9755958],[35.1987902,31.9757039],[35.1986197,31.9758706],[35.1986176,31.9758732],[35.198418,31.976123],[35.1984161,31.9761257],[35.1982989,31.9762987],[35.1982987,31.976299],[35.19825,31.9763767],[35.1982089,31.9764294],[35.1982059,31.9764329],[35.1980438,31.9766144],[35.1980415,31.9766171],[35.1979322,31.9767508],[35.1979272,31.9767621],[35.197837,31.9769644],[35.1978366,31.9769685],[35.1978216,31.9771183],[35.1978225,31.9771246],[35.1978487,31.9773098]]]}},{"type":"Feature","properties":{"b":13,"name":"المراح","name_en":"ElMrah","bid":289,"area":509593,"parcels":238,"buildings":291,"built":44416},"geometry":{"type":"Polygon","coordinates":[[[35.19232,31.9754132],[35.1921984,31.975431],[35.1921901,31.9754323],[35.1919378,31.975466],[35.1919337,31.9754666],[35.1917299,31.9754819],[35.1917176,31.9754465],[35.1917124,31.9754377],[35.1916963,31.9754103],[35.1910372,31.9754226],[35.1910368,31.9754226],[35.190971,31.9754144],[35.1909047,31.9754111],[35.1908964,31.975413],[35.190856,31.975422],[35.1908061,31.9754278],[35.1907558,31.9754283],[35.1902385,31.9754168],[35.1902385,31.9753681],[35.1902038,31.9753621],[35.189544,31.9752482],[35.1896168,31.975147],[35.189188,31.9748588],[35.1892722,31.9747743],[35.1892955,31.9747509],[35.1891354,31.9747528],[35.1891263,31.9747538],[35.1890895,31.9747576],[35.1890356,31.9747665],[35.1889809,31.9747709],[35.188926,31.9747709],[35.1889104,31.9747639],[35.1888938,31.974759],[35.1888764,31.9747562],[35.1888588,31.9747556],[35.1888387,31.974757],[35.1888185,31.9747555],[35.1887989,31.9747512],[35.1887805,31.9747442],[35.1887506,31.9747497],[35.1887202,31.9747513],[35.1886898,31.9747489],[35.1885308,31.9746783],[35.1887245,31.9745657],[35.1886954,31.9745361],[35.188695,31.9745357],[35.188542,31.9743843],[35.1885331,31.974375],[35.1883237,31.9741571],[35.1883158,31.974149],[35.1882454,31.974077],[35.1881321,31.9742641],[35.1880118,31.974448],[35.1878847,31.9746286],[35.1878665,31.9745617],[35.1878546,31.9744938],[35.1878491,31.9744252],[35.1878501,31.9743566],[35.1878341,31.9743183],[35.1878229,31.9742789],[35.1878167,31.9742387],[35.1878154,31.9741981],[35.1878212,31.9741528],[35.1878231,31.9741072],[35.187821,31.9740616],[35.1878135,31.9739555],[35.1878118,31.9738492],[35.1878158,31.9737429],[35.1878256,31.9736369],[35.1878225,31.973556],[35.1878255,31.9734751],[35.1878346,31.9733945],[35.1878384,31.97337],[35.1878373,31.9733452],[35.1878313,31.9733214],[35.1878312,31.973321],[35.1877519,31.973301],[35.1876712,31.9732857],[35.1875894,31.9732752],[35.1875128,31.9732602],[35.1874349,31.9732513],[35.18743,31.97325],[35.1873991,31.9732418],[35.1873621,31.973237],[35.1873044,31.9732325],[35.1872464,31.9732315],[35.1871891,31.9732341],[35.1871886,31.9732341],[35.187008,31.973219],[35.1868269,31.9732102],[35.1867899,31.9732254],[35.1864187,31.973212],[35.1864182,31.973212],[35.1857207,31.9732253],[35.1856389,31.973209],[35.1856542,31.9729519],[35.1856547,31.9729437],[35.1856637,31.9727404],[35.1856626,31.9725667],[35.1856593,31.972351],[35.1857165,31.9721611],[35.1857254,31.9721315],[35.185665,31.9718719],[35.1856642,31.9718691],[35.1856046,31.9716419],[35.1856093,31.9716366],[35.1856129,31.9716307],[35.1856153,31.9716244],[35.1856163,31.9716178],[35.185616,31.9716112],[35.185684,31.9715663],[35.1857559,31.9715261],[35.1858312,31.9714908],[35.1859094,31.9714604],[35.1859902,31.9714353],[35.1860372,31.9714217],[35.186081,31.9714017],[35.1861203,31.9713757],[35.1861459,31.9713585],[35.1861745,31.9713452],[35.1862053,31.9713361],[35.1862375,31.9713315],[35.1862701,31.9713316],[35.1863203,31.9713251],[35.186371,31.9713251],[35.1864212,31.9713316],[35.1866849,31.9712377],[35.1867448,31.9712275],[35.1868099,31.9711699],[35.1868222,31.9711546],[35.1868666,31.9710994],[35.1869699,31.9709602],[35.1870295,31.9709172],[35.1872653,31.9707471],[35.1874725,31.9706554],[35.1876544,31.9705002],[35.1876844,31.9704889],[35.1877174,31.9704764],[35.1877211,31.9704767],[35.1881099,31.9705076],[35.1881097,31.9704923],[35.1881341,31.9704927],[35.188657,31.9705009],[35.1887535,31.9705106],[35.1887631,31.9705104],[35.1888218,31.9705096],[35.188879,31.9705147],[35.1889752,31.9705011],[35.1890719,31.9705086],[35.1891402,31.9704972],[35.1892547,31.9704856],[35.1892611,31.970485],[35.1892716,31.970452],[35.1893028,31.9703541],[35.1893409,31.9702225],[35.189348,31.9701802],[35.189349,31.9701374],[35.1893437,31.9700948],[35.1893335,31.9700476],[35.1893283,31.9699997],[35.1893283,31.9699517],[35.1893426,31.9698943],[35.1893515,31.9698361],[35.189355,31.9697775],[35.1893662,31.9696689],[35.1893699,31.9696427],[35.1893704,31.969639],[35.1893774,31.969589],[35.1893814,31.9695894],[35.1894418,31.9695951],[35.1895067,31.9695948],[35.189571,31.9695883],[35.1896341,31.9695756],[35.1896946,31.9695564],[35.1892739,31.9691846],[35.1891717,31.9692621],[35.188528,31.9687108],[35.1884993,31.9686639],[35.1883846,31.968573],[35.1883547,31.9685537],[35.1882964,31.968446],[35.1882216,31.9683827],[35.1881782,31.9683273],[35.1881666,31.9683125],[35.1881644,31.9683096],[35.1880262,31.9683788],[35.1880257,31.9683791],[35.1880089,31.96836],[35.1880094,31.9683598],[35.1880097,31.9683596],[35.1881558,31.9682824],[35.1879572,31.9677766],[35.1879489,31.967584],[35.1879488,31.9675833],[35.1878943,31.9674318],[35.187894,31.9674311],[35.1878731,31.9673781],[35.1878584,31.9673228],[35.1878506,31.9672666],[35.1878495,31.9672099],[35.1878216,31.9671801],[35.1879451,31.9671616],[35.1880693,31.9671467],[35.1880685,31.9671426],[35.1880576,31.9670865],[35.1880379,31.9670278],[35.1880105,31.9669713],[35.1880152,31.9669372],[35.1880139,31.9669029],[35.1880067,31.9668691],[35.1879937,31.9668365],[35.1879915,31.9668182],[35.1879919,31.9667998],[35.1879952,31.9667816],[35.1879294,31.9667781],[35.1879216,31.966711],[35.1879202,31.9666437],[35.1879252,31.9665764],[35.187929,31.966576],[35.1881366,31.9665526],[35.1881548,31.9664178],[35.1881366,31.9663164],[35.1881254,31.9661327],[35.1880429,31.9658344],[35.1880121,31.9657974],[35.1878778,31.9656794],[35.1878736,31.9656757],[35.1877099,31.9655731],[35.1876609,31.9655695],[35.187507,31.9655361],[35.1875066,31.9655356],[35.1873902,31.965372],[35.1873881,31.965369],[35.1872264,31.9652752],[35.1872232,31.9652736],[35.1870445,31.9651853],[35.1869942,31.9651699],[35.1869405,31.9651814],[35.1868637,31.9651886],[35.1868226,31.9651925],[35.1867939,31.9651525],[35.1867872,31.9651225],[35.1867821,31.9650994],[35.1868087,31.9650732],[35.1868253,31.9650568],[35.18688,31.9649802],[35.1869644,31.9649192],[35.1869853,31.9648861],[35.1870689,31.9648006],[35.1871398,31.964767],[35.1871733,31.964784],[35.1871977,31.9647885],[35.1872032,31.9647895],[35.1871944,31.9647269],[35.1872024,31.9646786],[35.1872096,31.9646546],[35.1871688,31.9646596],[35.1871373,31.9646328],[35.1871338,31.9645931],[35.1871512,31.964559],[35.187153,31.9645555],[35.1871781,31.9645309],[35.187181,31.964528],[35.1872462,31.9645206],[35.1873119,31.9645181],[35.1873777,31.9645205],[35.1874429,31.9645278],[35.1875071,31.96454],[35.1875779,31.9645569],[35.1876501,31.9645681],[35.1877233,31.9645736],[35.1877968,31.9645735],[35.1878075,31.9645729],[35.1878765,31.9645691],[35.1879559,31.9645612],[35.1880347,31.9645496],[35.1878332,31.964416],[35.1878738,31.9643766],[35.188104,31.9645185],[35.1881463,31.9645384],[35.1884661,31.9645429],[35.1887126,31.9645537],[35.1889472,31.9645827],[35.188972,31.9645858],[35.1889723,31.9645859],[35.1890329,31.9646115],[35.1891132,31.9646341],[35.1891938,31.9646351],[35.1892683,31.964618],[35.1893779,31.9646503],[35.1893932,31.964654],[35.1893976,31.9646551],[35.1893925,31.9650383],[35.1894043,31.9650611],[35.1893951,31.9652732],[35.1893951,31.9652735],[35.1894285,31.9654786],[35.1894286,31.965479],[35.1894661,31.9657586],[35.1894666,31.9657621],[35.1895102,31.9658996],[35.1895102,31.9658999],[35.1895231,31.9660065],[35.1895237,31.9660116],[35.1895102,31.9661082],[35.1895337,31.9662922],[35.1895602,31.9664173],[35.1895603,31.9664177],[35.1895583,31.9664643],[35.1895638,31.9665107],[35.1896321,31.9666826],[35.1896337,31.9666867],[35.1896365,31.96671],[35.1896609,31.9667945],[35.1896922,31.9668773],[35.1897199,31.9669362],[35.1897302,31.9669581],[35.1897938,31.96708],[35.1898547,31.9672027],[35.189904,31.9672549],[35.1899485,31.9673101],[35.1899487,31.9673103],[35.189999,31.9673603],[35.1900437,31.9674143],[35.1900786,31.9674665],[35.1900821,31.9674718],[35.1901259,31.9675201],[35.1901668,31.9675702],[35.1902612,31.9676901],[35.1902841,31.967709],[35.1903032,31.9677307],[35.1903039,31.9677428],[35.1903065,31.9677548],[35.1903109,31.9677663],[35.1903172,31.9677772],[35.1903575,31.9678355],[35.1903719,31.9678536],[35.1904031,31.9678912],[35.1904216,31.9679112],[35.190454,31.9679441],[35.190484,31.9679723],[35.1904872,31.9679753],[35.1905148,31.9680032],[35.1905446,31.9680296],[35.1905621,31.9680487],[35.1905832,31.968065],[35.1906072,31.968078],[35.1906334,31.9680874],[35.1906501,31.9681012],[35.1906689,31.9681129],[35.1906893,31.9681223],[35.1907111,31.9681292],[35.1908388,31.9681642],[35.1909607,31.9681956],[35.1909672,31.9681972],[35.1910491,31.9682366],[35.191083,31.9682547],[35.1911199,31.9682677],[35.1911589,31.9682754],[35.1911866,31.9682824],[35.1912128,31.9682927],[35.1913367,31.968328],[35.1914584,31.9683685],[35.1914833,31.9683793],[35.1915099,31.9683868],[35.1915375,31.9683908],[35.1915655,31.9683912],[35.1916113,31.9683981],[35.1916564,31.9684079],[35.1916932,31.9684201],[35.1917318,31.9684273],[35.1917712,31.9684294],[35.1918634,31.9684423],[35.1919546,31.9684531],[35.1919559,31.9684532],[35.192022,31.9684815],[35.192091,31.968504],[35.1921055,31.9685102],[35.192121,31.9685144],[35.1921371,31.9685165],[35.1921704,31.9685264],[35.1921942,31.9685371],[35.1922015,31.9685404],[35.1922616,31.9685773],[35.1923247,31.9686104],[35.1923904,31.9686394],[35.192405,31.9686559],[35.1924224,31.9686704],[35.1924422,31.9686823],[35.1924595,31.9686841],[35.1924761,31.9686883],[35.1924918,31.9686946],[35.1925061,31.9687031],[35.1925185,31.9687134],[35.1925289,31.9687253],[35.1925484,31.9687475],[35.192572,31.9687668],[35.1925988,31.9687826],[35.192656,31.968825],[35.1927178,31.9688625],[35.1927555,31.9688738],[35.1927944,31.9688817],[35.1928339,31.9688864],[35.1929016,31.9688992],[35.1929704,31.9689068],[35.1930397,31.9689091],[35.1930991,31.9689156],[35.1931512,31.9689269],[35.1931572,31.9689282],[35.1932119,31.9689459],[35.1932164,31.9689473],[35.1931899,31.9689988],[35.1931795,31.9690189],[35.1932298,31.9691048],[35.1932312,31.9691048],[35.1933839,31.9691085],[35.1934047,31.9691118],[35.1934208,31.9691143],[35.1935093,31.9691282],[35.1935125,31.9691933],[35.1935008,31.9692125],[35.1934858,31.9692454],[35.193475,31.9692795],[35.1934383,31.969312],[35.1934064,31.969348],[35.1933797,31.969387],[35.1933586,31.9694284],[35.1933241,31.969472],[35.1933134,31.9694855],[35.1932723,31.9695448],[35.1932648,31.969572],[35.1932536,31.9695982],[35.193239,31.9696225],[35.1932387,31.9696231],[35.1932096,31.9696887],[35.1931852,31.9697551],[35.193185,31.9697557],[35.1931573,31.9698519],[35.1931365,31.9699494],[35.1931226,31.9700478],[35.1931156,31.9701466],[35.1931156,31.9701763],[35.1931157,31.9702457],[35.1931227,31.9703446],[35.1931367,31.9704429],[35.1931523,31.9705242],[35.1931877,31.9707093],[35.1932074,31.9707984],[35.1932463,31.970974],[35.1932464,31.9709746],[35.1933087,31.9712898],[35.1933285,31.9713701],[35.1934268,31.9717691],[35.1934277,31.9717721],[35.1935266,31.9721346],[35.1935304,31.9721485],[35.1935316,31.9721543],[35.1936073,31.9725076],[35.1936122,31.9726213],[35.1936121,31.9726303],[35.1936116,31.9726589],[35.1936058,31.9729741],[35.1936063,31.9729787],[35.1936212,31.9731244],[35.1936246,31.9731319],[35.1936329,31.9731502],[35.1936528,31.9731939],[35.1937947,31.9733678],[35.1937969,31.97337],[35.1944021,31.9740061],[35.1944041,31.9740087],[35.1946435,31.9743136],[35.1947988,31.9745716],[35.1947991,31.9745722],[35.1948875,31.9749286],[35.194696,31.974981],[35.1943456,31.9750574],[35.1940539,31.9751025],[35.1940376,31.9751051],[35.1940312,31.9751066],[35.1937608,31.9751684],[35.1937499,31.9751709],[35.1934103,31.975273],[35.1934039,31.9752749],[35.1933933,31.9752784],[35.1932303,31.9753322],[35.1931911,31.9753455],[35.1931447,31.9753641],[35.1930959,31.9753775],[35.193049,31.975385],[35.1930455,31.9753856],[35.1930243,31.975373],[35.1930059,31.9753576],[35.1929907,31.9753398],[35.1929809,31.9753342],[35.1929702,31.9753301],[35.1929587,31.9753276],[35.192947,31.9753267],[35.1929353,31.9753276],[35.1929239,31.9753301],[35.1929131,31.9753342],[35.1929033,31.9753397],[35.1928948,31.9753466],[35.1928877,31.9753547],[35.1928823,31.9753636],[35.1928787,31.9753732],[35.1928662,31.9753848],[35.1928517,31.9753946],[35.1928355,31.9754022],[35.192818,31.9754076],[35.1927998,31.9754105],[35.1927813,31.9754108],[35.192763,31.9754087],[35.1927453,31.975404],[35.1927287,31.975397],[35.1927209,31.9753927],[35.1927124,31.9753894],[35.1927035,31.9753872],[35.1926943,31.9753863],[35.1926851,31.9753865],[35.1924695,31.9753984],[35.1924264,31.9754008],[35.19232,31.9754132]]]}},{"type":"Feature","properties":{"b":14,"name":"الرجمان","name_en":"ElRjman","bid":291,"area":805114,"parcels":166,"buildings":48,"built":11446},"geometry":{"type":"Polygon","coordinates":[[[35.1808711,31.9749652],[35.1808676,31.9749682],[35.1807898,31.9750423],[35.1807141,31.975118],[35.1806884,31.9751327],[35.1806601,31.9751434],[35.1806301,31.9751498],[35.1805992,31.9751519],[35.1805684,31.9751494],[35.1805462,31.9751447],[35.1804974,31.9751344],[35.18045,31.9751201],[35.1804046,31.9751018],[35.1803614,31.9750797],[35.1802943,31.9749604],[35.1798341,31.9749918],[35.1798184,31.9749623],[35.179818,31.9749482],[35.1798149,31.9749344],[35.1798091,31.9749212],[35.1798009,31.974909],[35.1797905,31.9748981],[35.1797781,31.9748888],[35.1797432,31.9748797],[35.1797071,31.9748752],[35.1796737,31.9748754],[35.1796706,31.9748754],[35.1796154,31.9748607],[35.1795625,31.9748405],[35.1795133,31.9748155],[35.1795128,31.9748152],[35.1794526,31.9747982],[35.1793909,31.974786],[35.179328,31.9747789],[35.1794019,31.9739917],[35.1790817,31.9738809],[35.1790725,31.9738752],[35.1789748,31.9738144],[35.1789742,31.973814],[35.1788623,31.9737358],[35.1788571,31.9737319],[35.1786843,31.9736031],[35.1786507,31.9736116],[35.1786272,31.9735668],[35.1784168,31.9732785],[35.1783921,31.9732308],[35.1784437,31.9731897],[35.1782725,31.9728433],[35.1781773,31.9727144],[35.1781181,31.9724433],[35.178108,31.9724443],[35.1781062,31.972414],[35.1780991,31.9722887],[35.1781081,31.9721513],[35.1780521,31.9719203],[35.1779929,31.9716616],[35.1779963,31.9715929],[35.1779985,31.9714679],[35.1779695,31.9713075],[35.1779594,31.9711758],[35.1778699,31.9710221],[35.1777814,31.9710345],[35.1777658,31.9710193],[35.1777098,31.9708789],[35.1776718,31.9707377],[35.1776584,31.9706241],[35.1775207,31.9704809],[35.1775208,31.9704332],[35.1775286,31.9703721],[35.1775183,31.9703221],[35.1775617,31.9703042],[35.177633,31.9702669],[35.1777307,31.970215],[35.1778455,31.9701956],[35.1779105,31.9701985],[35.177978,31.9701722],[35.1780314,31.9701852],[35.1780594,31.9701794],[35.1780818,31.9701432],[35.178168,31.9701061],[35.1782352,31.970127],[35.1783122,31.9701032],[35.1783638,31.9700942],[35.1784079,31.970067],[35.1785246,31.9700563],[35.178523,31.9700531],[35.1784224,31.9698534],[35.1783183,31.9698698],[35.1782074,31.9699092],[35.1780395,31.9699184],[35.1779911,31.9698724],[35.1779891,31.9698705],[35.1778917,31.9697659],[35.1778808,31.9697316],[35.1778875,31.9696858],[35.1778431,31.9695619],[35.1778406,31.9695168],[35.1778154,31.9694803],[35.1777944,31.9693543],[35.1777114,31.9691088],[35.1777047,31.9690236],[35.1776722,31.9688086],[35.177672,31.9688074],[35.1777711,31.9687931],[35.1778697,31.9687411],[35.1779961,31.9688218],[35.1779999,31.9688212],[35.1781817,31.9687939],[35.1782816,31.9687861],[35.1783689,31.9687614],[35.1785243,31.9687174],[35.1786855,31.9686895],[35.1787242,31.968658],[35.1787381,31.9685387],[35.1787482,31.9685381],[35.1787473,31.9685141],[35.1788865,31.9684904],[35.1790074,31.9684698],[35.179076,31.9684799],[35.1790682,31.9685073],[35.1790688,31.9685074],[35.1792306,31.9685295],[35.1793677,31.9685342],[35.1794384,31.9685168],[35.1796562,31.9685198],[35.1796944,31.9681314],[35.1796949,31.9681263],[35.1798839,31.9677949],[35.179916,31.9677386],[35.1799061,31.9676599],[35.1798536,31.9675907],[35.1797732,31.9675119],[35.1797438,31.9675191],[35.179713,31.9674946],[35.1796724,31.9674373],[35.1796291,31.9674069],[35.1795969,31.9673693],[35.1795318,31.9673448],[35.1793114,31.9671617],[35.1792813,31.9671617],[35.1791939,31.9670865],[35.1791978,31.9670835],[35.1795372,31.9668289],[35.1793941,31.9666302],[35.1794624,31.9666022],[35.1795117,31.9665509],[35.1796083,31.9664853],[35.1796594,31.9664435],[35.1797637,31.9663815],[35.1798771,31.9662748],[35.1799303,31.9662485],[35.1799618,31.9662475],[35.180038,31.9661949],[35.1803376,31.9660291],[35.1804331,31.9659639],[35.1805302,31.9659096],[35.1806316,31.9658547],[35.1807127,31.9657902],[35.18113,31.9655815],[35.1811339,31.9655806],[35.1818969,31.9654022],[35.1821351,31.9653508],[35.1821444,31.9653488],[35.1824736,31.9652677],[35.1824747,31.9652673],[35.1827288,31.9651847],[35.1828711,31.9651237],[35.1830567,31.9650854],[35.1832416,31.9650445],[35.1832692,31.9650004],[35.1833016,31.9649588],[35.1833384,31.9649199],[35.1833794,31.9648842],[35.1836414,31.9647726],[35.1836949,31.9647514],[35.1837461,31.9647265],[35.1837948,31.9646982],[35.1838548,31.9646708],[35.1839176,31.9646482],[35.1839825,31.9646305],[35.184049,31.964618],[35.1840724,31.9646153],[35.184095,31.9646097],[35.1841165,31.9646013],[35.1841363,31.9645904],[35.1841763,31.9645634],[35.1842201,31.9645412],[35.1842669,31.964524],[35.1843159,31.9645121],[35.184321,31.9645112],[35.1843244,31.9645104],[35.1845155,31.9644659],[35.1847107,31.9644225],[35.1847215,31.9644201],[35.1847726,31.9644091],[35.1848361,31.9644025],[35.185042,31.9644292],[35.1850584,31.9644208],[35.1850761,31.9644146],[35.1850946,31.9644107],[35.1851137,31.9644092],[35.1851327,31.9644101],[35.1851773,31.9644307],[35.1852201,31.964454],[35.1852411,31.9644649],[35.1852637,31.9644731],[35.1852874,31.9644784],[35.1853119,31.9644808],[35.1853438,31.9644883],[35.1853768,31.9644913],[35.1853827,31.9644941],[35.1853931,31.964499],[35.1854081,31.9645085],[35.185444,31.964526],[35.1854773,31.9645467],[35.1855078,31.9645705],[35.1855106,31.9645734],[35.185514,31.9645759],[35.1855178,31.9645779],[35.1855219,31.9645793],[35.1855263,31.9645801],[35.1855307,31.9645803],[35.1855351,31.9645799],[35.1855394,31.9645789],[35.1855434,31.9645773],[35.1855471,31.9645751],[35.1855503,31.9645724],[35.1855783,31.96454],[35.1855891,31.9645332],[35.185601,31.964528],[35.1856139,31.9645245],[35.1856272,31.9645229],[35.185633,31.9645231],[35.1856406,31.9645232],[35.1856538,31.9645254],[35.1856663,31.9645295],[35.1856779,31.9645352],[35.1857194,31.9645659],[35.1857653,31.9645916],[35.1858022,31.9645817],[35.1858366,31.9645668],[35.1858677,31.9645471],[35.1858946,31.9645234],[35.1859164,31.9644961],[35.1859534,31.9645095],[35.1859656,31.9645129],[35.1860763,31.9645436],[35.1861974,31.9645821],[35.1862035,31.9645836],[35.1862218,31.9645881],[35.1862451,31.9645967],[35.1862668,31.9646079],[35.1862755,31.9646113],[35.1862846,31.9646136],[35.1862941,31.9646146],[35.1863037,31.9646142],[35.186313,31.9646126],[35.186322,31.9646098],[35.1863303,31.9646057],[35.1863377,31.9646006],[35.1863441,31.9645945],[35.1863492,31.9645877],[35.186353,31.9645802],[35.1863833,31.9645525],[35.1864292,31.9645659],[35.1865932,31.9645565],[35.1867574,31.9645505],[35.1869218,31.9645478],[35.1869487,31.9645524],[35.1869761,31.964554],[35.1870035,31.9645526],[35.1870403,31.9645599],[35.187078,31.9645629],[35.1871158,31.9645614],[35.187153,31.9645555],[35.1871512,31.964559],[35.1871338,31.9645931],[35.1871373,31.9646328],[35.1871688,31.9646596],[35.1872096,31.9646546],[35.1872024,31.9646786],[35.1871944,31.9647269],[35.1872032,31.9647895],[35.1871977,31.9647885],[35.1871733,31.964784],[35.1871398,31.964767],[35.1870689,31.9648006],[35.1869853,31.9648861],[35.1869644,31.9649192],[35.18688,31.9649802],[35.1868253,31.9650568],[35.1868087,31.9650732],[35.1867821,31.9650994],[35.1867872,31.9651225],[35.1867939,31.9651525],[35.1868226,31.9651925],[35.1868637,31.9651886],[35.1869405,31.9651814],[35.1869942,31.9651699],[35.1870445,31.9651853],[35.1872232,31.9652736],[35.1872264,31.9652752],[35.1873881,31.965369],[35.1873902,31.965372],[35.1875066,31.9655356],[35.187507,31.9655361],[35.1876609,31.9655695],[35.1877099,31.9655731],[35.1878736,31.9656757],[35.1878778,31.9656794],[35.1880121,31.9657974],[35.1880429,31.9658344],[35.1881254,31.9661327],[35.1881366,31.9663164],[35.1881548,31.9664178],[35.1881366,31.9665526],[35.187929,31.966576],[35.1879252,31.9665764],[35.1879202,31.9666437],[35.1879216,31.966711],[35.1879294,31.9667781],[35.1879952,31.9667816],[35.1879919,31.9667998],[35.1879915,31.9668182],[35.1879937,31.9668365],[35.1880067,31.9668691],[35.1880139,31.9669029],[35.1880152,31.9669372],[35.1880105,31.9669713],[35.1880379,31.9670278],[35.1880576,31.9670865],[35.1880685,31.9671426],[35.1880693,31.9671467],[35.1879451,31.9671616],[35.1878216,31.9671801],[35.1878495,31.9672099],[35.1878506,31.9672666],[35.1878584,31.9673228],[35.1878731,31.9673781],[35.187894,31.9674311],[35.1878943,31.9674318],[35.1879488,31.9675833],[35.1879489,31.967584],[35.1879572,31.9677766],[35.1881558,31.9682824],[35.1880097,31.9683596],[35.1880094,31.9683598],[35.1880089,31.96836],[35.1880257,31.9683791],[35.1880262,31.9683788],[35.1881644,31.9683096],[35.1881666,31.9683125],[35.1881782,31.9683273],[35.1882216,31.9683827],[35.1882964,31.968446],[35.1883547,31.9685537],[35.1883846,31.968573],[35.1884993,31.9686639],[35.188528,31.9687108],[35.1891717,31.9692621],[35.1892739,31.9691846],[35.1896946,31.9695564],[35.1896341,31.9695756],[35.189571,31.9695883],[35.1895067,31.9695948],[35.1894418,31.9695951],[35.1893814,31.9695894],[35.1893774,31.969589],[35.1893704,31.969639],[35.1893699,31.9696427],[35.1893662,31.9696689],[35.189355,31.9697775],[35.1893515,31.9698361],[35.1893426,31.9698943],[35.1893283,31.9699517],[35.1893283,31.9699997],[35.1893335,31.9700476],[35.1893437,31.9700948],[35.189349,31.9701374],[35.189348,31.9701802],[35.1893409,31.9702225],[35.1893028,31.9703541],[35.1892716,31.970452],[35.1892611,31.970485],[35.1892547,31.9704856],[35.1891402,31.9704972],[35.1890719,31.9705086],[35.1889752,31.9705011],[35.188879,31.9705147],[35.1888218,31.9705096],[35.1887631,31.9705104],[35.1887535,31.9705106],[35.188657,31.9705009],[35.1881341,31.9704927],[35.1881097,31.9704923],[35.1881099,31.9705076],[35.1877211,31.9704767],[35.1877174,31.9704764],[35.1876844,31.9704889],[35.1876544,31.9705002],[35.1874725,31.9706554],[35.1872653,31.9707471],[35.1870295,31.9709172],[35.1869699,31.9709602],[35.1868666,31.9710994],[35.1868222,31.9711546],[35.1868099,31.9711699],[35.1867448,31.9712275],[35.1866849,31.9712377],[35.1864212,31.9713316],[35.186371,31.9713251],[35.1863203,31.9713251],[35.1862701,31.9713316],[35.1862375,31.9713315],[35.1862053,31.9713361],[35.1861745,31.9713452],[35.1861459,31.9713585],[35.1861203,31.9713757],[35.186081,31.9714017],[35.1860372,31.9714217],[35.1859902,31.9714353],[35.1859094,31.9714604],[35.1858312,31.9714908],[35.1857559,31.9715261],[35.185684,31.9715663],[35.185616,31.9716112],[35.1856147,31.9716057],[35.1856125,31.9716004],[35.1856094,31.9715955],[35.1856055,31.971591],[35.1856009,31.971587],[35.1855956,31.9715837],[35.1855861,31.9715731],[35.1855479,31.971531],[35.1854943,31.9714826],[35.1854354,31.9714389],[35.1853717,31.9714004],[35.1853095,31.9714462],[35.1853056,31.971449],[35.1851893,31.9715828],[35.1851869,31.9715855],[35.1850582,31.9717593],[35.1850548,31.971764],[35.1849196,31.9719439],[35.1847963,31.972108],[35.1847382,31.9721853],[35.1847378,31.9721857],[35.1847065,31.9722115],[35.184686,31.9722271],[35.1846684,31.972245],[35.1846539,31.9722649],[35.1846431,31.9722863],[35.1846359,31.9723089],[35.1846015,31.9723447],[35.1845732,31.9723843],[35.1845721,31.9723907],[35.1845699,31.9723969],[35.1845666,31.9724028],[35.1845622,31.9724081],[35.1845569,31.9724128],[35.1845508,31.9724167],[35.1845312,31.9724316],[35.1845149,31.9724491],[35.1845024,31.9724688],[35.1844942,31.97249],[35.1844903,31.9725121],[35.1844578,31.9725913],[35.1843626,31.9727402],[35.1843624,31.9727407],[35.1843402,31.9727907],[35.1843248,31.9728432],[35.1843167,31.9728967],[35.1843086,31.9729329],[35.1842959,31.972968],[35.1842786,31.9730017],[35.1842353,31.9730356],[35.1841953,31.9730722],[35.1841587,31.9731115],[35.1841435,31.9731198],[35.1841299,31.9731299],[35.1841182,31.9731417],[35.1841087,31.9731548],[35.1841017,31.973169],[35.1840971,31.973184],[35.1840835,31.9732017],[35.1840668,31.9732175],[35.1840476,31.973231],[35.1840262,31.9732418],[35.1840031,31.9732498],[35.1840026,31.9732498],[35.183984,31.97325],[35.1839651,31.9732523],[35.1839467,31.9732567],[35.1839292,31.9732632],[35.183888,31.9732889],[35.1838429,31.9733094],[35.1837948,31.9733242],[35.1837543,31.9733628],[35.1837079,31.9733963],[35.1836565,31.9734239],[35.1836012,31.9734452],[35.1835429,31.9734597],[35.1834712,31.9734827],[35.1834027,31.9735119],[35.1833379,31.9735468],[35.1832777,31.9735871],[35.1832226,31.9736324],[35.1831397,31.9736515],[35.1829762,31.9737803],[35.1829287,31.9738081],[35.1828757,31.9738209],[35.1828251,31.9738404],[35.18277,31.9738788],[35.1827164,31.9739187],[35.1826287,31.9739716],[35.1825622,31.9740067],[35.1825372,31.9740198],[35.1825329,31.9740218],[35.1824992,31.974037],[35.1824115,31.9740778],[35.1823273,31.9741237],[35.1822471,31.9741744],[35.1821711,31.9742297],[35.1821348,31.9742579],[35.182095,31.9742825],[35.1820524,31.9743032],[35.1819785,31.9743439],[35.1819093,31.9743902],[35.1818452,31.9744415],[35.1817144,31.974507],[35.1815859,31.9745748],[35.1815854,31.9745751],[35.1814988,31.9746246],[35.1814096,31.9746705],[35.1813005,31.9747323],[35.1811873,31.9747884],[35.1810703,31.9748384],[35.1810143,31.9748644],[35.1809615,31.9748949],[35.1809124,31.9749296],[35.1808711,31.9749652]]]}},{"type":"Feature","properties":{"b":15,"name":"بئر العلق","name_en":"Ba'aer ElA'laq","bid":293,"area":685473,"parcels":126,"buildings":44,"built":7082},"geometry":{"type":"Polygon","coordinates":[[[35.1752731,31.9775359],[35.1752022,31.9776326],[35.1751614,31.9775986],[35.1751518,31.9775907],[35.1750766,31.9775228],[35.1749343,31.9776009],[35.1748582,31.9774749],[35.1748168,31.9774024],[35.174791,31.9773728],[35.174697,31.9772191],[35.1748023,31.9771609],[35.1748016,31.9771601],[35.1746176,31.9769338],[35.1746173,31.9769335],[35.1741777,31.9766349],[35.1739548,31.976819],[35.1736973,31.9764973],[35.1740898,31.9762104],[35.1740878,31.9762081],[35.1731145,31.9750703],[35.1727853,31.9750044],[35.1725049,31.974599],[35.1724519,31.9745224],[35.1721192,31.9746912],[35.1719041,31.9745267],[35.1719032,31.974526],[35.1716692,31.9743521],[35.1716681,31.9743513],[35.1713615,31.974077],[35.1708364,31.973682],[35.1709119,31.9734721],[35.1714633,31.9734031],[35.1722136,31.9732267],[35.1722244,31.9732248],[35.1722584,31.9732189],[35.1727755,31.9731294],[35.1727987,31.9731254],[35.1727777,31.9731004],[35.1727711,31.9730013],[35.1727595,31.9729027],[35.1727428,31.9728045],[35.1727138,31.9726652],[35.1726794,31.9725268],[35.1726397,31.9723894],[35.1725946,31.9722533],[35.1725456,31.9720965],[35.1724926,31.9719407],[35.172476,31.971897],[35.172454,31.971855],[35.1724268,31.9718154],[35.1723648,31.9717201],[35.1723088,31.9716222],[35.172259,31.9715219],[35.1722375,31.9714377],[35.1722217,31.9713525],[35.1722116,31.9712668],[35.1722073,31.9711807],[35.1722091,31.9710932],[35.1722026,31.9710059],[35.1721878,31.9709194],[35.1721752,31.9708604],[35.1721567,31.9708026],[35.1721323,31.9707465],[35.1721022,31.9706923],[35.172082,31.9706598],[35.1720785,31.9706604],[35.1715367,31.9707532],[35.1715387,31.9707414],[35.1715386,31.9707293],[35.1715364,31.9707175],[35.1715321,31.970706],[35.1715258,31.9706953],[35.1715177,31.9706855],[35.1714966,31.9706764],[35.1714741,31.9706702],[35.1714507,31.9706672],[35.171427,31.9706673],[35.1713689,31.9706587],[35.1713099,31.9706571],[35.1712512,31.9706625],[35.1710723,31.9702081],[35.171258,31.9700894],[35.1714452,31.9699696],[35.1712091,31.9695296],[35.1712606,31.9695277],[35.1714375,31.9694504],[35.1715137,31.9694371],[35.1716305,31.9693893],[35.1716324,31.969397],[35.1716525,31.9694807],[35.1717673,31.9694712],[35.1719773,31.9694493],[35.171982,31.9694488],[35.1720752,31.9694391],[35.1720752,31.9694653],[35.1720765,31.9694651],[35.1721385,31.969456],[35.1722027,31.969452],[35.1722669,31.9694534],[35.1722721,31.969453],[35.1723165,31.9694496],[35.1723662,31.9694512],[35.1724153,31.9694582],[35.1724308,31.9694852],[35.17245,31.9695104],[35.1724726,31.9695334],[35.1724969,31.9696248],[35.172516,31.9697171],[35.1725337,31.9697506],[35.1725451,31.969786],[35.17255,31.9698224],[35.1725481,31.9698591],[35.1725227,31.9698916],[35.172503,31.9699268],[35.1724893,31.9699641],[35.1724828,31.9699739],[35.1724781,31.9699844],[35.1724753,31.9699954],[35.1724744,31.9700067],[35.1724756,31.9700179],[35.1724787,31.9700288],[35.1724837,31.9700392],[35.1724872,31.9700427],[35.1724914,31.9700457],[35.1724961,31.9700479],[35.1725012,31.9700494],[35.1725066,31.9700502],[35.172512,31.9700501],[35.1725173,31.9700492],[35.1725224,31.9700476],[35.172527,31.9700452],[35.1725314,31.9700433],[35.1725732,31.970025],[35.1726348,31.9699975],[35.172681,31.9700035],[35.1727188,31.9699904],[35.1727468,31.9699379],[35.1727944,31.9698985],[35.1728322,31.9698449],[35.1728742,31.9698365],[35.172947,31.9697566],[35.1729596,31.9697328],[35.1729498,31.9696146],[35.1729541,31.9695765],[35.1729793,31.9694655],[35.172979,31.9694646],[35.1729681,31.9694321],[35.1729317,31.9694202],[35.1728631,31.9694202],[35.1727806,31.9694345],[35.172719,31.9694511],[35.1726882,31.969407],[35.1726728,31.9693485],[35.1726729,31.9692925],[35.1725973,31.9692209],[35.1725567,31.9691493],[35.1725428,31.9690371],[35.1728871,31.9689573],[35.1733181,31.96906],[35.1733447,31.9689622],[35.1733532,31.9688834],[35.1733477,31.9685864],[35.1733183,31.9685971],[35.1732427,31.9685995],[35.1731979,31.9685959],[35.1730832,31.9685839],[35.1730342,31.9685696],[35.172995,31.96856],[35.172974,31.968529],[35.172974,31.9684324],[35.1729545,31.9684001],[35.1729405,31.9683727],[35.1729041,31.9683321],[35.1727782,31.9682569],[35.1727278,31.9681519],[35.1725893,31.9680589],[35.1725417,31.9680421],[35.1725641,31.9680147],[35.1725711,31.9680016],[35.1726313,31.9679539],[35.1727069,31.9679157],[35.1727741,31.9678489],[35.1728511,31.9678144],[35.1729799,31.9677905],[35.1730261,31.9677607],[35.1730541,31.9677035],[35.1730765,31.967602],[35.1731031,31.9675448],[35.1731199,31.9674577],[35.1731465,31.9674064],[35.1731731,31.967379],[35.173148,31.9672811],[35.173162,31.967237],[35.1731732,31.9671976],[35.1731914,31.9671988],[35.1733019,31.9672156],[35.1732949,31.9672454],[35.1733075,31.9672764],[35.1733355,31.967311],[35.1733467,31.9673134],[35.1734111,31.9672752],[35.1734713,31.9672621],[35.1735161,31.9672383],[35.1735651,31.9672061],[35.1736378,31.9671453],[35.1736644,31.9671417],[35.1737078,31.9671656],[35.1737165,31.9671905],[35.173719,31.9671978],[35.1737414,31.9672216],[35.1737834,31.96723],[35.1738296,31.9671871],[35.1738814,31.9671441],[35.1739262,31.9670857],[35.1739444,31.9670344],[35.1739374,31.9669926],[35.1739122,31.9668697],[35.1739095,31.9668077],[35.1739207,31.966692],[35.1740061,31.9666848],[35.1741096,31.9666789],[35.1741488,31.9666801],[35.174237,31.9667004],[35.1742999,31.9667362],[35.1743965,31.9667458],[35.1744469,31.9667661],[35.1745225,31.9667733],[35.1745798,31.9667912],[35.174626,31.9668282],[35.1746526,31.9668413],[35.1747002,31.9668759],[35.1747295,31.966889],[35.1747981,31.9668878],[35.1748583,31.9668902],[35.1749003,31.9669177],[35.1749115,31.966938],[35.1749198,31.9669762],[35.1749478,31.9670322],[35.1750528,31.9670704],[35.1751059,31.9670776],[35.1751731,31.9670729],[35.1752235,31.967086],[35.1753257,31.9670896],[35.1753551,31.9670598],[35.1754166,31.9670598],[35.1754797,31.9668021],[35.1755396,31.9667729],[35.1755483,31.9667687],[35.1757722,31.9667115],[35.1758478,31.9667056],[35.1759024,31.9666734],[35.1759598,31.9666424],[35.1760591,31.9666173],[35.1760675,31.9666364],[35.1761312,31.9666556],[35.1761921,31.9666806],[35.1761939,31.9667207],[35.1762019,31.9667603],[35.1762158,31.9667987],[35.176228,31.9668538],[35.1762448,31.966908],[35.1762662,31.966961],[35.1762926,31.9670415],[35.1763065,31.9670955],[35.1763136,31.967123],[35.1763137,31.9671232],[35.1763457,31.9671217],[35.1765404,31.9671125],[35.1765451,31.9671108],[35.1765807,31.967098],[35.1767322,31.9670434],[35.1767182,31.9670136],[35.1766734,31.9668954],[35.1766972,31.9668847],[35.1766818,31.9668215],[35.1766805,31.9668158],[35.1766803,31.96681],[35.1766812,31.9668042],[35.1766831,31.9667986],[35.176686,31.9667934],[35.1766899,31.9667886],[35.1766946,31.9667844],[35.1767001,31.9667809],[35.1767896,31.9667475],[35.1767717,31.9667217],[35.1767592,31.9666936],[35.1767526,31.9666641],[35.1767521,31.9666405],[35.176752,31.966634],[35.1767575,31.9666044],[35.1767483,31.9665972],[35.1767381,31.9665913],[35.1767269,31.9665867],[35.1767151,31.9665834],[35.1767029,31.9665817],[35.1766912,31.9665784],[35.1766803,31.9665735],[35.1766705,31.9665671],[35.1766621,31.9665594],[35.1766553,31.9665507],[35.1765961,31.9664852],[35.1765434,31.9664158],[35.1764934,31.9663589],[35.176449,31.9662987],[35.1764164,31.9662453],[35.1764105,31.9662356],[35.1764128,31.9662336],[35.1764283,31.9662195],[35.1764488,31.9662057],[35.1764714,31.9661947],[35.1764957,31.9661868],[35.1765211,31.966182],[35.1765258,31.9661818],[35.1765305,31.9661809],[35.1765349,31.9661794],[35.176539,31.9661773],[35.1765425,31.9661746],[35.1765456,31.9661715],[35.1765479,31.966168],[35.1765496,31.9661642],[35.1765505,31.9661602],[35.1765506,31.9661561],[35.17655,31.9661521],[35.1765485,31.9661483],[35.1765464,31.9661447],[35.1765435,31.9661414],[35.1765002,31.966009],[35.1764805,31.9659486],[35.1764688,31.9658867],[35.1764652,31.9658241],[35.1764626,31.9658187],[35.1764317,31.9657549],[35.1764345,31.9656603],[35.1764345,31.9656592],[35.1764457,31.965564],[35.176447,31.9655575],[35.176447,31.9655509],[35.1764458,31.9655444],[35.1764088,31.9655445],[35.1763399,31.9654844],[35.1761804,31.9655044],[35.1761797,31.9655011],[35.1761752,31.9654784],[35.1761525,31.9653638],[35.1761469,31.9653355],[35.176251,31.9652696],[35.1763004,31.9652509],[35.1763261,31.9652412],[35.1763719,31.9652238],[35.1764658,31.9651696],[35.176471,31.9651666],[35.1764815,31.9651418],[35.176439,31.9650816],[35.1764615,31.9647781],[35.1764525,31.9647543],[35.1763049,31.9644555],[35.176325,31.9643725],[35.1764157,31.9643754],[35.176418,31.9643448],[35.1763564,31.964258],[35.1762054,31.9639706],[35.1762445,31.9639606],[35.1762827,31.9639446],[35.1763832,31.9639025],[35.176447,31.963861],[35.1764946,31.963819],[35.1765276,31.9638039],[35.1765592,31.9638252],[35.1768354,31.964044],[35.1770745,31.9639324],[35.1771681,31.9638999],[35.1776193,31.9637431],[35.1776528,31.9637315],[35.1777154,31.9638266],[35.1777171,31.9638293],[35.1783204,31.9636195],[35.1785174,31.9641384],[35.1785335,31.964181],[35.178745,31.9646462],[35.1787459,31.9646489],[35.1788507,31.9649591],[35.1789051,31.9655195],[35.178943,31.965797],[35.1789436,31.9658016],[35.1791064,31.9662003],[35.1791088,31.9662041],[35.1791593,31.9662848],[35.1791608,31.966287],[35.1793941,31.9666302],[35.1795372,31.9668289],[35.1791978,31.9670835],[35.1791939,31.9670865],[35.1792813,31.9671617],[35.1793114,31.9671617],[35.1795318,31.9673448],[35.1795969,31.9673693],[35.1796291,31.9674069],[35.1796724,31.9674373],[35.179713,31.9674946],[35.1797438,31.9675191],[35.1797732,31.9675119],[35.1798536,31.9675907],[35.1799061,31.9676599],[35.179916,31.9677386],[35.1798839,31.9677949],[35.1796949,31.9681263],[35.1796944,31.9681314],[35.1796562,31.9685198],[35.1794384,31.9685168],[35.1793677,31.9685342],[35.1792306,31.9685295],[35.1790688,31.9685074],[35.1790682,31.9685073],[35.179076,31.9684799],[35.1790074,31.9684698],[35.1788865,31.9684904],[35.1787473,31.9685141],[35.1787482,31.9685381],[35.1787381,31.9685387],[35.1787242,31.968658],[35.1786855,31.9686895],[35.1785243,31.9687174],[35.1783689,31.9687614],[35.1782816,31.9687861],[35.1781817,31.9687939],[35.1779999,31.9688212],[35.1779961,31.9688218],[35.1778697,31.9687411],[35.1777711,31.9687931],[35.177672,31.9688074],[35.1776722,31.9688086],[35.1777047,31.9690236],[35.1777114,31.9691088],[35.1777944,31.9693543],[35.1778154,31.9694803],[35.1778406,31.9695168],[35.1778431,31.9695619],[35.1778875,31.9696858],[35.1778808,31.9697316],[35.1778917,31.9697659],[35.1779891,31.9698705],[35.1779911,31.9698724],[35.1780395,31.9699184],[35.1782074,31.9699092],[35.1783183,31.9698698],[35.1784224,31.9698534],[35.178523,31.9700531],[35.1785246,31.9700563],[35.1784079,31.970067],[35.1783638,31.9700942],[35.1783122,31.9701032],[35.1782352,31.970127],[35.178168,31.9701061],[35.1780818,31.9701432],[35.1780594,31.9701794],[35.1780314,31.9701852],[35.177978,31.9701722],[35.1779105,31.9701985],[35.1778455,31.9701956],[35.1777307,31.970215],[35.177633,31.9702669],[35.1775617,31.9703042],[35.1775183,31.9703221],[35.1775286,31.9703721],[35.1775208,31.9704332],[35.1775207,31.9704809],[35.1776584,31.9706241],[35.1776718,31.9707377],[35.1777098,31.9708789],[35.1777658,31.9710193],[35.1777814,31.9710345],[35.1778699,31.9710221],[35.1779594,31.9711758],[35.1779695,31.9713075],[35.1779985,31.9714679],[35.1779963,31.9715929],[35.1779929,31.9716616],[35.1780521,31.9719203],[35.1781081,31.9721513],[35.1780991,31.9722887],[35.1781062,31.972414],[35.178108,31.9724443],[35.1781181,31.9724433],[35.1781773,31.9727144],[35.1782725,31.9728433],[35.1784437,31.9731897],[35.1783921,31.9732308],[35.1784168,31.9732785],[35.1786272,31.9735668],[35.1786507,31.9736116],[35.1786843,31.9736031],[35.1788571,31.9737319],[35.1788623,31.9737358],[35.1789742,31.973814],[35.1789748,31.9738144],[35.1790725,31.9738752],[35.1790817,31.9738809],[35.1794019,31.9739917],[35.179328,31.9747789],[35.1793273,31.9747818],[35.1793147,31.9748346],[35.1792836,31.9748375],[35.1790972,31.974879],[35.1790283,31.9748804],[35.1787772,31.9748495],[35.17871,31.9748452],[35.1785816,31.9748688],[35.1784686,31.9749066],[35.1784096,31.974941],[35.1783279,31.975034],[35.1780314,31.975292],[35.177943,31.9753471],[35.1779264,31.9753575],[35.1778809,31.9753975],[35.1777681,31.9754979],[35.1777603,31.9755049],[35.1776989,31.9755333],[35.1776051,31.9755779],[35.1773779,31.9756272],[35.1772423,31.9756726],[35.1770985,31.9759795],[35.1770919,31.9759937],[35.1769566,31.9762087],[35.1769023,31.9762781],[35.1768827,31.9763032],[35.1767193,31.9764252],[35.1765501,31.9765],[35.1764951,31.9765496],[35.176478,31.9765678],[35.1764715,31.9765746],[35.1763489,31.9766612],[35.1763416,31.9766677],[35.1762741,31.9767278],[35.1762453,31.9767447],[35.1761742,31.9767864],[35.1761011,31.9768616],[35.1759835,31.9769596],[35.1757928,31.9771657],[35.1757891,31.9771694],[35.175767,31.977191],[35.1756338,31.9773213],[35.1755195,31.9773785],[35.1754366,31.9774472],[35.1753974,31.9774959],[35.1752731,31.9775359]]]}},{"type":"Feature","properties":{"b":16,"name":"زقلاب","name_en":"Zqlab","bid":294,"area":1057055,"parcels":184,"buildings":233,"built":74876},"geometry":{"type":"Polygon","coordinates":[[[35.1847726,31.9644091],[35.1847215,31.9644201],[35.1847107,31.9644225],[35.1845155,31.9644659],[35.1843244,31.9645104],[35.184321,31.9645112],[35.1843159,31.9645121],[35.1842669,31.964524],[35.1842201,31.9645412],[35.1841763,31.9645634],[35.1841363,31.9645904],[35.1841165,31.9646013],[35.184095,31.9646097],[35.1840724,31.9646153],[35.184049,31.964618],[35.1839825,31.9646305],[35.1839176,31.9646482],[35.1838548,31.9646708],[35.1837948,31.9646982],[35.1837461,31.9647265],[35.1836949,31.9647514],[35.1836414,31.9647726],[35.1833794,31.9648842],[35.1833384,31.9649199],[35.1833016,31.9649588],[35.1832692,31.9650004],[35.1832416,31.9650445],[35.1830567,31.9650854],[35.1828711,31.9651237],[35.1827288,31.9651847],[35.1824747,31.9652673],[35.1824736,31.9652677],[35.1821444,31.9653488],[35.1821351,31.9653508],[35.1818969,31.9654022],[35.1811339,31.9655806],[35.18113,31.9655815],[35.1807127,31.9657902],[35.1806316,31.9658547],[35.1805302,31.9659096],[35.1804331,31.9659639],[35.1803376,31.9660291],[35.180038,31.9661949],[35.1799618,31.9662475],[35.1799303,31.9662485],[35.1798771,31.9662748],[35.1797637,31.9663815],[35.1796594,31.9664435],[35.1796083,31.9664853],[35.1795117,31.9665509],[35.1794624,31.9666022],[35.1793941,31.9666302],[35.1791608,31.966287],[35.1791593,31.9662848],[35.1791088,31.9662041],[35.1791064,31.9662003],[35.1789436,31.9658016],[35.178943,31.965797],[35.1789051,31.9655195],[35.1788507,31.9649591],[35.1787459,31.9646489],[35.178745,31.9646462],[35.1785335,31.964181],[35.1785174,31.9641384],[35.1783204,31.9636195],[35.1777171,31.9638293],[35.1777154,31.9638266],[35.1776528,31.9637315],[35.1776193,31.9637431],[35.1771681,31.9638999],[35.1770745,31.9639324],[35.1768354,31.964044],[35.1765592,31.9638252],[35.1765276,31.9638039],[35.1764946,31.963819],[35.176447,31.963861],[35.1763832,31.9639025],[35.1762827,31.9639446],[35.1762445,31.9639606],[35.1762049,31.9638857],[35.1761944,31.9638659],[35.1761408,31.9637623],[35.1761322,31.9637458],[35.1760789,31.9636308],[35.1760755,31.9636237],[35.1760457,31.9635498],[35.176039,31.9635294],[35.1760293,31.9634999],[35.176021,31.9634745],[35.1760075,31.9634373],[35.1760018,31.9634082],[35.176,31.9633989],[35.1759987,31.96336],[35.1759455,31.9632323],[35.175835,31.9632371],[35.1757497,31.963014],[35.1763977,31.9625775],[35.1763783,31.9624699],[35.1763768,31.9624617],[35.1763026,31.9623758],[35.1763447,31.9620012],[35.1765922,31.9618497],[35.1770522,31.9611039],[35.1770806,31.9610578],[35.1770798,31.9610546],[35.1769078,31.9603878],[35.1766559,31.9603777],[35.1761155,31.9593168],[35.1766983,31.9590664],[35.1765723,31.9588128],[35.1764415,31.958561],[35.1763061,31.958311],[35.176166,31.9580628],[35.1760366,31.9578619],[35.1760312,31.9578533],[35.176026,31.9578452],[35.1759867,31.9577822],[35.17591,31.9576596],[35.1759008,31.9576443],[35.1758894,31.9576261],[35.1757562,31.9574054],[35.1757139,31.9573326],[35.1756779,31.9572574],[35.1756487,31.9571801],[35.1756262,31.9571011],[35.1756155,31.9570355],[35.1756109,31.9569693],[35.1756123,31.9569031],[35.1756134,31.9568012],[35.1756217,31.9566996],[35.1756373,31.9565986],[35.17566,31.9564987],[35.1756742,31.9564501],[35.1756956,31.9564035],[35.1757238,31.9563596],[35.1757583,31.9563191],[35.1757986,31.9562827],[35.1758951,31.9562163],[35.1759737,31.9561685],[35.1761709,31.9560744],[35.1763187,31.9560121],[35.1766859,31.9558729],[35.1770397,31.9557317],[35.1772054,31.9556563],[35.1774525,31.9555159],[35.1775231,31.9554658],[35.1776349,31.9554437],[35.1779911,31.9552899],[35.1782521,31.9544481],[35.1777527,31.9538621],[35.1783439,31.9533602],[35.1791681,31.9520986],[35.1794502,31.9522724],[35.1800859,31.9526199],[35.1800944,31.9526249],[35.1804978,31.9528624],[35.1802656,31.9533228],[35.1802581,31.9533377],[35.1805312,31.9535152],[35.1808356,31.9537062],[35.181017,31.9538341],[35.18112,31.9536642],[35.1811261,31.9536735],[35.1812297,31.9538303],[35.1812765,31.9538599],[35.1813271,31.9538845],[35.1813808,31.9539038],[35.1814294,31.9539261],[35.1814751,31.9539527],[35.1815172,31.9539832],[35.1815553,31.9540173],[35.1815963,31.9540907],[35.181609,31.954113],[35.1816101,31.9541149],[35.1820372,31.9548601],[35.1822066,31.9551381],[35.1822073,31.9551369],[35.182486,31.9546503],[35.1825045,31.954618],[35.1827101,31.9549192],[35.1829851,31.954928],[35.1835946,31.9556117],[35.1837612,31.9558038],[35.18383,31.9558625],[35.1839559,31.955947],[35.1841313,31.9560441],[35.1842565,31.9561095],[35.1842869,31.9561364],[35.1842855,31.9563173],[35.1842854,31.9563233],[35.1842853,31.9563391],[35.1842264,31.9566552],[35.1842154,31.956718],[35.1841998,31.9568067],[35.1842004,31.9568077],[35.1842138,31.9568306],[35.1842219,31.9569554],[35.1842333,31.9570799],[35.1842354,31.9571223],[35.1842429,31.9571642],[35.1842558,31.9572051],[35.1842739,31.9572446],[35.1842842,31.9572615],[35.1842972,31.9572771],[35.1843126,31.957291],[35.1843301,31.9573029],[35.1843494,31.9573126],[35.1845326,31.957822],[35.1845939,31.9578644],[35.1846317,31.9578905],[35.1848341,31.9578326],[35.1848349,31.9578061],[35.1848533,31.9578239],[35.1848625,31.9578328],[35.184866,31.9578362],[35.1848771,31.9578626],[35.1848953,31.9579056],[35.1850288,31.9580037],[35.1852194,31.9580359],[35.1853916,31.9580431],[35.1856082,31.9580558],[35.1856367,31.9580575],[35.1857223,31.9582944],[35.1857407,31.9583393],[35.1857664,31.9583816],[35.1857987,31.9584204],[35.1858508,31.9584824],[35.1858699,31.9585095],[35.1858969,31.9585479],[35.1859249,31.9585768],[35.1859521,31.9585982],[35.1859573,31.9586023],[35.1860232,31.9586902],[35.1860961,31.9587741],[35.1861755,31.9588536],[35.1862049,31.9588407],[35.1862898,31.9589478],[35.1862906,31.9589488],[35.1863174,31.9589965],[35.1863426,31.9590366],[35.1863468,31.9590433],[35.1863711,31.9590841],[35.1863753,31.9590935],[35.186405,31.9591617],[35.1864408,31.9592387],[35.1864651,31.9593117],[35.1864655,31.9593129],[35.1864773,31.959351],[35.1864957,31.9593873],[35.1864962,31.9593883],[35.1865423,31.9594527],[35.186543,31.9594538],[35.1865543,31.9594719],[35.1865684,31.95949],[35.186592,31.9595349],[35.1865952,31.959541],[35.1866195,31.9595781],[35.1866229,31.9595833],[35.186687,31.9596558],[35.1866758,31.9596611],[35.1867043,31.9597076],[35.1868975,31.9597627],[35.1869873,31.9597974],[35.1870966,31.9598591],[35.1871753,31.9599131],[35.1872066,31.9599484],[35.18724,31.9600233],[35.1872567,31.9600405],[35.1873512,31.9601717],[35.1873704,31.9601984],[35.1868234,31.9606239],[35.1868419,31.9606434],[35.1869308,31.960737],[35.1869434,31.9607327],[35.1869852,31.9608093],[35.1869854,31.960835],[35.1870419,31.960807],[35.1870459,31.960805],[35.1870601,31.9608],[35.1870687,31.9608177],[35.1871192,31.960955],[35.1871196,31.960956],[35.1870316,31.9609847],[35.1870047,31.960994],[35.1870492,31.9610219],[35.1871417,31.9609955],[35.1872951,31.9609821],[35.1872969,31.9609933],[35.1872972,31.9609967],[35.1873036,31.9610606],[35.1873024,31.9610761],[35.1871098,31.9610928],[35.1871237,31.9611639],[35.1871238,31.9611642],[35.1870046,31.9612094],[35.1870164,31.961334],[35.1870029,31.9613955],[35.1869985,31.9614014],[35.1869931,31.9614066],[35.1869867,31.961411],[35.1869796,31.9614144],[35.1869719,31.9614168],[35.1869638,31.9614182],[35.1869556,31.9614183],[35.1869475,31.9614174],[35.1869442,31.9614176],[35.1869227,31.9614194],[35.1868986,31.9614246],[35.1868756,31.9614328],[35.1868543,31.9614438],[35.1868541,31.9614477],[35.1868454,31.9616417],[35.1868194,31.9617663],[35.186813,31.9617909],[35.1868326,31.9617928],[35.1867782,31.9620605],[35.1866951,31.9620311],[35.1865557,31.9619932],[35.1864978,31.9619652],[35.1864617,31.9619488],[35.1863923,31.9619224],[35.1863265,31.9618901],[35.1862518,31.9618865],[35.1862461,31.9618864],[35.1862404,31.9618872],[35.186235,31.9618887],[35.18623,31.961891],[35.1862255,31.961894],[35.1862216,31.9618975],[35.1862185,31.9619016],[35.1862162,31.9619061],[35.1862148,31.9619108],[35.1862072,31.9619659],[35.1862053,31.9619731],[35.1862048,31.9619805],[35.1862057,31.9619879],[35.1862082,31.961995],[35.186212,31.9620016],[35.186217,31.9620076],[35.1862242,31.9620202],[35.1862287,31.9620337],[35.1862305,31.9620476],[35.1862293,31.9620616],[35.1862047,31.9622601],[35.1861996,31.9622758],[35.1861915,31.9622906],[35.1861806,31.962304],[35.186171,31.962316],[35.186164,31.9623292],[35.1861596,31.9623432],[35.186158,31.9623577],[35.1861593,31.9623722],[35.186175,31.9624667],[35.186175,31.9624798],[35.1861728,31.9624928],[35.1861684,31.9625054],[35.1861665,31.9625091],[35.1861621,31.9625173],[35.1861379,31.9625688],[35.1861111,31.9626194],[35.186061,31.9625934],[35.1860568,31.9625912],[35.185989,31.9625706],[35.1859202,31.9625526],[35.185838,31.9625373],[35.1857378,31.9625091],[35.1856701,31.9624938],[35.1856588,31.9624974],[35.1859661,31.9628708],[35.1859908,31.962891],[35.1860179,31.9629194],[35.1860404,31.9629504],[35.186058,31.9629837],[35.1860841,31.9630102],[35.1861056,31.9630395],[35.1861222,31.9630711],[35.1861715,31.9631231],[35.1862173,31.9631775],[35.1862367,31.9632034],[35.1862594,31.9632339],[35.1862653,31.9632467],[35.1862692,31.96326],[35.1862711,31.9632736],[35.1862708,31.9632873],[35.1862789,31.9633185],[35.1862923,31.9633485],[35.1863106,31.9633764],[35.1864401,31.9634866],[35.1865739,31.9635929],[35.1867133,31.9637058],[35.1868577,31.9638141],[35.1869493,31.9638861],[35.1870463,31.9639527],[35.1870503,31.9639552],[35.1870688,31.9639662],[35.1871482,31.9640138],[35.1872509,31.9640729],[35.1873559,31.964129],[35.187463,31.9641821],[35.1875169,31.9642028],[35.187573,31.9642186],[35.1876329,31.964236],[35.1876902,31.9642587],[35.1877443,31.9642866],[35.1878065,31.9643343],[35.1878738,31.9643766],[35.1878332,31.964416],[35.1880347,31.9645496],[35.1879559,31.9645612],[35.1878765,31.9645691],[35.1878075,31.9645729],[35.1877968,31.9645735],[35.1877233,31.9645736],[35.1876501,31.9645681],[35.1875779,31.9645569],[35.1875071,31.96454],[35.1874429,31.9645278],[35.1873777,31.9645205],[35.1873119,31.9645181],[35.1872462,31.9645206],[35.187181,31.964528],[35.1871781,31.9645309],[35.187153,31.9645555],[35.1871158,31.9645614],[35.187078,31.9645629],[35.1870403,31.9645599],[35.1870035,31.9645526],[35.1869761,31.964554],[35.1869487,31.9645524],[35.1869218,31.9645478],[35.1867574,31.9645505],[35.1865932,31.9645565],[35.1864292,31.9645659],[35.1863833,31.9645525],[35.186353,31.9645802],[35.1863492,31.9645877],[35.1863441,31.9645945],[35.1863377,31.9646006],[35.1863303,31.9646057],[35.186322,31.9646098],[35.186313,31.9646126],[35.1863037,31.9646142],[35.1862941,31.9646146],[35.1862846,31.9646136],[35.1862755,31.9646113],[35.1862668,31.9646079],[35.1862451,31.9645967],[35.1862218,31.9645881],[35.1862035,31.9645836],[35.1861974,31.9645821],[35.1860763,31.9645436],[35.1859656,31.9645129],[35.1859534,31.9645095],[35.1859164,31.9644961],[35.1858946,31.9645234],[35.1858677,31.9645471],[35.1858366,31.9645668],[35.1858022,31.9645817],[35.1857653,31.9645916],[35.1857194,31.9645659],[35.1856779,31.9645352],[35.1856663,31.9645295],[35.1856538,31.9645254],[35.1856406,31.9645232],[35.185633,31.9645231],[35.1856272,31.9645229],[35.1856139,31.9645245],[35.185601,31.964528],[35.1855891,31.9645332],[35.1855783,31.96454],[35.1855503,31.9645724],[35.1855471,31.9645751],[35.1855434,31.9645773],[35.1855394,31.9645789],[35.1855351,31.9645799],[35.1855307,31.9645803],[35.1855263,31.9645801],[35.1855219,31.9645793],[35.1855178,31.9645779],[35.185514,31.9645759],[35.1855106,31.9645734],[35.1855078,31.9645705],[35.1854773,31.9645467],[35.185444,31.964526],[35.1854081,31.9645085],[35.1853931,31.964499],[35.1853827,31.9644941],[35.1853768,31.9644913],[35.1853438,31.9644883],[35.1853119,31.9644808],[35.1852874,31.9644784],[35.1852637,31.9644731],[35.1852411,31.9644649],[35.1852201,31.964454],[35.1851773,31.9644307],[35.1851327,31.9644101],[35.1851137,31.9644092],[35.1850946,31.9644107],[35.1850761,31.9644146],[35.1850584,31.9644208],[35.185042,31.9644292],[35.1848361,31.9644025],[35.1847726,31.9644091]]]}},{"type":"Feature","properties":{"b":17,"name":"المرج","name_en":"ElMarg","bid":296,"area":840469,"parcels":203,"buildings":297,"built":56496},"geometry":{"type":"Polygon","coordinates":[[[35.189857,31.9650028],[35.1898258,31.9651047],[35.1898245,31.9651046],[35.1896835,31.9650868],[35.1896514,31.9650838],[35.1895961,31.965082],[35.1895674,31.9650772],[35.189503,31.9650665],[35.1894337,31.9650623],[35.1894043,31.9650611],[35.1893925,31.9650383],[35.1893976,31.9646551],[35.1893932,31.964654],[35.1893779,31.9646503],[35.1892683,31.964618],[35.1891938,31.9646351],[35.1891132,31.9646341],[35.1890329,31.9646115],[35.1889723,31.9645859],[35.188972,31.9645858],[35.1889472,31.9645827],[35.1887126,31.9645537],[35.1884661,31.9645429],[35.1881463,31.9645384],[35.188104,31.9645185],[35.1878738,31.9643766],[35.1878065,31.9643343],[35.1877443,31.9642866],[35.1876902,31.9642587],[35.1876329,31.964236],[35.187573,31.9642186],[35.1875169,31.9642028],[35.187463,31.9641821],[35.1873559,31.964129],[35.1872509,31.9640729],[35.1871482,31.9640138],[35.1870688,31.9639662],[35.1870503,31.9639552],[35.1870463,31.9639527],[35.1869493,31.9638861],[35.1868577,31.9638141],[35.1867133,31.9637058],[35.1865739,31.9635929],[35.1864401,31.9634866],[35.1863106,31.9633764],[35.1862923,31.9633485],[35.1862789,31.9633185],[35.1862708,31.9632873],[35.1862711,31.9632736],[35.1862692,31.96326],[35.1862653,31.9632467],[35.1862594,31.9632339],[35.1862367,31.9632034],[35.1862173,31.9631775],[35.1861715,31.9631231],[35.1861222,31.9630711],[35.1861056,31.9630395],[35.1860841,31.9630102],[35.186058,31.9629837],[35.1860404,31.9629504],[35.1860179,31.9629194],[35.1859908,31.962891],[35.1859661,31.9628708],[35.1856588,31.9624974],[35.1856701,31.9624938],[35.1857378,31.9625091],[35.185838,31.9625373],[35.1859202,31.9625526],[35.185989,31.9625706],[35.1860568,31.9625912],[35.186061,31.9625934],[35.1861111,31.9626194],[35.1861379,31.9625688],[35.1861621,31.9625173],[35.1861665,31.9625091],[35.1861684,31.9625054],[35.1861728,31.9624928],[35.186175,31.9624798],[35.186175,31.9624667],[35.1861593,31.9623722],[35.186158,31.9623577],[35.1861596,31.9623432],[35.186164,31.9623292],[35.186171,31.962316],[35.1861806,31.962304],[35.1861915,31.9622906],[35.1861996,31.9622758],[35.1862047,31.9622601],[35.1862293,31.9620616],[35.1862305,31.9620476],[35.1862287,31.9620337],[35.1862242,31.9620202],[35.186217,31.9620076],[35.186212,31.9620016],[35.1862082,31.961995],[35.1862057,31.9619879],[35.1862048,31.9619805],[35.1862053,31.9619731],[35.1862072,31.9619659],[35.1862148,31.9619108],[35.1862162,31.9619061],[35.1862185,31.9619016],[35.1862216,31.9618975],[35.1862255,31.961894],[35.18623,31.961891],[35.186235,31.9618887],[35.1862404,31.9618872],[35.1862461,31.9618864],[35.1862518,31.9618865],[35.1863265,31.9618901],[35.1863923,31.9619224],[35.1864617,31.9619488],[35.1864978,31.9619652],[35.1865557,31.9619932],[35.1866951,31.9620311],[35.1867782,31.9620605],[35.1868326,31.9617928],[35.186813,31.9617909],[35.1868194,31.9617663],[35.1868454,31.9616417],[35.1868541,31.9614477],[35.1868543,31.9614438],[35.1868756,31.9614328],[35.1868986,31.9614246],[35.1869227,31.9614194],[35.1869442,31.9614176],[35.1869475,31.9614174],[35.1869556,31.9614183],[35.1869638,31.9614182],[35.1869719,31.9614168],[35.1869796,31.9614144],[35.1869867,31.961411],[35.1869931,31.9614066],[35.1869985,31.9614014],[35.1870029,31.9613955],[35.1870164,31.961334],[35.1870046,31.9612094],[35.1871238,31.9611642],[35.1871237,31.9611639],[35.1871098,31.9610928],[35.1873024,31.9610761],[35.1873036,31.9610606],[35.1872972,31.9609967],[35.1872969,31.9609933],[35.1872951,31.9609821],[35.1871417,31.9609955],[35.1870492,31.9610219],[35.1870047,31.960994],[35.1870316,31.9609847],[35.1871196,31.960956],[35.1871192,31.960955],[35.1870687,31.9608177],[35.1870601,31.9608],[35.1870459,31.960805],[35.1870419,31.960807],[35.1869854,31.960835],[35.1869852,31.9608093],[35.1869434,31.9607327],[35.1869308,31.960737],[35.1868419,31.9606434],[35.1868234,31.9606239],[35.1873704,31.9601984],[35.1873512,31.9601717],[35.1872567,31.9600405],[35.18724,31.9600233],[35.1872066,31.9599484],[35.1871753,31.9599131],[35.1870966,31.9598591],[35.1869873,31.9597974],[35.1868975,31.9597627],[35.1867043,31.9597076],[35.1866758,31.9596611],[35.186687,31.9596558],[35.1866229,31.9595833],[35.1866195,31.9595781],[35.1865952,31.959541],[35.186592,31.9595349],[35.1865684,31.95949],[35.1865543,31.9594719],[35.186543,31.9594538],[35.1865423,31.9594527],[35.1864962,31.9593883],[35.1864957,31.9593873],[35.1864773,31.959351],[35.1864655,31.9593129],[35.1864651,31.9593117],[35.1864408,31.9592387],[35.186405,31.9591617],[35.1863753,31.9590935],[35.1863711,31.9590841],[35.1863468,31.9590433],[35.1863426,31.9590366],[35.1863174,31.9589965],[35.1862906,31.9589488],[35.1862898,31.9589478],[35.1862049,31.9588407],[35.1861755,31.9588536],[35.1860961,31.9587741],[35.1860232,31.9586902],[35.1859573,31.9586023],[35.1859521,31.9585982],[35.1859249,31.9585768],[35.1858969,31.9585479],[35.1858699,31.9585095],[35.1858508,31.9584824],[35.1857987,31.9584204],[35.1857664,31.9583816],[35.1857407,31.9583393],[35.1857223,31.9582944],[35.1856367,31.9580575],[35.1856082,31.9580558],[35.1853916,31.9580431],[35.1852194,31.9580359],[35.1850288,31.9580037],[35.1848953,31.9579056],[35.1848771,31.9578626],[35.184866,31.9578362],[35.1848625,31.9578328],[35.1848533,31.9578239],[35.1848349,31.9578061],[35.1848341,31.9578326],[35.1846317,31.9578905],[35.1845939,31.9578644],[35.1845326,31.957822],[35.1843494,31.9573126],[35.1843301,31.9573029],[35.1843126,31.957291],[35.1842972,31.9572771],[35.1842842,31.9572615],[35.1842739,31.9572446],[35.1842558,31.9572051],[35.1842429,31.9571642],[35.1842354,31.9571223],[35.1842333,31.9570799],[35.1842219,31.9569554],[35.1842138,31.9568306],[35.1842004,31.9568077],[35.1841998,31.9568067],[35.1842154,31.956718],[35.1842264,31.9566552],[35.1842853,31.9563391],[35.1842854,31.9563233],[35.1842855,31.9563173],[35.1842869,31.9561364],[35.1842869,31.9561254],[35.184287,31.9557775],[35.1849337,31.9559352],[35.1855643,31.9561234],[35.1858304,31.9561104],[35.1858316,31.9561103],[35.1859547,31.9560921],[35.1861027,31.9561004],[35.1861627,31.9561196],[35.186172,31.9561226],[35.1861767,31.9561228],[35.1863019,31.9561291],[35.1863254,31.9561634],[35.1865034,31.9564565],[35.1865459,31.9565653],[35.1865739,31.9566311],[35.1866052,31.9566951],[35.1866242,31.95676],[35.1866231,31.9567714],[35.1867015,31.9569264],[35.1867182,31.9569595],[35.1868605,31.9569219],[35.1870217,31.9568959],[35.1872511,31.9568554],[35.187194,31.9567066],[35.1873564,31.9566789],[35.1876945,31.9565549],[35.1877706,31.956533],[35.1879553,31.9564729],[35.1880773,31.9564481],[35.1882374,31.9564328],[35.1884456,31.9564176],[35.1885195,31.9564186],[35.1887007,31.9568129],[35.1887034,31.9568187],[35.1888528,31.9567673],[35.1891102,31.9566564],[35.1892558,31.9566391],[35.1892585,31.9566378],[35.1897698,31.9563936],[35.1899283,31.9563738],[35.1899094,31.9562849],[35.1898493,31.9560266],[35.1898157,31.9558834],[35.1897751,31.9557545],[35.1896761,31.9555269],[35.1896618,31.9554942],[35.1900069,31.9554749],[35.1900819,31.9549127],[35.190636,31.9550074],[35.1906647,31.9550123],[35.190665,31.9550111],[35.1907249,31.9547744],[35.1913412,31.954846],[35.1914511,31.9545776],[35.1916743,31.9546491],[35.1916767,31.9546458],[35.1918444,31.9544011],[35.1922354,31.9545145],[35.1922368,31.9545149],[35.192498,31.9546028],[35.1929254,31.9540123],[35.1930135,31.9540349],[35.1930835,31.9540666],[35.1932178,31.954168],[35.1940773,31.9532228],[35.1941081,31.9531811],[35.1941739,31.953128],[35.1942956,31.9529706],[35.1944349,31.9528733],[35.194423,31.9528644],[35.1942418,31.9527146],[35.1940788,31.9525649],[35.1939144,31.9524378],[35.1939734,31.9523886],[35.1940267,31.9523053],[35.1940362,31.9522905],[35.1940446,31.9522595],[35.1940327,31.9522064],[35.1940586,31.9520924],[35.1940726,31.9519839],[35.1940894,31.9518837],[35.1941034,31.9517918],[35.1941111,31.9516767],[35.1941356,31.9516105],[35.1941958,31.951493],[35.1942469,31.9514023],[35.1942392,31.9512561],[35.1942777,31.9512436],[35.1943385,31.951249],[35.1943579,31.9512548],[35.1944337,31.9512776],[35.1945435,31.9512979],[35.1947709,31.9514351],[35.1949647,31.9515443],[35.1949017,31.9516248],[35.1948821,31.951703],[35.1947876,31.9517993],[35.1947128,31.9519123],[35.1948471,31.9519953],[35.1950493,31.9521677],[35.1951129,31.9522148],[35.1951885,31.9522476],[35.1952242,31.9522196],[35.1957509,31.9525063],[35.1957657,31.9525143],[35.1960035,31.9526885],[35.1960756,31.9527786],[35.1961469,31.9528442],[35.1959959,31.9529584],[35.1958978,31.9530524],[35.1957922,31.9531699],[35.1956424,31.9533936],[35.1955672,31.9535061],[35.1955698,31.9535525],[35.1956214,31.953692],[35.1956069,31.9537258],[35.1955459,31.9537938],[35.1954787,31.9538433],[35.1952733,31.9539284],[35.1951561,31.9539769],[35.1950478,31.9540266],[35.1951389,31.9544041],[35.1952393,31.9548448],[35.1952427,31.9548465],[35.1957416,31.9550835],[35.1960487,31.9555172],[35.194899,31.9561996],[35.1948739,31.9562144],[35.1949572,31.9562949],[35.1950362,31.956348],[35.1950887,31.9563862],[35.1951629,31.9564673],[35.1953749,31.9564029],[35.1955897,31.9563344],[35.1955909,31.9563338],[35.1963833,31.9559852],[35.1965333,31.9560714],[35.196541,31.9561072],[35.196512,31.956306],[35.1965116,31.9563088],[35.1958755,31.9565092],[35.1959065,31.9566194],[35.1959153,31.9566508],[35.1959154,31.9566511],[35.1957646,31.9566935],[35.1957604,31.9566947],[35.1958373,31.9568098],[35.1962934,31.9567222],[35.1962942,31.9567818],[35.1961955,31.9570723],[35.1961955,31.9570726],[35.1961947,31.9570767],[35.1961626,31.9572542],[35.1961689,31.9573252],[35.1961031,31.9573461],[35.1960674,31.9575],[35.1960656,31.9576426],[35.195974,31.9576592],[35.1959896,31.9577833],[35.1959695,31.9578921],[35.1959918,31.9579914],[35.1959784,31.9580735],[35.1959426,31.9581422],[35.1958709,31.9581479],[35.1958562,31.9582056],[35.1958485,31.9582357],[35.1958609,31.9585276],[35.1958619,31.9585507],[35.1958462,31.9585793],[35.1957858,31.9586156],[35.1956537,31.9587339],[35.1955843,31.9587988],[35.1955104,31.9588465],[35.1953492,31.9589018],[35.1952941,31.95893],[35.1952596,31.9589477],[35.1952646,31.9589567],[35.1952921,31.9590066],[35.1953258,31.9593154],[35.1953378,31.9594258],[35.1953379,31.9594268],[35.1953516,31.9596966],[35.1953625,31.9597417],[35.1955125,31.959757],[35.1955663,31.9597551],[35.1955438,31.9600719],[35.1957198,31.9600825],[35.195803,31.9600538],[35.1959733,31.9600459],[35.1960955,31.9600492],[35.1960543,31.9602861],[35.1960509,31.9603716],[35.1955219,31.9603793],[35.1955214,31.9603793],[35.1955123,31.9606329],[35.1955236,31.9606465],[35.1955545,31.9606746],[35.1955572,31.9606771],[35.1956736,31.9607382],[35.1958361,31.960769],[35.1958765,31.960761],[35.1958846,31.9607609],[35.1960564,31.9607592],[35.1959828,31.961317],[35.1959834,31.9613241],[35.1959968,31.9613534],[35.1959636,31.9613482],[35.1959626,31.961348],[35.1959549,31.9613575],[35.1957485,31.9613027],[35.1955253,31.9612203],[35.1952958,31.9611356],[35.1952601,31.9611266],[35.1952597,31.9611266],[35.195067,31.9611069],[35.1948731,31.961089],[35.1947682,31.9610801],[35.1946373,31.9610777],[35.1946369,31.9610777],[35.1945632,31.9610777],[35.1944757,31.9610592],[35.1944358,31.9610437],[35.1943656,31.9610014],[35.1943645,31.9610007],[35.1943391,31.9609928],[35.1941675,31.9609396],[35.1941329,31.9609289],[35.194076,31.9609113],[35.1939144,31.9608694],[35.1937893,31.9608488],[35.1935414,31.9608128],[35.1934065,31.9607828],[35.1933098,31.9607569],[35.1932189,31.9609039],[35.1930437,31.9611871],[35.193053,31.9612085],[35.1930763,31.9612621],[35.1930819,31.9612765],[35.1931008,31.9613486],[35.1931088,31.9614139],[35.1931125,31.9614445],[35.1931197,31.9615039],[35.1931735,31.9616462],[35.1931981,31.9617025],[35.1932162,31.961792],[35.1931871,31.9617991],[35.1930444,31.961834],[35.1930431,31.9618343],[35.1929249,31.9618569],[35.1928585,31.9618711],[35.1928549,31.9618718],[35.1926762,31.9618908],[35.1926167,31.9618972],[35.1925183,31.9618969],[35.1923953,31.961872],[35.1922909,31.9618509],[35.1922418,31.9618566],[35.192102,31.9619785],[35.1920472,31.9620072],[35.1920533,31.9620349],[35.1919509,31.9622733],[35.1919134,31.9623284],[35.1918837,31.9625644],[35.191905,31.9626551],[35.1919196,31.9627597],[35.191918,31.9628308],[35.1918956,31.9628548],[35.191878,31.9631039],[35.1918772,31.9631158],[35.1918343,31.9632869],[35.1917945,31.963288],[35.191766,31.9632888],[35.1917084,31.963406],[35.1917078,31.9634071],[35.19155,31.963431],[35.1914312,31.9634764],[35.1913795,31.9635133],[35.1913265,31.9635335],[35.191328,31.9635736],[35.1913337,31.9635916],[35.191335,31.9635956],[35.1910029,31.9638178],[35.1908998,31.9638931],[35.1909814,31.9640062],[35.1909978,31.964029],[35.1909667,31.9640644],[35.1910195,31.964182],[35.1910263,31.9641958],[35.1909264,31.9642452],[35.1909193,31.9642343],[35.1908097,31.9643146],[35.190809,31.9643152],[35.1907275,31.9643864],[35.1906598,31.964429],[35.1905962,31.9644577],[35.1905321,31.96451],[35.1905066,31.9645046],[35.1904561,31.9644452],[35.1903568,31.964306],[35.1902649,31.9643721],[35.190215,31.9644142],[35.1901817,31.9644554],[35.1900637,31.964606],[35.189857,31.9650028]]]}},{"type":"Feature","properties":{"b":18,"name":"العلياء","name_en":"ElA'lya'a","bid":298,"area":866351,"parcels":432,"buildings":344,"built":61525},"geometry":{"type":"Polygon","coordinates":[[[35.1969161,31.9683778],[35.1967616,31.9685696],[35.1967251,31.9686283],[35.1966826,31.968684],[35.1966343,31.9687362],[35.1965807,31.9687845],[35.1965222,31.9688284],[35.1964213,31.9689124],[35.1963848,31.9689428],[35.1963784,31.9689484],[35.1963711,31.9689547],[35.1962521,31.9690611],[35.1961849,31.9691117],[35.1961126,31.969157],[35.1960359,31.9691967],[35.1959554,31.9692304],[35.1959441,31.9692339],[35.1958912,31.9692503],[35.1958251,31.9692649],[35.1957576,31.9692742],[35.1956895,31.9692781],[35.1956235,31.9692871],[35.1955742,31.9692896],[35.1955568,31.9692905],[35.1955386,31.9692899],[35.1954901,31.9692883],[35.1954135,31.9692667],[35.1953886,31.9692581],[35.1953391,31.9692406],[35.1952939,31.9692216],[35.1952641,31.9692088],[35.1952159,31.9691845],[35.1951921,31.9691723],[35.1951645,31.9691559],[35.1951234,31.9691314],[35.194994,31.9690623],[35.1949142,31.9690161],[35.1948677,31.9689892],[35.1947447,31.9689121],[35.1945029,31.9687794],[35.194422,31.9687435],[35.1944174,31.9687418],[35.1943896,31.9687315],[35.1943383,31.9687126],[35.1941469,31.9686507],[35.1941416,31.9686492],[35.1941367,31.9686476],[35.194132,31.9686462],[35.1940997,31.9686368],[35.1939532,31.9685943],[35.1937034,31.9685002],[35.1936812,31.968492],[35.1934527,31.9684081],[35.1933251,31.9683594],[35.1933218,31.9683601],[35.1931605,31.9683928],[35.1931709,31.9684589],[35.1931739,31.9685255],[35.1931779,31.9686012],[35.1931891,31.9686765],[35.1932075,31.9687507],[35.1932105,31.968762],[35.1932207,31.9688004],[35.1932229,31.9688089],[35.1932448,31.9688655],[35.1932729,31.9689201],[35.1933071,31.9689721],[35.1932164,31.9689473],[35.1932119,31.9689459],[35.1931572,31.9689282],[35.1931512,31.9689269],[35.1930991,31.9689156],[35.1930397,31.9689091],[35.1929704,31.9689068],[35.1929016,31.9688992],[35.1928339,31.9688864],[35.1927944,31.9688817],[35.1927555,31.9688738],[35.1927178,31.9688625],[35.192656,31.968825],[35.1925988,31.9687826],[35.192572,31.9687668],[35.1925484,31.9687475],[35.1925289,31.9687253],[35.1925185,31.9687134],[35.1925061,31.9687031],[35.1924918,31.9686946],[35.1924761,31.9686883],[35.1924595,31.9686841],[35.1924422,31.9686823],[35.1924224,31.9686704],[35.192405,31.9686559],[35.1923904,31.9686394],[35.1923247,31.9686104],[35.1922616,31.9685773],[35.1922015,31.9685404],[35.1921942,31.9685371],[35.1921704,31.9685264],[35.1921371,31.9685165],[35.192121,31.9685144],[35.1921055,31.9685102],[35.192091,31.968504],[35.192022,31.9684815],[35.1919559,31.9684532],[35.1919546,31.9684531],[35.1918634,31.9684423],[35.1917712,31.9684294],[35.1917318,31.9684273],[35.1916932,31.9684201],[35.1916564,31.9684079],[35.1916113,31.9683981],[35.1915655,31.9683912],[35.1915375,31.9683908],[35.1915099,31.9683868],[35.1914833,31.9683793],[35.1914584,31.9683685],[35.1913367,31.968328],[35.1912128,31.9682927],[35.1911866,31.9682824],[35.1911589,31.9682754],[35.1911199,31.9682677],[35.191083,31.9682547],[35.1910491,31.9682366],[35.1909672,31.9681972],[35.1909607,31.9681956],[35.1908388,31.9681642],[35.1907111,31.9681292],[35.1906893,31.9681223],[35.1906689,31.9681129],[35.1906501,31.9681012],[35.1906334,31.9680874],[35.1906072,31.968078],[35.1905832,31.968065],[35.1905621,31.9680487],[35.1905446,31.9680296],[35.1905148,31.9680032],[35.1904872,31.9679753],[35.190484,31.9679723],[35.190454,31.9679441],[35.1904216,31.9679112],[35.1904031,31.9678912],[35.1903719,31.9678536],[35.1903575,31.9678355],[35.1903172,31.9677772],[35.1903109,31.9677663],[35.1903065,31.9677548],[35.1903039,31.9677428],[35.1903032,31.9677307],[35.1902841,31.967709],[35.1902612,31.9676901],[35.1901668,31.9675702],[35.1901259,31.9675201],[35.1900821,31.9674718],[35.1900786,31.9674665],[35.1900437,31.9674143],[35.189999,31.9673603],[35.1899487,31.9673103],[35.1899485,31.9673101],[35.189904,31.9672549],[35.1898547,31.9672027],[35.1897938,31.96708],[35.1897302,31.9669581],[35.1897199,31.9669362],[35.1896922,31.9668773],[35.1896609,31.9667945],[35.1896365,31.96671],[35.1896337,31.9666867],[35.1896321,31.9666826],[35.1895638,31.9665107],[35.1895583,31.9664643],[35.1895603,31.9664177],[35.1895602,31.9664173],[35.1895337,31.9662922],[35.1895102,31.9661082],[35.1895237,31.9660116],[35.1895231,31.9660065],[35.1895102,31.9658999],[35.1895102,31.9658996],[35.1894666,31.9657621],[35.1894661,31.9657586],[35.1894286,31.965479],[35.1894285,31.9654786],[35.1893951,31.9652735],[35.1893951,31.9652732],[35.1894043,31.9650611],[35.1894337,31.9650623],[35.189503,31.9650665],[35.1895674,31.9650772],[35.1895961,31.965082],[35.1896514,31.9650838],[35.1896835,31.9650868],[35.1898245,31.9651046],[35.1898258,31.9651047],[35.189857,31.9650028],[35.1900637,31.964606],[35.1901817,31.9644554],[35.190215,31.9644142],[35.1902649,31.9643721],[35.1903568,31.964306],[35.1904561,31.9644452],[35.1905066,31.9645046],[35.1905321,31.96451],[35.1905962,31.9644577],[35.1906598,31.964429],[35.1907275,31.9643864],[35.190809,31.9643152],[35.1908097,31.9643146],[35.1909193,31.9642343],[35.1909264,31.9642452],[35.1910263,31.9641958],[35.1910195,31.964182],[35.1909667,31.9640644],[35.1909978,31.964029],[35.1909814,31.9640062],[35.1908998,31.9638931],[35.1910029,31.9638178],[35.191335,31.9635956],[35.1913337,31.9635916],[35.191328,31.9635736],[35.1913265,31.9635335],[35.1913795,31.9635133],[35.1914312,31.9634764],[35.19155,31.963431],[35.1917078,31.9634071],[35.1917084,31.963406],[35.191766,31.9632888],[35.1917945,31.963288],[35.1918343,31.9632869],[35.1918772,31.9631158],[35.191878,31.9631039],[35.1918956,31.9628548],[35.191918,31.9628308],[35.1919196,31.9627597],[35.191905,31.9626551],[35.1918837,31.9625644],[35.1919134,31.9623284],[35.1919509,31.9622733],[35.1920533,31.9620349],[35.1920472,31.9620072],[35.192102,31.9619785],[35.1922418,31.9618566],[35.1922909,31.9618509],[35.1923953,31.961872],[35.1925183,31.9618969],[35.1926167,31.9618972],[35.1926762,31.9618908],[35.1928549,31.9618718],[35.1928585,31.9618711],[35.1929249,31.9618569],[35.1930431,31.9618343],[35.1930444,31.961834],[35.1931871,31.9617991],[35.1932162,31.961792],[35.1931981,31.9617025],[35.1931735,31.9616462],[35.1931197,31.9615039],[35.1931125,31.9614445],[35.1931088,31.9614139],[35.1931008,31.9613486],[35.1930819,31.9612765],[35.1930763,31.9612621],[35.193053,31.9612085],[35.1930437,31.9611871],[35.1932189,31.9609039],[35.1933098,31.9607569],[35.1934065,31.9607828],[35.1935414,31.9608128],[35.1937893,31.9608488],[35.1939144,31.9608694],[35.194076,31.9609113],[35.1941329,31.9609289],[35.1941675,31.9609396],[35.1943391,31.9609928],[35.1943645,31.9610007],[35.1943656,31.9610014],[35.1944358,31.9610437],[35.1944757,31.9610592],[35.1945632,31.9610777],[35.1946369,31.9610777],[35.1946373,31.9610777],[35.1947682,31.9610801],[35.1948731,31.961089],[35.195067,31.9611069],[35.1952597,31.9611266],[35.1952601,31.9611266],[35.1952958,31.9611356],[35.1955253,31.9612203],[35.1957485,31.9613027],[35.1959549,31.9613575],[35.1959626,31.961348],[35.1959636,31.9613482],[35.1959968,31.9613534],[35.1959834,31.9613241],[35.1961721,31.9613313],[35.1965332,31.961345],[35.1966242,31.9613485],[35.1967372,31.9613506],[35.1967651,31.9613511],[35.196967,31.9613549],[35.1972556,31.9613603],[35.1973665,31.96135],[35.1975704,31.961331],[35.1982543,31.9611435],[35.1986292,31.9611395],[35.198793,31.9611377],[35.1988904,31.9611367],[35.2001255,31.9611364],[35.2001249,31.9611669],[35.2001176,31.9615421],[35.2001171,31.9615687],[35.2001176,31.9615687],[35.2003396,31.9615697],[35.2004426,31.9615501],[35.200503,31.9615315],[35.200559,31.9615039],[35.2006603,31.9614657],[35.2007152,31.9614566],[35.2007667,31.9614614],[35.2008014,31.9615005],[35.2008036,31.9615669],[35.2008081,31.9615955],[35.2008937,31.9617678],[35.2008999,31.9618098],[35.2009609,31.9619362],[35.2010605,31.9619353],[35.2010919,31.9619959],[35.201112,31.962078],[35.2011417,31.962162],[35.2011539,31.9622671],[35.201154,31.9622684],[35.2019198,31.9621357],[35.2019785,31.9622713],[35.2017636,31.9623467],[35.2016729,31.9623786],[35.201688,31.9626716],[35.2019104,31.9630389],[35.2019108,31.9630396],[35.2022399,31.9629718],[35.2022413,31.9629715],[35.2025837,31.9628883],[35.2027098,31.9628665],[35.2030192,31.9628129],[35.203341,31.9626993],[35.203549,31.9630564],[35.2037105,31.9633335],[35.2037312,31.9633693],[35.2036718,31.9634027],[35.2038162,31.963648],[35.2038465,31.9637082],[35.2039948,31.9639668],[35.2040549,31.964029],[35.2040597,31.9640341],[35.2041269,31.9639783],[35.2041812,31.9639153],[35.2042165,31.9638284],[35.2042428,31.9637993],[35.2043962,31.9636996],[35.2044488,31.9636805],[35.2045484,31.9638895],[35.2045742,31.9639964],[35.2045909,31.9641016],[35.204591,31.9641023],[35.2046285,31.9642083],[35.204638,31.9642981],[35.2046303,31.9644392],[35.2046597,31.9645236],[35.2047164,31.9646029],[35.2048763,31.9647215],[35.204434,31.9651468],[35.2044291,31.965152],[35.2042539,31.9653383],[35.2042518,31.9653408],[35.2039504,31.9656899],[35.2038543,31.9657984],[35.2038371,31.9658179],[35.2038285,31.9658117],[35.2037342,31.9658787],[35.2036562,31.965908],[35.2035411,31.9659473],[35.2034669,31.9659658],[35.2034145,31.9659688],[35.2034137,31.9659688],[35.2032322,31.9659927],[35.2031454,31.965996],[35.2028744,31.9659899],[35.2027493,31.9659992],[35.2026325,31.9660307],[35.2023641,31.9661658],[35.2023375,31.9661803],[35.2020696,31.966327],[35.2020693,31.9663272],[35.2017584,31.9665017],[35.2016786,31.9663857],[35.2016642,31.966396],[35.2015519,31.966476],[35.2014906,31.9665236],[35.2014297,31.9665708],[35.2013122,31.9666698],[35.2012737,31.9667052],[35.2011997,31.966773],[35.2010924,31.96688],[35.2009903,31.9669908],[35.2009635,31.9670181],[35.2009075,31.9670757],[35.2008288,31.9671634],[35.2007545,31.9672539],[35.2007211,31.9672968],[35.2006821,31.9673362],[35.200638,31.9673714],[35.2005893,31.9674019],[35.2005369,31.9674275],[35.2004951,31.9674426],[35.2004813,31.9674476],[35.2003675,31.967458],[35.2002531,31.9674615],[35.2001387,31.9674581],[35.2000032,31.9674611],[35.1998677,31.96746],[35.1997957,31.9674469],[35.199725,31.967429],[35.1996561,31.9674066],[35.1996357,31.9673932],[35.1995433,31.9673329],[35.1994356,31.9672538],[35.1993478,31.9671779],[35.1992576,31.967104],[35.19922,31.9670833],[35.1992117,31.9670788],[35.199163,31.9670577],[35.1991121,31.9670409],[35.1990861,31.9670348],[35.1990594,31.9670286],[35.1989719,31.9670204],[35.198884,31.9670179],[35.1987961,31.9670212],[35.1987087,31.9670301],[35.1986224,31.9670447],[35.1985449,31.9670631],[35.1985377,31.9670648],[35.1985011,31.9670739],[35.198431,31.9670911],[35.1983267,31.9671238],[35.1982254,31.9671628],[35.1981783,31.9671845],[35.1981276,31.9672078],[35.1980338,31.9672585],[35.1979262,31.9673337],[35.1978786,31.9673701],[35.197858,31.9673859],[35.1978226,31.9674129],[35.1977231,31.9674959],[35.197704,31.9675159],[35.1975527,31.9676737],[35.1974806,31.9677489],[35.1972431,31.9680053],[35.1970767,31.9681897],[35.1969161,31.9683778]]]}},{"type":"Feature","properties":{"b":19,"name":"البلد","name_en":"El Baled","bid":300,"area":44515,"parcels":1,"buildings":110,"built":11375},"geometry":{"type":"Polygon","coordinates":[[[35.2011897,31.9708236],[35.2011326,31.970918],[35.2013106,31.971065],[35.2013319,31.9711595],[35.201325,31.9711855],[35.2013137,31.9712103],[35.2012981,31.9712334],[35.2012787,31.9712543],[35.2012558,31.9712724],[35.20123,31.9712874],[35.201218,31.9712776],[35.201174,31.9712416],[35.2011252,31.9712016],[35.2010889,31.9711719],[35.2010532,31.9711503],[35.2010228,31.9711318],[35.2008952,31.9710841],[35.2008361,31.9710312],[35.2007922,31.9709915],[35.2008415,31.9709419],[35.2007434,31.9708443],[35.2007145,31.9708099],[35.2006574,31.970742],[35.2006478,31.9707459],[35.2005589,31.9707828],[35.2005587,31.9707826],[35.2005213,31.9707237],[35.200505,31.9707227],[35.2004575,31.9707198],[35.2004409,31.9707233],[35.2004378,31.9707239],[35.2003599,31.9707403],[35.2003588,31.9707405],[35.2003572,31.970743],[35.2003135,31.9708078],[35.200235,31.9708669],[35.2000889,31.9709406],[35.1999154,31.9710565],[35.1998054,31.9711553],[35.1997866,31.9711872],[35.1997714,31.9712129],[35.1997197,31.9712067],[35.1997168,31.9712044],[35.1997127,31.9712015],[35.1996887,31.9711837],[35.1996626,31.9711437],[35.1996492,31.9710456],[35.1996312,31.9709886],[35.1996232,31.970963],[35.1996223,31.9709604],[35.1996239,31.970908],[35.1996257,31.970848],[35.1996685,31.9708359],[35.1997861,31.9708194],[35.1998491,31.9707972],[35.1998944,31.9707843],[35.1999364,31.9707786],[35.1999305,31.9707691],[35.1998331,31.9706111],[35.1998512,31.9706032],[35.199868,31.9705959],[35.1998743,31.9705932],[35.1998772,31.9705688],[35.1998793,31.970551],[35.19986,31.9705066],[35.1998268,31.9705093],[35.1997895,31.9705123],[35.1997842,31.9705014],[35.1997651,31.9704622],[35.1997574,31.9704622],[35.1997503,31.9704622],[35.1997349,31.9704622],[35.1996937,31.970429],[35.199687,31.9704236],[35.1996465,31.9704376],[35.1996417,31.9704393],[35.1995777,31.9702778],[35.1995745,31.9702696],[35.1995567,31.9702708],[35.1995088,31.970274],[35.199488,31.9702754],[35.1994292,31.9700563],[35.1994326,31.9700548],[35.1994494,31.9700475],[35.1994914,31.9700291],[35.1996896,31.9699339],[35.1998726,31.9698996],[35.1999195,31.9698999],[35.1999202,31.9698998],[35.1999657,31.9699],[35.2000143,31.9699001],[35.2000523,31.9699003],[35.2001086,31.9698838],[35.2001208,31.9698703],[35.2001898,31.9697938],[35.2004437,31.9695126],[35.2004862,31.9693713],[35.2004832,31.9693342],[35.200475,31.9692339],[35.2004704,31.9692132],[35.2004638,31.9691843],[35.2005892,31.96919],[35.2006143,31.9691635],[35.2006147,31.9691631],[35.2007392,31.9690316],[35.2008333,31.9689323],[35.2008943,31.969033],[35.2009096,31.9690583],[35.2009408,31.9691098],[35.2009466,31.9691101],[35.2009833,31.9691117],[35.2011087,31.9689514],[35.2011094,31.9689514],[35.2011565,31.9689524],[35.2011913,31.9689645],[35.201234,31.9689795],[35.2013139,31.969001],[35.2013793,31.9690135],[35.2013957,31.9690167],[35.2013971,31.969019],[35.2014209,31.9690594],[35.2014521,31.9690991],[35.2014887,31.9691354],[35.2015456,31.9691605],[35.201605,31.9691809],[35.2016665,31.9691962],[35.2018775,31.969265],[35.201951,31.9692771],[35.2020231,31.969294],[35.2020936,31.9693156],[35.2021028,31.969322],[35.2021106,31.9693296],[35.2021169,31.9693381],[35.2021214,31.9693475],[35.2021241,31.9693574],[35.2021333,31.9693601],[35.2021401,31.9693611],[35.2021429,31.9693615],[35.2021526,31.9693616],[35.2021622,31.9693603],[35.2021714,31.9693576],[35.20218,31.9693538],[35.2022662,31.9693131],[35.2023557,31.969278],[35.2023561,31.9692779],[35.2023989,31.9692648],[35.2024118,31.9692626],[35.2024439,31.9692571],[35.202448,31.9692696],[35.2024532,31.969285],[35.2024655,31.9693087],[35.202467,31.9693114],[35.2024672,31.969321],[35.202468,31.9693527],[35.2024681,31.9693542],[35.2024631,31.9693967],[35.2024523,31.9694385],[35.2024548,31.9694582],[35.2024608,31.9694773],[35.2024703,31.9694954],[35.2024829,31.969512],[35.2024984,31.9695268],[35.2025095,31.9696202],[35.2025241,31.9696943],[35.2025278,31.9697128],[35.2025283,31.9697253],[35.2025309,31.9697924],[35.2025367,31.9698457],[35.2025395,31.9698716],[35.2025472,31.969914],[35.2025532,31.9699476],[35.2025537,31.9699503],[35.2025582,31.9699602],[35.2025606,31.9699706],[35.2025609,31.9699812],[35.2025591,31.9699917],[35.2025553,31.9700017],[35.2025495,31.9700111],[35.2025419,31.9700195],[35.2025327,31.9700266],[35.2025123,31.9700328],[35.2024912,31.9700365],[35.2024696,31.9700376],[35.202448,31.9700362],[35.202432,31.9700366],[35.2024163,31.9700392],[35.2024014,31.9700441],[35.2023876,31.970051],[35.2023754,31.9700599],[35.2023651,31.9700703],[35.2023571,31.9700821],[35.2023497,31.970103],[35.202348,31.9701078],[35.2023679,31.9701111],[35.2024228,31.9701204],[35.2024963,31.9701379],[35.2025679,31.9701601],[35.2026374,31.970187],[35.202626,31.9701967],[35.2026044,31.9702152],[35.2026022,31.9702179],[35.2024483,31.9704169],[35.2024298,31.9704408],[35.2023875,31.9704569],[35.2022881,31.9704948],[35.2022619,31.9704995],[35.2022368,31.9705075],[35.2022134,31.9705186],[35.2021923,31.9705326],[35.2021739,31.9705492],[35.2021644,31.9705678],[35.2021585,31.9705875],[35.2021563,31.9706077],[35.2021571,31.9706185],[35.2021579,31.970628],[35.202163,31.9706469],[35.2021632,31.9706478],[35.2021722,31.9706666],[35.202178,31.9706833],[35.2021805,31.9707007],[35.2021796,31.9707181],[35.2021753,31.9707352],[35.2021677,31.9707514],[35.2021605,31.9707614],[35.2021571,31.9707663],[35.20211,31.9707606],[35.2020518,31.970731],[35.2020206,31.9707266],[35.2020188,31.9707263],[35.2019846,31.9707215],[35.201941,31.9706947],[35.2018281,31.9706785],[35.2018212,31.9706776],[35.2017873,31.9707338],[35.2017797,31.9707463],[35.2014841,31.970731],[35.2014035,31.9707119],[35.2013151,31.9706957],[35.2011897,31.9708236]]]}},{"type":"Feature","properties":{"b":20,"name":"شعب الخرفيش","name_en":"ShA'b ElKhrfeesh","bid":302,"area":543782,"parcels":111,"buildings":13,"built":1783},"geometry":{"type":"Polygon","coordinates":[[[35.2007583,31.9832141],[35.2006326,31.9833037],[35.2005902,31.9833344],[35.2005524,31.9833692],[35.2005196,31.9834076],[35.2004924,31.983449],[35.2004499,31.9835705],[35.2004117,31.9836931],[35.2004031,31.9836995],[35.2003935,31.9837048],[35.2003832,31.9837089],[35.2003723,31.9837117],[35.2003684,31.9837115],[35.2003554,31.9837108],[35.2002312,31.9837045],[35.200276,31.98346],[35.2003243,31.9832159],[35.2003843,31.9828828],[35.2003904,31.9828494],[35.2004024,31.9827352],[35.2004073,31.9826206],[35.2004049,31.982506],[35.2003953,31.9823916],[35.2003785,31.9822779],[35.2003546,31.9821651],[35.2003366,31.9821179],[35.2003121,31.982073],[35.2002815,31.9820309],[35.2002451,31.9819922],[35.2002036,31.9819576],[35.2001575,31.9819274],[35.1999988,31.981797],[35.1998442,31.981663],[35.1996939,31.9815256],[35.1996823,31.9815093],[35.1996715,31.9814941],[35.1996369,31.9814356],[35.1996085,31.9813748],[35.1995865,31.9813121],[35.199571,31.981248],[35.1995623,31.981183],[35.1995603,31.9811175],[35.1995652,31.9810522],[35.1995671,31.9809406],[35.199575,31.9808292],[35.1995887,31.9807181],[35.1996019,31.9806413],[35.1996077,31.9806165],[35.1996207,31.980565],[35.1996238,31.980555],[35.1997401,31.9805826],[35.2000973,31.9806647],[35.2002013,31.9804284],[35.2002929,31.9802801],[35.2003563,31.9802318],[35.2003979,31.9801527],[35.2004459,31.9800991],[35.2005169,31.9799897],[35.2005211,31.9799833],[35.2005491,31.979895],[35.2007111,31.979895],[35.2010124,31.9799379],[35.2010502,31.9798151],[35.2010723,31.9796481],[35.20112,31.979656],[35.2013166,31.9796456],[35.2015192,31.9796388],[35.2015238,31.9795917],[35.2015226,31.9795443],[35.2015095,31.9795193],[35.2015004,31.9794929],[35.2014954,31.9794658],[35.2014946,31.9794384],[35.2017197,31.9794508],[35.2017241,31.9794909],[35.2017118,31.9797553],[35.2017163,31.9798908],[35.2017063,31.9799824],[35.2017062,31.9799834],[35.2016973,31.9800206],[35.2016928,31.9800588],[35.2017353,31.9801409],[35.2017656,31.9802325],[35.2018675,31.9804921],[35.2022666,31.9803963],[35.2022773,31.9803938],[35.2023717,31.9803743],[35.2023881,31.9803709],[35.2025886,31.9803003],[35.2026647,31.9802716],[35.202836,31.980179],[35.2031335,31.9800723],[35.2031339,31.9800722],[35.2030589,31.9798679],[35.2030453,31.9798315],[35.2031853,31.9797927],[35.2032497,31.9797939],[35.2033008,31.9798564],[35.20335,31.9799166],[35.2033896,31.9799558],[35.203435,31.97999],[35.2034855,31.9800187],[35.2034995,31.9800372],[35.203506,31.9800435],[35.2035166,31.9800538],[35.2035363,31.9800681],[35.2035583,31.9800798],[35.2035941,31.9800851],[35.2036286,31.980095],[35.203661,31.9801093],[35.2036904,31.9801275],[35.2037293,31.9801435],[35.2037704,31.9801547],[35.203813,31.9801608],[35.2038561,31.9801619],[35.2039323,31.980138],[35.2040051,31.9801075],[35.2040413,31.9800918],[35.20408,31.9800811],[35.2041201,31.9800754],[35.2041608,31.980075],[35.204201,31.9800798],[35.2042884,31.9801095],[35.2043768,31.9801371],[35.2043825,31.9801357],[35.2043864,31.9801347],[35.2043954,31.9801312],[35.2044036,31.9801265],[35.2044109,31.9801208],[35.2044171,31.9801142],[35.2044485,31.9800855],[35.2045269,31.9800369],[35.2046008,31.9800063],[35.2046548,31.980068],[35.2046568,31.9800703],[35.2047028,31.9800769],[35.2047475,31.9800884],[35.2047725,31.9800926],[35.2047979,31.9800938],[35.2048233,31.9800921],[35.2048482,31.9800874],[35.2049591,31.9800559],[35.2050254,31.9800452],[35.2050928,31.9800413],[35.2051602,31.9800442],[35.2052267,31.980054],[35.2054754,31.9800977],[35.205725,31.9801371],[35.205775,31.9801408],[35.2058253,31.9801393],[35.2058749,31.9801326],[35.2059232,31.9801208],[35.2059536,31.9801139],[35.2059849,31.9801111],[35.2060164,31.9801125],[35.2060472,31.980118],[35.2060766,31.9801275],[35.2060871,31.9801315],[35.2060982,31.9801342],[35.2061096,31.9801356],[35.2061212,31.9801356],[35.2061326,31.9801342],[35.206062,31.9798622],[35.2060833,31.9798507],[35.2061061,31.9798408],[35.2061272,31.9798283],[35.206146,31.9798135],[35.2061534,31.9798039],[35.2061625,31.9797955],[35.2061731,31.9797884],[35.206185,31.9797829],[35.2061977,31.9797792],[35.206211,31.9797772],[35.2063037,31.9797293],[35.2063946,31.9796789],[35.2063646,31.9796348],[35.2063385,31.9795889],[35.2063162,31.9795415],[35.206277,31.9794642],[35.2066925,31.9794403],[35.206866,31.9790652],[35.2066107,31.9787427],[35.2071381,31.978401],[35.2071494,31.9783919],[35.2071622,31.9783844],[35.207176,31.9783784],[35.2071907,31.9783742],[35.2072024,31.9783785],[35.2072147,31.9783811],[35.2072273,31.9783819],[35.20724,31.9783809],[35.2073077,31.9783325],[35.2073777,31.9782864],[35.2073885,31.9782799],[35.207398,31.978272],[35.207406,31.978263],[35.2074124,31.9782531],[35.2074169,31.9782425],[35.2074158,31.9782188],[35.2074184,31.9781951],[35.2074247,31.9781719],[35.2074268,31.9781632],[35.2074274,31.9781544],[35.2074264,31.9781456],[35.2074239,31.9781371],[35.20742,31.9781289],[35.2074147,31.9781213],[35.2074867,31.9780686],[35.207554,31.9780116],[35.2076162,31.9779505],[35.2076908,31.9779398],[35.207755,31.9779257],[35.207764,31.9779237],[35.2083798,31.9779638],[35.2083866,31.9779638],[35.2093347,31.9779666],[35.209335,31.9779666],[35.2098187,31.9779666],[35.2098791,31.9779182],[35.2099116,31.9778922],[35.209937,31.9774665],[35.2099385,31.9774407],[35.2099659,31.9774416],[35.2103979,31.9774545],[35.2105431,31.9774588],[35.2105812,31.977461],[35.2105935,31.9774617],[35.211019,31.9775753],[35.2110575,31.9775949],[35.2110649,31.9775571],[35.2110817,31.9773996],[35.2110851,31.9773271],[35.2110974,31.9772231],[35.2112788,31.9772212],[35.2113696,31.9772178],[35.2114599,31.9772082],[35.2115489,31.9771923],[35.2116361,31.9771703],[35.2117209,31.9771423],[35.2118028,31.9771085],[35.2122036,31.977013],[35.2124478,31.9769637],[35.2123269,31.9775554],[35.2121385,31.9777674],[35.2121377,31.9777683],[35.2121381,31.9777684],[35.2123404,31.9778074],[35.2121958,31.9781423],[35.2121946,31.9781452],[35.2121859,31.9781653],[35.2124681,31.9782961],[35.212813,31.9785318],[35.2128757,31.9786692],[35.2124536,31.9786855],[35.2124503,31.9795874],[35.2124512,31.9795877],[35.2128406,31.9797142],[35.2128467,31.9797162],[35.2130236,31.9797954],[35.2131054,31.9799042],[35.2127643,31.9803789],[35.2127639,31.9803795],[35.2128871,31.9804807],[35.2127382,31.9806124],[35.2125991,31.9807198],[35.2125713,31.9807413],[35.2125215,31.9807154],[35.2124761,31.980684],[35.2123965,31.9806333],[35.2123182,31.9805809],[35.2122869,31.9805613],[35.2122523,31.9805461],[35.2122153,31.9805357],[35.2121905,31.9805323],[35.2121769,31.9805304],[35.212138,31.9805304],[35.2119611,31.9808406],[35.2120158,31.9808626],[35.2120682,31.9808884],[35.2121178,31.9809179],[35.2121882,31.9809694],[35.2122623,31.9810171],[35.2123197,31.9810613],[35.2123739,31.9811085],[35.2124247,31.9811584],[35.2125277,31.9812815],[35.2125891,31.9813378],[35.2126554,31.98139],[35.2127262,31.9814378],[35.2128009,31.9814809],[35.2128472,31.981499],[35.2128917,31.98152],[35.2129342,31.9815439],[35.21295,31.9815526],[35.2129672,31.981559],[35.2129846,31.9815627],[35.2129855,31.9815629],[35.2130043,31.9815642],[35.213023,31.9815629],[35.2130412,31.9815589],[35.2130585,31.9815525],[35.2132119,31.9814904],[35.2132385,31.981482],[35.2132662,31.9814769],[35.2132945,31.9814753],[35.2133227,31.9814771],[35.2133302,31.9814854],[35.2133358,31.9814947],[35.2133395,31.9815047],[35.2137236,31.9815133],[35.213699,31.9816584],[35.2133731,31.9816909],[35.2133407,31.9819333],[35.2139088,31.9820441],[35.2139275,31.9820478],[35.2138934,31.9821306],[35.2138755,31.982123],[35.2135318,31.9825467],[35.2134918,31.9825332],[35.2134164,31.9825076],[35.2133996,31.982541],[35.2133869,31.9825382],[35.2133737,31.9825373],[35.2133606,31.9825382],[35.2133478,31.9825411],[35.2133358,31.9825458],[35.2132855,31.9825699],[35.2132384,31.9825983],[35.2132203,31.982601],[35.2132028,31.982606],[35.2131864,31.982613],[35.2131712,31.982622],[35.2131578,31.9826327],[35.2131319,31.9826346],[35.2131067,31.9826398],[35.2130827,31.9826481],[35.2130604,31.9826594],[35.2130176,31.9826759],[35.2129774,31.9826966],[35.2129406,31.9827214],[35.212866,31.9827495],[35.2127894,31.982773],[35.2127407,31.9827844],[35.2126935,31.9827997],[35.2126483,31.9828188],[35.2126136,31.9828322],[35.212565,31.9828111],[35.212047,31.982586],[35.2120622,31.9829331],[35.2120638,31.9829687],[35.2112967,31.9830651],[35.2112661,31.9830728],[35.2103516,31.9833028],[35.2103541,31.9832678],[35.2103977,31.982635],[35.2091603,31.9826236],[35.2091578,31.9825834],[35.2091617,31.9825433],[35.2091721,31.9825041],[35.209176,31.9824955],[35.2091781,31.9824865],[35.2091785,31.9824772],[35.2091772,31.9824681],[35.209174,31.9824593],[35.2091693,31.982451],[35.209163,31.9824435],[35.2091554,31.982437],[35.2091466,31.9824316],[35.2091369,31.9824275],[35.2091316,31.9824227],[35.2091254,31.9824186],[35.2091186,31.9824155],[35.2091112,31.9824133],[35.2091036,31.9824122],[35.2090958,31.9824121],[35.2090881,31.9824131],[35.2090808,31.9824152],[35.2090739,31.9824182],[35.2090391,31.9824312],[35.2090025,31.9824396],[35.2089648,31.9824432],[35.2089269,31.9824418],[35.208767,31.9824336],[35.2086074,31.9824216],[35.2084482,31.9824061],[35.2084348,31.9824068],[35.2084217,31.9824093],[35.2084092,31.9824137],[35.2083978,31.9824197],[35.2083918,31.982425],[35.2083848,31.9824295],[35.2083771,31.982433],[35.2083689,31.9824354],[35.2083603,31.9824367],[35.2083516,31.9824368],[35.2082648,31.9824448],[35.2081786,31.9824569],[35.208153,31.9824566],[35.2081278,31.9824529],[35.2081037,31.9824457],[35.2080812,31.9824354],[35.2079999,31.9824213],[35.2079174,31.9824132],[35.207809,31.9824078],[35.2077004,31.9824078],[35.2075919,31.9824132],[35.2074841,31.982424],[35.2073778,31.9824372],[35.2072706,31.9824439],[35.207219,31.9824439],[35.2071632,31.982444],[35.2071745,31.9824659],[35.2073589,31.9828248],[35.2072313,31.982885],[35.2071994,31.9829494],[35.2071793,31.9829955],[35.207153,31.9830393],[35.2071209,31.9830802],[35.2070835,31.9831176],[35.2070185,31.9831585],[35.2069572,31.9832034],[35.2068998,31.9832518],[35.2068466,31.9833037],[35.206828,31.9833162],[35.2068119,31.983331],[35.2067986,31.9833477],[35.2067886,31.983366],[35.206782,31.9833853],[35.2067745,31.9833938],[35.2067656,31.9834012],[35.2067556,31.9834074],[35.2067446,31.9834122],[35.2067329,31.9834156],[35.2067207,31.9834175],[35.2067176,31.9834193],[35.2067121,31.9834223],[35.2066921,31.9834335],[35.206661,31.9834458],[35.2066283,31.983454],[35.2065667,31.9834734],[35.206504,31.9834898],[35.2065045,31.9834924],[35.2065041,31.9834958],[35.206503,31.9834982],[35.2065011,31.9835002],[35.2064987,31.9835019],[35.2064959,31.9835028],[35.2064919,31.9835032],[35.2064889,31.9835027],[35.2063325,31.9835385],[35.2061734,31.9835691],[35.2061684,31.9835675],[35.2061643,31.9835645],[35.2061616,31.9835606],[35.2061605,31.9835561],[35.2061151,31.9835543],[35.2060698,31.9835571],[35.2060678,31.9835595],[35.2060655,31.9835616],[35.2060627,31.9835633],[35.2060596,31.9835646],[35.2060564,31.9835654],[35.206053,31.9835658],[35.2060496,31.9835656],[35.2060463,31.983565],[35.2059792,31.983569],[35.2059121,31.9835668],[35.2058455,31.9835586],[35.2056675,31.9835292],[35.2056767,31.9834047],[35.2056087,31.9833861],[35.2051619,31.9832844],[35.2051392,31.983278],[35.2050099,31.9832765],[35.2049343,31.9832493],[35.2049016,31.9832243],[35.2047176,31.9831728],[35.2044832,31.9830818],[35.2044422,31.9830804],[35.2044304,31.9830475],[35.2044228,31.9829743],[35.2044229,31.982947],[35.2044229,31.9829008],[35.2043636,31.9829103],[35.2043036,31.9829143],[35.2041648,31.9829122],[35.2040264,31.9829036],[35.2040214,31.9829034],[35.2039701,31.982901],[35.2039137,31.9829024],[35.2038576,31.9829079],[35.2037821,31.9829272],[35.203709,31.9829523],[35.2036917,31.9829522],[35.2036746,31.9829545],[35.2036582,31.9829592],[35.2036429,31.9829662],[35.2036292,31.9829752],[35.2036203,31.9829816],[35.2036102,31.9829867],[35.2035994,31.9829904],[35.203588,31.9829925],[35.2035763,31.9829931],[35.2034977,31.9829959],[35.2034199,31.9830057],[35.2033437,31.9830224],[35.2033337,31.9830251],[35.2033242,31.9830289],[35.2033155,31.9830338],[35.2033075,31.9830396],[35.2032116,31.9830582],[35.2031174,31.9830823],[35.2030253,31.9831119],[35.2029799,31.983119],[35.2029337,31.9831212],[35.2028876,31.9831183],[35.2027966,31.9831354],[35.2027656,31.983142],[35.2027367,31.9831483],[35.2027062,31.9831548],[35.2026376,31.98315],[35.2025689,31.9831507],[35.2025004,31.983157],[35.2022283,31.9831913],[35.2019567,31.9832241],[35.2019554,31.9832243],[35.2019277,31.9832479],[35.2018481,31.983238],[35.2017679,31.9832325],[35.2016875,31.9832314],[35.2015674,31.98322],[35.2015546,31.9832216],[35.2015422,31.9832247],[35.2015304,31.9832293],[35.2014762,31.9832515],[35.2014191,31.9832675],[35.2013599,31.9832769],[35.2012999,31.9832797],[35.2012399,31.9832757],[35.2011811,31.983265],[35.2010437,31.9832051],[35.2009098,31.9831398],[35.2008863,31.9831269],[35.2007583,31.9832141]]]}}]}