{"type":"FeatureCollection","features":[{"type":"Feature","properties":{"id":1},"geometry":{"type":"Point","coordinates":[35.2009357,31.9822612]}},{"type":"Feature","properties":{"id":2},"geometry":{"type":"Point","coordinates":[35.2012291,31.982128]}},{"type":"Feature","properties":{"id":3},"geometry":{"type":"Point","coordinates":[35.2016424,31.9820822]}},{"type":"Feature","properties":{"id":4},"geometry":{"type":"Point","coordinates":[35.2021476,31.9819719]}},{"type":"Feature","properties":{"id":5},"geometry":{"type":"Point","coordinates":[35.2024225,31.9819033]}},{"type":"Feature","properties":{"id":6},"geometry":{"type":"Point","coordinates":[35.2025252,31.9818483]}},{"type":"Feature","properties":{"id":7},"geometry":{"type":"Point","coordinates":[35.198203,31.9779967]}},{"type":"Feature","properties":{"id":8},"geometry":{"type":"Point","coordinates":[35.1980399,31.9776769]}},{"type":"Feature","properties":{"id":9},"geometry":{"type":"Point","coordinates":[35.1988604,31.9768879]}},{"type":"Feature","properties":{"id":10},"geometry":{"type":"Point","coordinates":[35.1991607,31.9771188]}},{"type":"Feature","properties":{"id":11},"geometry":{"type":"Point","coordinates":[35.1996141,31.9772395]}},{"type":"Feature","properties":{"id":12},"geometry":{"type":"Point","coordinates":[35.1990673,31.9754674]}},{"type":"Feature","properties":{"id":13},"geometry":{"type":"Point","coordinates":[35.1988908,31.9754184]}},{"type":"Feature","properties":{"id":14},"geometry":{"type":"Point","coordinates":[35.1987617,31.9751193]}},{"type":"Feature","properties":{"id":15},"geometry":{"type":"Point","coordinates":[35.1987781,31.9753359]}},{"type":"Feature","properties":{"id":16},"geometry":{"type":"Point","coordinates":[35.1985347,31.9744614]}},{"type":"Feature","properties":{"id":17},"geometry":{"type":"Point","coordinates":[35.1988068,31.9744225]}},{"type":"Feature","properties":{"id":18},"geometry":{"type":"Point","coordinates":[35.1999889,31.9747697]}},{"type":"Feature","properties":{"id":19},"geometry":{"type":"Point","coordinates":[35.1999243,31.9749699]}},{"type":"Feature","properties":{"id":20},"geometry":{"type":"Point","coordinates":[35.1987117,31.9740154]}},{"type":"Feature","properties":{"id":21},"geometry":{"type":"Point","coordinates":[35.1981936,31.9745538]}},{"type":"Feature","properties":{"id":22},"geometry":{"type":"Point","coordinates":[35.1997643,31.9715163]}},{"type":"Feature","properties":{"id":23},"geometry":{"type":"Point","coordinates":[35.1996996,31.9712449]}},{"type":"Feature","properties":{"id":24},"geometry":{"type":"Point","coordinates":[35.1997801,31.9718443]}},{"type":"Feature","properties":{"id":25},"geometry":{"type":"Point","coordinates":[35.199784,31.9721893]}},{"type":"Feature","properties":{"id":26},"geometry":{"type":"Point","coordinates":[35.1991057,31.9732145]}},{"type":"Feature","properties":{"id":27},"geometry":{"type":"Point","coordinates":[35.1996623,31.9735942]}},{"type":"Feature","properties":{"id":28},"geometry":{"type":"Point","coordinates":[35.1980661,31.9718492]}},{"type":"Feature","properties":{"id":29},"geometry":{"type":"Point","coordinates":[35.1977873,31.971941]}},{"type":"Feature","properties":{"id":30},"geometry":{"type":"Point","coordinates":[35.1980282,31.9721254]}},{"type":"Feature","properties":{"id":31},"geometry":{"type":"Point","coordinates":[35.1986211,31.9727101]}},{"type":"Feature","properties":{"id":32},"geometry":{"type":"Point","coordinates":[35.1994206,31.974002]}},{"type":"Feature","properties":{"id":33},"geometry":{"type":"Point","coordinates":[35.1986104,31.973678]}},{"type":"Feature","properties":{"id":34},"geometry":{"type":"Point","coordinates":[35.198508,31.9734102]}},{"type":"Feature","properties":{"id":35},"geometry":{"type":"Point","coordinates":[35.1983481,31.9730541]}},{"type":"Feature","properties":{"id":36},"geometry":{"type":"Point","coordinates":[35.1983579,31.972462]}},{"type":"Feature","properties":{"id":37},"geometry":{"type":"Point","coordinates":[35.197832,31.9726503]}},{"type":"Feature","properties":{"id":38},"geometry":{"type":"Point","coordinates":[35.1973691,31.9718318]}},{"type":"Feature","properties":{"id":39},"geometry":{"type":"Point","coordinates":[35.1977078,31.9718403]}},{"type":"Feature","properties":{"id":40},"geometry":{"type":"Point","coordinates":[35.1969927,31.9762783]}},{"type":"Feature","properties":{"id":41},"geometry":{"type":"Point","coordinates":[35.1966177,31.9754761]}},{"type":"Feature","properties":{"id":42},"geometry":{"type":"Point","coordinates":[35.1964054,31.9762402]}},{"type":"Feature","properties":{"id":43},"geometry":{"type":"Point","coordinates":[35.1964552,31.9765186]}},{"type":"Feature","properties":{"id":44},"geometry":{"type":"Point","coordinates":[35.1963366,31.9765189]}},{"type":"Feature","properties":{"id":45},"geometry":{"type":"Point","coordinates":[35.1963586,31.9759645]}},{"type":"Feature","properties":{"id":46},"geometry":{"type":"Point","coordinates":[35.1963201,31.9756175]}},{"type":"Feature","properties":{"id":47},"geometry":{"type":"Point","coordinates":[35.194906,31.9760359]}},{"type":"Feature","properties":{"id":48},"geometry":{"type":"Point","coordinates":[35.1950562,31.9761057]}},{"type":"Feature","properties":{"id":49},"geometry":{"type":"Point","coordinates":[35.195107,31.9758215]}},{"type":"Feature","properties":{"id":50},"geometry":{"type":"Point","coordinates":[35.1951349,31.9756398]}},{"type":"Feature","properties":{"id":51},"geometry":{"type":"Point","coordinates":[35.1972465,31.9758641]}},{"type":"Feature","properties":{"id":52},"geometry":{"type":"Point","coordinates":[35.1973842,31.9756332]}},{"type":"Feature","properties":{"id":53},"geometry":{"type":"Point","coordinates":[35.1971309,31.9753647]}},{"type":"Feature","properties":{"id":54},"geometry":{"type":"Point","coordinates":[35.1950061,31.9763726]}},{"type":"Feature","properties":{"id":55},"geometry":{"type":"Point","coordinates":[35.2138983,31.9698889]}},{"type":"Feature","properties":{"id":56},"geometry":{"type":"Point","coordinates":[35.2135777,31.9693316]}},{"type":"Feature","properties":{"id":57},"geometry":{"type":"Point","coordinates":[35.2138672,31.9696378]}},{"type":"Feature","properties":{"id":58},"geometry":{"type":"Point","coordinates":[35.2136022,31.9695221]}},{"type":"Feature","properties":{"id":59},"geometry":{"type":"Point","coordinates":[35.213196,31.9692003]}},{"type":"Feature","properties":{"id":60},"geometry":{"type":"Point","coordinates":[35.2130022,31.9690635]}},{"type":"Feature","properties":{"id":61},"geometry":{"type":"Point","coordinates":[35.2125111,31.9691216]}},{"type":"Feature","properties":{"id":62},"geometry":{"type":"Point","coordinates":[35.2121099,31.9691221]}},{"type":"Feature","properties":{"id":63},"geometry":{"type":"Point","coordinates":[35.2112886,31.9682125]}},{"type":"Feature","properties":{"id":64},"geometry":{"type":"Point","coordinates":[35.2109143,31.9679084]}},{"type":"Feature","properties":{"id":65},"geometry":{"type":"Point","coordinates":[35.2110212,31.968111]}},{"type":"Feature","properties":{"id":66},"geometry":{"type":"Point","coordinates":[35.2117939,31.9683491]}},{"type":"Feature","properties":{"id":67},"geometry":{"type":"Point","coordinates":[35.2117936,31.968349]}},{"type":"Feature","properties":{"id":68},"geometry":{"type":"Point","coordinates":[35.2095423,31.9680012]}},{"type":"Feature","properties":{"id":69},"geometry":{"type":"Point","coordinates":[35.209982,31.9679368]}},{"type":"Feature","properties":{"id":70},"geometry":{"type":"Point","coordinates":[35.2103964,31.9678422]}},{"type":"Feature","properties":{"id":71},"geometry":{"type":"Point","coordinates":[35.2109128,31.9679085]}},{"type":"Feature","properties":{"id":72},"geometry":{"type":"Point","coordinates":[35.2091784,31.9680267]}},{"type":"Feature","properties":{"id":73},"geometry":{"type":"Point","coordinates":[35.2080099,31.968103]}},{"type":"Feature","properties":{"id":74},"geometry":{"type":"Point","coordinates":[35.208367,31.9680682]}},{"type":"Feature","properties":{"id":75},"geometry":{"type":"Point","coordinates":[35.208606,31.968425]}},{"type":"Feature","properties":{"id":76},"geometry":{"type":"Point","coordinates":[35.2059207,31.9683798]}},{"type":"Feature","properties":{"id":77},"geometry":{"type":"Point","coordinates":[35.2076385,31.9681478]}},{"type":"Feature","properties":{"id":78},"geometry":{"type":"Point","coordinates":[35.2057859,31.9687872]}},{"type":"Feature","properties":{"id":79},"geometry":{"type":"Point","coordinates":[35.2057667,31.9689665]}},{"type":"Feature","properties":{"id":80},"geometry":{"type":"Point","coordinates":[35.2057842,31.9687864]}},{"type":"Feature","properties":{"id":81},"geometry":{"type":"Point","coordinates":[35.2027772,31.968463]}},{"type":"Feature","properties":{"id":82},"geometry":{"type":"Point","coordinates":[35.2023884,31.9684656]}},{"type":"Feature","properties":{"id":83},"geometry":{"type":"Point","coordinates":[35.2019925,31.9682962]}},{"type":"Feature","properties":{"id":84},"geometry":{"type":"Point","coordinates":[35.2019053,31.9681473]}},{"type":"Feature","properties":{"id":85},"geometry":{"type":"Point","coordinates":[35.2017144,31.9678435]}},{"type":"Feature","properties":{"id":86},"geometry":{"type":"Point","coordinates":[35.2020695,31.9684089]}},{"type":"Feature","properties":{"id":87},"geometry":{"type":"Point","coordinates":[35.2031983,31.9684769]}},{"type":"Feature","properties":{"id":88},"geometry":{"type":"Point","coordinates":[35.2035826,31.9684857]}},{"type":"Feature","properties":{"id":89},"geometry":{"type":"Point","coordinates":[35.2036679,31.967925]}},{"type":"Feature","properties":{"id":90},"geometry":{"type":"Point","coordinates":[35.2032486,31.9686385]}},{"type":"Feature","properties":{"id":91},"geometry":{"type":"Point","coordinates":[35.1906397,31.9608687]}},{"type":"Feature","properties":{"id":92},"geometry":{"type":"Point","coordinates":[35.1908374,31.961568]}},{"type":"Feature","properties":{"id":93},"geometry":{"type":"Point","coordinates":[35.190066,31.9616977]}},{"type":"Feature","properties":{"id":94},"geometry":{"type":"Point","coordinates":[35.1898231,31.9617394]}},{"type":"Feature","properties":{"id":95},"geometry":{"type":"Point","coordinates":[35.1908101,31.9625413]}},{"type":"Feature","properties":{"id":96},"geometry":{"type":"Point","coordinates":[35.1909173,31.962756]}},{"type":"Feature","properties":{"id":97},"geometry":{"type":"Point","coordinates":[35.1911408,31.962971]}},{"type":"Feature","properties":{"id":98},"geometry":{"type":"Point","coordinates":[35.1910004,31.9631143]}},{"type":"Feature","properties":{"id":99},"geometry":{"type":"Point","coordinates":[35.1913021,31.9628995]}},{"type":"Feature","properties":{"id":100},"geometry":{"type":"Point","coordinates":[35.1916409,31.9630758]}},{"type":"Feature","properties":{"id":101},"geometry":{"type":"Point","coordinates":[35.1912515,31.9627577]}},{"type":"Feature","properties":{"id":102},"geometry":{"type":"Point","coordinates":[35.1909604,31.9621959]}},{"type":"Feature","properties":{"id":103},"geometry":{"type":"Point","coordinates":[35.1908874,31.9617898]}},{"type":"Feature","properties":{"id":104},"geometry":{"type":"Point","coordinates":[35.1919616,31.9623496]}},{"type":"Feature","properties":{"id":105},"geometry":{"type":"Point","coordinates":[35.191952,31.9618266]}},{"type":"Feature","properties":{"id":106},"geometry":{"type":"Point","coordinates":[35.1918195,31.9617673]}},{"type":"Feature","properties":{"id":107},"geometry":{"type":"Point","coordinates":[35.1917353,31.9614753]}},{"type":"Feature","properties":{"id":108},"geometry":{"type":"Point","coordinates":[35.1916762,31.9608763]}},{"type":"Feature","properties":{"id":109},"geometry":{"type":"Point","coordinates":[35.1919682,31.9606796]}},{"type":"Feature","properties":{"id":110},"geometry":{"type":"Point","coordinates":[35.1908689,31.9632526]}},{"type":"Feature","properties":{"id":111},"geometry":{"type":"Point","coordinates":[35.1904175,31.9635643]}},{"type":"Feature","properties":{"id":112},"geometry":{"type":"Point","coordinates":[35.1902544,31.9638636]}},{"type":"Feature","properties":{"id":113},"geometry":{"type":"Point","coordinates":[35.190196,31.9637773]}},{"type":"Feature","properties":{"id":114},"geometry":{"type":"Point","coordinates":[35.192133,31.963241]}},{"type":"Feature","properties":{"id":115},"geometry":{"type":"Point","coordinates":[35.192332,31.9633356]}},{"type":"Feature","properties":{"id":116},"geometry":{"type":"Point","coordinates":[35.1920419,31.9631982]}},{"type":"Feature","properties":{"id":117},"geometry":{"type":"Point","coordinates":[35.1938648,31.965263]}},{"type":"Feature","properties":{"id":118},"geometry":{"type":"Point","coordinates":[35.1946752,31.9652405]}},{"type":"Feature","properties":{"id":119},"geometry":{"type":"Point","coordinates":[35.1949299,31.9651994]}},{"type":"Feature","properties":{"id":120},"geometry":{"type":"Point","coordinates":[35.1946957,31.9658464]}},{"type":"Feature","properties":{"id":121},"geometry":{"type":"Point","coordinates":[35.1948073,31.9655687]}},{"type":"Feature","properties":{"id":122},"geometry":{"type":"Point","coordinates":[35.1940943,31.9648951]}},{"type":"Feature","properties":{"id":123},"geometry":{"type":"Point","coordinates":[35.1941722,31.9652281]}},{"type":"Feature","properties":{"id":124},"geometry":{"type":"Point","coordinates":[35.1938965,31.9653628]}},{"type":"Feature","properties":{"id":125},"geometry":{"type":"Point","coordinates":[35.1944576,31.9653481]}},{"type":"Feature","properties":{"id":126},"geometry":{"type":"Point","coordinates":[35.1941677,31.965359]}},{"type":"Feature","properties":{"id":127},"geometry":{"type":"Point","coordinates":[35.1935354,31.9658753]}},{"type":"Feature","properties":{"id":128},"geometry":{"type":"Point","coordinates":[35.1937777,31.9656699]}},{"type":"Feature","properties":{"id":129},"geometry":{"type":"Point","coordinates":[35.1933608,31.9661133]}},{"type":"Feature","properties":{"id":130},"geometry":{"type":"Point","coordinates":[35.1928354,31.9654483]}},{"type":"Feature","properties":{"id":131},"geometry":{"type":"Point","coordinates":[35.1931813,31.9654088]}},{"type":"Feature","properties":{"id":132},"geometry":{"type":"Point","coordinates":[35.1925219,31.964303]}},{"type":"Feature","properties":{"id":133},"geometry":{"type":"Point","coordinates":[35.1929525,31.9643747]}},{"type":"Feature","properties":{"id":134},"geometry":{"type":"Point","coordinates":[35.1953009,31.9648172]}},{"type":"Feature","properties":{"id":135},"geometry":{"type":"Point","coordinates":[35.1952105,31.9645246]}},{"type":"Feature","properties":{"id":136},"geometry":{"type":"Point","coordinates":[35.1948166,31.964697]}},{"type":"Feature","properties":{"id":137},"geometry":{"type":"Point","coordinates":[35.1946738,31.9650938]}},{"type":"Feature","properties":{"id":138},"geometry":{"type":"Point","coordinates":[35.1942618,31.9642759]}},{"type":"Feature","properties":{"id":139},"geometry":{"type":"Point","coordinates":[35.1947195,31.9651287]}},{"type":"Feature","properties":{"id":140},"geometry":{"type":"Point","coordinates":[35.1918083,31.9654641]}},{"type":"Feature","properties":{"id":141},"geometry":{"type":"Point","coordinates":[35.191682,31.9654984]}},{"type":"Feature","properties":{"id":142},"geometry":{"type":"Point","coordinates":[35.1919583,31.9654251]}},{"type":"Feature","properties":{"id":143},"geometry":{"type":"Point","coordinates":[35.1922651,31.9653252]}},{"type":"Feature","properties":{"id":144},"geometry":{"type":"Point","coordinates":[35.1921829,31.9653419]}},{"type":"Feature","properties":{"id":145},"geometry":{"type":"Point","coordinates":[35.1904534,31.9655667]}},{"type":"Feature","properties":{"id":146},"geometry":{"type":"Point","coordinates":[35.1906874,31.9649973]}},{"type":"Feature","properties":{"id":147},"geometry":{"type":"Point","coordinates":[35.19054,31.9652724]}},{"type":"Feature","properties":{"id":148},"geometry":{"type":"Point","coordinates":[35.1890895,31.9645261]}},{"type":"Feature","properties":{"id":149},"geometry":{"type":"Point","coordinates":[35.1917185,31.9684719]}},{"type":"Feature","properties":{"id":150},"geometry":{"type":"Point","coordinates":[35.1920633,31.9685789]}},{"type":"Feature","properties":{"id":151},"geometry":{"type":"Point","coordinates":[35.1922235,31.9685478]}},{"type":"Feature","properties":{"id":152},"geometry":{"type":"Point","coordinates":[35.1925675,31.9687432]}},{"type":"Feature","properties":{"id":153},"geometry":{"type":"Point","coordinates":[35.2008259,31.9692837]}},{"type":"Feature","properties":{"id":154},"geometry":{"type":"Point","coordinates":[35.2022356,31.9690593]}},{"type":"Feature","properties":{"id":155},"geometry":{"type":"Point","coordinates":[35.2022965,31.9693189]}},{"type":"Feature","properties":{"id":156},"geometry":{"type":"Point","coordinates":[35.2023303,31.9694184]}},{"type":"Feature","properties":{"id":157},"geometry":{"type":"Point","coordinates":[35.2024886,31.9697294]}},{"type":"Feature","properties":{"id":158},"geometry":{"type":"Point","coordinates":[35.2001788,31.9686593]}},{"type":"Feature","properties":{"id":159},"geometry":{"type":"Point","coordinates":[35.1997972,31.9686647]}},{"type":"Feature","properties":{"id":160},"geometry":{"type":"Point","coordinates":[35.1994661,31.9686507]}},{"type":"Feature","properties":{"id":161},"geometry":{"type":"Point","coordinates":[35.1992611,31.968707]}},{"type":"Feature","properties":{"id":162},"geometry":{"type":"Point","coordinates":[35.2004743,31.9695256]}},{"type":"Feature","properties":{"id":163},"geometry":{"type":"Point","coordinates":[35.2034241,31.9672041]}},{"type":"Feature","properties":{"id":164},"geometry":{"type":"Point","coordinates":[35.2029996,31.9672437]}},{"type":"Feature","properties":{"id":165},"geometry":{"type":"Point","coordinates":[35.2028122,31.9673621]}},{"type":"Feature","properties":{"id":166},"geometry":{"type":"Point","coordinates":[35.2025598,31.9674499]}},{"type":"Feature","properties":{"id":167},"geometry":{"type":"Point","coordinates":[35.2038415,31.967154]}},{"type":"Feature","properties":{"id":168},"geometry":{"type":"Point","coordinates":[35.2042003,31.9670177]}},{"type":"Feature","properties":{"id":169},"geometry":{"type":"Point","coordinates":[35.1917146,31.9709407]}},{"type":"Feature","properties":{"id":170},"geometry":{"type":"Point","coordinates":[35.1915072,31.9711354]}},{"type":"Feature","properties":{"id":171},"geometry":{"type":"Point","coordinates":[35.1920049,31.9667676]}},{"type":"Feature","properties":{"id":172},"geometry":{"type":"Point","coordinates":[35.1923591,31.967374]}},{"type":"Feature","properties":{"id":173},"geometry":{"type":"Point","coordinates":[35.1933624,31.9672988]}},{"type":"Feature","properties":{"id":174},"geometry":{"type":"Point","coordinates":[35.1931811,31.9675162]}},{"type":"Feature","properties":{"id":175},"geometry":{"type":"Point","coordinates":[35.1931307,31.9681912]}},{"type":"Feature","properties":{"id":176},"geometry":{"type":"Point","coordinates":[35.1935256,31.9684086]}},{"type":"Feature","properties":{"id":177},"geometry":{"type":"Point","coordinates":[35.1932151,31.9662901]}},{"type":"Feature","properties":{"id":178},"geometry":{"type":"Point","coordinates":[35.1931056,31.9665545]}},{"type":"Feature","properties":{"id":179},"geometry":{"type":"Point","coordinates":[35.1931403,31.9665049]}},{"type":"Feature","properties":{"id":180},"geometry":{"type":"Point","coordinates":[35.1905981,31.9681043]}},{"type":"Feature","properties":{"id":181},"geometry":{"type":"Point","coordinates":[35.1894631,31.965986]}},{"type":"Feature","properties":{"id":182},"geometry":{"type":"Point","coordinates":[35.1893946,31.9656747]}},{"type":"Feature","properties":{"id":183},"geometry":{"type":"Point","coordinates":[35.1909307,31.967045]}},{"type":"Feature","properties":{"id":184},"geometry":{"type":"Point","coordinates":[35.1908422,31.9674549]}},{"type":"Feature","properties":{"id":185},"geometry":{"type":"Point","coordinates":[35.1925965,31.9676325]}},{"type":"Feature","properties":{"id":186},"geometry":{"type":"Point","coordinates":[35.1916201,31.9668372]}},{"type":"Feature","properties":{"id":187},"geometry":{"type":"Point","coordinates":[35.1950609,31.9721215]}},{"type":"Feature","properties":{"id":188},"geometry":{"type":"Point","coordinates":[35.1959498,31.9693854]}},{"type":"Feature","properties":{"id":189},"geometry":{"type":"Point","coordinates":[35.1955811,31.9692639]}},{"type":"Feature","properties":{"id":190},"geometry":{"type":"Point","coordinates":[35.19552,31.9690551]}},{"type":"Feature","properties":{"id":191},"geometry":{"type":"Point","coordinates":[35.1954503,31.9688232]}},{"type":"Feature","properties":{"id":192},"geometry":{"type":"Point","coordinates":[35.1936928,31.9684773]}},{"type":"Feature","properties":{"id":193},"geometry":{"type":"Point","coordinates":[35.1944657,31.9687857]}},{"type":"Feature","properties":{"id":194},"geometry":{"type":"Point","coordinates":[35.1941087,31.9686438]}},{"type":"Feature","properties":{"id":195},"geometry":{"type":"Point","coordinates":[35.1946827,31.9688908]}},{"type":"Feature","properties":{"id":196},"geometry":{"type":"Point","coordinates":[35.1954583,31.9692725]}},{"type":"Feature","properties":{"id":197},"geometry":{"type":"Point","coordinates":[35.1974071,31.9737451]}},{"type":"Feature","properties":{"id":198},"geometry":{"type":"Point","coordinates":[35.1961202,31.9751467]}},{"type":"Feature","properties":{"id":199},"geometry":{"type":"Point","coordinates":[35.1961158,31.9746397]}},{"type":"Feature","properties":{"id":200},"geometry":{"type":"Point","coordinates":[35.1977596,31.9747241]}},{"type":"Feature","properties":{"id":201},"geometry":{"type":"Point","coordinates":[35.1967207,31.9750231]}},{"type":"Feature","properties":{"id":202},"geometry":{"type":"Point","coordinates":[35.1969089,31.9728372]}},{"type":"Feature","properties":{"id":203},"geometry":{"type":"Point","coordinates":[35.1957886,31.9731222]}},{"type":"Feature","properties":{"id":204},"geometry":{"type":"Point","coordinates":[35.1954664,31.972484]}},{"type":"Feature","properties":{"id":205},"geometry":{"type":"Point","coordinates":[35.1940344,31.9733386]}},{"type":"Feature","properties":{"id":206},"geometry":{"type":"Point","coordinates":[35.1942031,31.9711417]}},{"type":"Feature","properties":{"id":207},"geometry":{"type":"Point","coordinates":[35.1944293,31.9710796]}},{"type":"Feature","properties":{"id":208},"geometry":{"type":"Point","coordinates":[35.1947056,31.970973]}},{"type":"Feature","properties":{"id":209},"geometry":{"type":"Point","coordinates":[35.1948651,31.9709068]}},{"type":"Feature","properties":{"id":210},"geometry":{"type":"Point","coordinates":[35.1950986,31.9708241]}},{"type":"Feature","properties":{"id":211},"geometry":{"type":"Point","coordinates":[35.1954248,31.9707017]}},{"type":"Feature","properties":{"id":212},"geometry":{"type":"Point","coordinates":[35.1954119,31.9707092]}},{"type":"Feature","properties":{"id":213},"geometry":{"type":"Point","coordinates":[35.1957295,31.9705112]}},{"type":"Feature","properties":{"id":214},"geometry":{"type":"Point","coordinates":[35.1960593,31.9702243]}},{"type":"Feature","properties":{"id":215},"geometry":{"type":"Point","coordinates":[35.1974774,31.971738]}},{"type":"Feature","properties":{"id":216},"geometry":{"type":"Point","coordinates":[35.1971809,31.971739]}},{"type":"Feature","properties":{"id":217},"geometry":{"type":"Point","coordinates":[35.1950188,31.9707792]}},{"type":"Feature","properties":{"id":218},"geometry":{"type":"Point","coordinates":[35.1962035,31.9704084]}},{"type":"Feature","properties":{"id":219},"geometry":{"type":"Point","coordinates":[35.1959178,31.9699471]}},{"type":"Feature","properties":{"id":220},"geometry":{"type":"Point","coordinates":[35.1962088,31.9697044]}},{"type":"Feature","properties":{"id":221},"geometry":{"type":"Point","coordinates":[35.1958468,31.9704896]}},{"type":"Feature","properties":{"id":222},"geometry":{"type":"Point","coordinates":[35.1931332,31.9689247]}},{"type":"Feature","properties":{"id":223},"geometry":{"type":"Point","coordinates":[35.1929972,31.9689802]}},{"type":"Feature","properties":{"id":224},"geometry":{"type":"Point","coordinates":[35.1930749,31.969058]}},{"type":"Feature","properties":{"id":225},"geometry":{"type":"Point","coordinates":[35.1930714,31.9690201]}},{"type":"Feature","properties":{"id":226},"geometry":{"type":"Point","coordinates":[35.1926944,31.9694782]}},{"type":"Feature","properties":{"id":227},"geometry":{"type":"Point","coordinates":[35.1962289,31.9716602]}},{"type":"Feature","properties":{"id":228},"geometry":{"type":"Point","coordinates":[35.1971408,31.9710312]}},{"type":"Feature","properties":{"id":229},"geometry":{"type":"Point","coordinates":[35.1963147,31.9718718]}},{"type":"Feature","properties":{"id":230},"geometry":{"type":"Point","coordinates":[35.1978095,31.972225]}},{"type":"Feature","properties":{"id":231},"geometry":{"type":"Point","coordinates":[35.197829,31.9724062]}},{"type":"Feature","properties":{"id":232},"geometry":{"type":"Point","coordinates":[35.1960554,31.9716593]}},{"type":"Feature","properties":{"id":233},"geometry":{"type":"Point","coordinates":[35.1963472,31.9715786]}},{"type":"Feature","properties":{"id":234},"geometry":{"type":"Point","coordinates":[35.1980701,31.9674825]}},{"type":"Feature","properties":{"id":235},"geometry":{"type":"Point","coordinates":[35.1979528,31.9674216]}},{"type":"Feature","properties":{"id":236},"geometry":{"type":"Point","coordinates":[35.1977296,31.9677824]}},{"type":"Feature","properties":{"id":237},"geometry":{"type":"Point","coordinates":[35.1977971,31.9675414]}},{"type":"Feature","properties":{"id":238},"geometry":{"type":"Point","coordinates":[35.1982529,31.9672202]}},{"type":"Feature","properties":{"id":239},"geometry":{"type":"Point","coordinates":[35.1984308,31.9671226]}},{"type":"Feature","properties":{"id":240},"geometry":{"type":"Point","coordinates":[35.1985505,31.9671027]}},{"type":"Feature","properties":{"id":241},"geometry":{"type":"Point","coordinates":[35.1984265,31.9667148]}},{"type":"Feature","properties":{"id":242},"geometry":{"type":"Point","coordinates":[35.1986486,31.9679172]}},{"type":"Feature","properties":{"id":243},"geometry":{"type":"Point","coordinates":[35.1991169,31.9664163]}},{"type":"Feature","properties":{"id":244},"geometry":{"type":"Point","coordinates":[35.1988745,31.9666677]}},{"type":"Feature","properties":{"id":245},"geometry":{"type":"Point","coordinates":[35.1990735,31.9674499]}},{"type":"Feature","properties":{"id":246},"geometry":{"type":"Point","coordinates":[35.197894,31.9693335]}},{"type":"Feature","properties":{"id":247},"geometry":{"type":"Point","coordinates":[35.1977324,31.9690607]}},{"type":"Feature","properties":{"id":248},"geometry":{"type":"Point","coordinates":[35.1974738,31.9686014]}},{"type":"Feature","properties":{"id":249},"geometry":{"type":"Point","coordinates":[35.1974012,31.9685755]}},{"type":"Feature","properties":{"id":250},"geometry":{"type":"Point","coordinates":[35.1968328,31.9685484]}},{"type":"Feature","properties":{"id":251},"geometry":{"type":"Point","coordinates":[35.1967203,31.967715]}},{"type":"Feature","properties":{"id":252},"geometry":{"type":"Point","coordinates":[35.1965303,31.9679807]}},{"type":"Feature","properties":{"id":253},"geometry":{"type":"Point","coordinates":[35.1979217,31.9684223]}},{"type":"Feature","properties":{"id":254},"geometry":{"type":"Point","coordinates":[35.1963608,31.9681698]}},{"type":"Feature","properties":{"id":255},"geometry":{"type":"Point","coordinates":[35.1959222,31.9683429]}},{"type":"Feature","properties":{"id":256},"geometry":{"type":"Point","coordinates":[35.1957493,31.9682638]}},{"type":"Feature","properties":{"id":257},"geometry":{"type":"Point","coordinates":[35.1955117,31.9682178]}},{"type":"Feature","properties":{"id":258},"geometry":{"type":"Point","coordinates":[35.195428,31.9683619]}},{"type":"Feature","properties":{"id":259},"geometry":{"type":"Point","coordinates":[35.195389,31.968597]}},{"type":"Feature","properties":{"id":260},"geometry":{"type":"Point","coordinates":[35.1967781,31.9688255]}},{"type":"Feature","properties":{"id":261},"geometry":{"type":"Point","coordinates":[35.1959022,31.9692585]}},{"type":"Feature","properties":{"id":262},"geometry":{"type":"Point","coordinates":[35.1960761,31.9697453]}},{"type":"Feature","properties":{"id":263},"geometry":{"type":"Point","coordinates":[35.1965485,31.9688457]}},{"type":"Feature","properties":{"id":264},"geometry":{"type":"Point","coordinates":[35.1895476,31.9665301]}},{"type":"Feature","properties":{"id":265},"geometry":{"type":"Point","coordinates":[35.1895087,31.9662573]}},{"type":"Feature","properties":{"id":266},"geometry":{"type":"Point","coordinates":[35.1994568,31.9658828]}},{"type":"Feature","properties":{"id":267},"geometry":{"type":"Point","coordinates":[35.1995926,31.9656249]}},{"type":"Feature","properties":{"id":268},"geometry":{"type":"Point","coordinates":[35.1994382,31.9654078]}},{"type":"Feature","properties":{"id":269},"geometry":{"type":"Point","coordinates":[35.1990462,31.965274]}},{"type":"Feature","properties":{"id":270},"geometry":{"type":"Point","coordinates":[35.1988531,31.9650131]}},{"type":"Feature","properties":{"id":271},"geometry":{"type":"Point","coordinates":[35.1988549,31.9650203]}},{"type":"Feature","properties":{"id":272},"geometry":{"type":"Point","coordinates":[35.1987294,31.9648266]}},{"type":"Feature","properties":{"id":273},"geometry":{"type":"Point","coordinates":[35.1987211,31.9648262]}},{"type":"Feature","properties":{"id":274},"geometry":{"type":"Point","coordinates":[35.1985817,31.9647982]}},{"type":"Feature","properties":{"id":275},"geometry":{"type":"Point","coordinates":[35.1951785,31.9577539]}},{"type":"Feature","properties":{"id":276},"geometry":{"type":"Point","coordinates":[35.1949967,31.9584984]}},{"type":"Feature","properties":{"id":277},"geometry":{"type":"Point","coordinates":[35.195194,31.9580655]}},{"type":"Feature","properties":{"id":278},"geometry":{"type":"Point","coordinates":[35.1946188,31.9587303]}},{"type":"Feature","properties":{"id":279},"geometry":{"type":"Point","coordinates":[35.195171,31.958253]}},{"type":"Feature","properties":{"id":280},"geometry":{"type":"Point","coordinates":[35.1936897,31.9590505]}},{"type":"Feature","properties":{"id":281},"geometry":{"type":"Point","coordinates":[35.1941669,31.9589069]}},{"type":"Feature","properties":{"id":282},"geometry":{"type":"Point","coordinates":[35.1933512,31.9607063]}},{"type":"Feature","properties":{"id":283},"geometry":{"type":"Point","coordinates":[35.1933328,31.9603709]}},{"type":"Feature","properties":{"id":284},"geometry":{"type":"Point","coordinates":[35.1933638,31.9601398]}},{"type":"Feature","properties":{"id":285},"geometry":{"type":"Point","coordinates":[35.1933727,31.9599215]}},{"type":"Feature","properties":{"id":286},"geometry":{"type":"Point","coordinates":[35.1933708,31.9596887]}},{"type":"Feature","properties":{"id":287},"geometry":{"type":"Point","coordinates":[35.1936496,31.9598499]}},{"type":"Feature","properties":{"id":288},"geometry":{"type":"Point","coordinates":[35.1939891,31.9596958]}},{"type":"Feature","properties":{"id":289},"geometry":{"type":"Point","coordinates":[35.1944716,31.9598027]}},{"type":"Feature","properties":{"id":290},"geometry":{"type":"Point","coordinates":[35.1944885,31.96109]}},{"type":"Feature","properties":{"id":291},"geometry":{"type":"Point","coordinates":[35.1946911,31.9611368]}},{"type":"Feature","properties":{"id":292},"geometry":{"type":"Point","coordinates":[35.1942252,31.9610324]}},{"type":"Feature","properties":{"id":293},"geometry":{"type":"Point","coordinates":[35.193988,31.9608786]}},{"type":"Feature","properties":{"id":294},"geometry":{"type":"Point","coordinates":[35.1933523,31.9592704]}},{"type":"Feature","properties":{"id":295},"geometry":{"type":"Point","coordinates":[35.1922856,31.959385]}},{"type":"Feature","properties":{"id":296},"geometry":{"type":"Point","coordinates":[35.1919064,31.9594694]}},{"type":"Feature","properties":{"id":297},"geometry":{"type":"Point","coordinates":[35.1935001,31.9599299]}},{"type":"Feature","properties":{"id":298},"geometry":{"type":"Point","coordinates":[35.193054,31.9615046]}},{"type":"Feature","properties":{"id":299},"geometry":{"type":"Point","coordinates":[35.1932592,31.9613862]}},{"type":"Feature","properties":{"id":300},"geometry":{"type":"Point","coordinates":[35.1933913,31.9613086]}},{"type":"Feature","properties":{"id":301},"geometry":{"type":"Point","coordinates":[35.1930217,31.9611073]}},{"type":"Feature","properties":{"id":302},"geometry":{"type":"Point","coordinates":[35.1929237,31.9615809]}},{"type":"Feature","properties":{"id":303},"geometry":{"type":"Point","coordinates":[35.1931302,31.9608711]}},{"type":"Feature","properties":{"id":304},"geometry":{"type":"Point","coordinates":[35.1947659,31.9592337]}},{"type":"Feature","properties":{"id":305},"geometry":{"type":"Point","coordinates":[35.1943899,31.9594303]}},{"type":"Feature","properties":{"id":306},"geometry":{"type":"Point","coordinates":[35.1915388,31.9598387]}},{"type":"Feature","properties":{"id":307},"geometry":{"type":"Point","coordinates":[35.1916538,31.9599139]}},{"type":"Feature","properties":{"id":308},"geometry":{"type":"Point","coordinates":[35.1914877,31.9591745]}},{"type":"Feature","properties":{"id":309},"geometry":{"type":"Point","coordinates":[35.1932245,31.9606282]}},{"type":"Feature","properties":{"id":310},"geometry":{"type":"Point","coordinates":[35.1899799,31.9579302]}},{"type":"Feature","properties":{"id":311},"geometry":{"type":"Point","coordinates":[35.1901952,31.9586374]}},{"type":"Feature","properties":{"id":312},"geometry":{"type":"Point","coordinates":[35.1910216,31.9583942]}},{"type":"Feature","properties":{"id":313},"geometry":{"type":"Point","coordinates":[35.1909604,31.9584095]}},{"type":"Feature","properties":{"id":314},"geometry":{"type":"Point","coordinates":[35.1900649,31.9582631]}},{"type":"Feature","properties":{"id":315},"geometry":{"type":"Point","coordinates":[35.1913801,31.9581368]}},{"type":"Feature","properties":{"id":316},"geometry":{"type":"Point","coordinates":[35.1913553,31.9584753]}},{"type":"Feature","properties":{"id":317},"geometry":{"type":"Point","coordinates":[35.1915084,31.9595518]}},{"type":"Feature","properties":{"id":318},"geometry":{"type":"Point","coordinates":[35.1915056,31.9593852]}},{"type":"Feature","properties":{"id":319},"geometry":{"type":"Point","coordinates":[35.1956993,31.9613477]}},{"type":"Feature","properties":{"id":320},"geometry":{"type":"Point","coordinates":[35.1960965,31.961449]}},{"type":"Feature","properties":{"id":321},"geometry":{"type":"Point","coordinates":[35.1967491,31.9614428]}},{"type":"Feature","properties":{"id":322},"geometry":{"type":"Point","coordinates":[35.195041,31.9611694]}},{"type":"Feature","properties":{"id":323},"geometry":{"type":"Point","coordinates":[35.1952993,31.9611971]}},{"type":"Feature","properties":{"id":324},"geometry":{"type":"Point","coordinates":[35.1937645,31.9611834]}},{"type":"Feature","properties":{"id":325},"geometry":{"type":"Point","coordinates":[35.1940243,31.9610656]}},{"type":"Feature","properties":{"id":326},"geometry":{"type":"Point","coordinates":[35.193584,31.961248]}},{"type":"Feature","properties":{"id":327},"geometry":{"type":"Point","coordinates":[35.1933695,31.9614621]}},{"type":"Feature","properties":{"id":328},"geometry":{"type":"Point","coordinates":[35.1938158,31.9614285]}},{"type":"Feature","properties":{"id":329},"geometry":{"type":"Point","coordinates":[35.1928635,31.9614501]}},{"type":"Feature","properties":{"id":330},"geometry":{"type":"Point","coordinates":[35.1927472,31.9615649]}},{"type":"Feature","properties":{"id":331},"geometry":{"type":"Point","coordinates":[35.197325,31.9617512]}},{"type":"Feature","properties":{"id":332},"geometry":{"type":"Point","coordinates":[35.1971882,31.9614839]}},{"type":"Feature","properties":{"id":333},"geometry":{"type":"Point","coordinates":[35.1985087,31.9616267]}},{"type":"Feature","properties":{"id":334},"geometry":{"type":"Point","coordinates":[35.195396,31.9654621]}},{"type":"Feature","properties":{"id":335},"geometry":{"type":"Point","coordinates":[35.1955632,31.9656527]}},{"type":"Feature","properties":{"id":336},"geometry":{"type":"Point","coordinates":[35.1948414,31.9633109]}},{"type":"Feature","properties":{"id":337},"geometry":{"type":"Point","coordinates":[35.194427,31.9630526]}},{"type":"Feature","properties":{"id":338},"geometry":{"type":"Point","coordinates":[35.1941701,31.9629659]}},{"type":"Feature","properties":{"id":339},"geometry":{"type":"Point","coordinates":[35.1940283,31.9627192]}},{"type":"Feature","properties":{"id":340},"geometry":{"type":"Point","coordinates":[35.194333,31.9624569]}},{"type":"Feature","properties":{"id":341},"geometry":{"type":"Point","coordinates":[35.1950596,31.9625018]}},{"type":"Feature","properties":{"id":342},"geometry":{"type":"Point","coordinates":[35.1934251,31.9631133]}},{"type":"Feature","properties":{"id":343},"geometry":{"type":"Point","coordinates":[35.1935012,31.9629555]}},{"type":"Feature","properties":{"id":344},"geometry":{"type":"Point","coordinates":[35.1935218,31.9628713]}},{"type":"Feature","properties":{"id":345},"geometry":{"type":"Point","coordinates":[35.1928412,31.9629995]}},{"type":"Feature","properties":{"id":346},"geometry":{"type":"Point","coordinates":[35.1926499,31.962975]}},{"type":"Feature","properties":{"id":347},"geometry":{"type":"Point","coordinates":[35.1922976,31.9618848]}},{"type":"Feature","properties":{"id":348},"geometry":{"type":"Point","coordinates":[35.192424,31.9617159]}},{"type":"Feature","properties":{"id":349},"geometry":{"type":"Point","coordinates":[35.192101,31.9618927]}},{"type":"Feature","properties":{"id":350},"geometry":{"type":"Point","coordinates":[35.1757056,31.9569298]}},{"type":"Feature","properties":{"id":351},"geometry":{"type":"Point","coordinates":[35.17574,31.9572129]}},{"type":"Feature","properties":{"id":352},"geometry":{"type":"Point","coordinates":[35.1749704,31.9573321]}},{"type":"Feature","properties":{"id":353},"geometry":{"type":"Point","coordinates":[35.1750546,31.9575259]}},{"type":"Feature","properties":{"id":354},"geometry":{"type":"Point","coordinates":[35.1757739,31.9618765]}},{"type":"Feature","properties":{"id":355},"geometry":{"type":"Point","coordinates":[35.175825,31.9620233]}},{"type":"Feature","properties":{"id":356},"geometry":{"type":"Point","coordinates":[35.1759143,31.9622306]}},{"type":"Feature","properties":{"id":357},"geometry":{"type":"Point","coordinates":[35.1759712,31.9623949]}},{"type":"Feature","properties":{"id":358},"geometry":{"type":"Point","coordinates":[35.1760711,31.9626622]}},{"type":"Feature","properties":{"id":359},"geometry":{"type":"Point","coordinates":[35.1762915,31.9625669]}},{"type":"Feature","properties":{"id":360},"geometry":{"type":"Point","coordinates":[35.1771547,31.9624431]}},{"type":"Feature","properties":{"id":361},"geometry":{"type":"Point","coordinates":[35.176137,31.9636648]}},{"type":"Feature","properties":{"id":362},"geometry":{"type":"Point","coordinates":[35.1758863,31.9637852]}},{"type":"Feature","properties":{"id":363},"geometry":{"type":"Point","coordinates":[35.1760017,31.9632808]}},{"type":"Feature","properties":{"id":364},"geometry":{"type":"Point","coordinates":[35.1771708,31.9627185]}},{"type":"Feature","properties":{"id":365},"geometry":{"type":"Point","coordinates":[35.1772372,31.9630679]}},{"type":"Feature","properties":{"id":366},"geometry":{"type":"Point","coordinates":[35.1774831,31.9635389]}},{"type":"Feature","properties":{"id":367},"geometry":{"type":"Point","coordinates":[35.1764234,31.9662893]}},{"type":"Feature","properties":{"id":368},"geometry":{"type":"Point","coordinates":[35.1765196,31.9658072]}},{"type":"Feature","properties":{"id":369},"geometry":{"type":"Point","coordinates":[35.1764792,31.9653998]}},{"type":"Feature","properties":{"id":370},"geometry":{"type":"Point","coordinates":[35.1764527,31.9660987]}},{"type":"Feature","properties":{"id":371},"geometry":{"type":"Point","coordinates":[35.17648,31.9643821]}},{"type":"Feature","properties":{"id":372},"geometry":{"type":"Point","coordinates":[35.1765277,31.9647233]}},{"type":"Feature","properties":{"id":373},"geometry":{"type":"Point","coordinates":[35.1765204,31.9651399]}},{"type":"Feature","properties":{"id":374},"geometry":{"type":"Point","coordinates":[35.1763211,31.9640323]}},{"type":"Feature","properties":{"id":375},"geometry":{"type":"Point","coordinates":[35.1766567,31.9665125]}},{"type":"Feature","properties":{"id":376},"geometry":{"type":"Point","coordinates":[35.176887,31.9667328]}},{"type":"Feature","properties":{"id":377},"geometry":{"type":"Point","coordinates":[35.1770429,31.9668445]}},{"type":"Feature","properties":{"id":378},"geometry":{"type":"Point","coordinates":[35.1731643,31.9712751]}},{"type":"Feature","properties":{"id":379},"geometry":{"type":"Point","coordinates":[35.1732923,31.9714494]}},{"type":"Feature","properties":{"id":380},"geometry":{"type":"Point","coordinates":[35.1732598,31.9766924]}},{"type":"Feature","properties":{"id":381},"geometry":{"type":"Point","coordinates":[35.1730378,31.9767017]}},{"type":"Feature","properties":{"id":382},"geometry":{"type":"Point","coordinates":[35.1735039,31.9766362]}},{"type":"Feature","properties":{"id":383},"geometry":{"type":"Point","coordinates":[35.1736624,31.9765123]}},{"type":"Feature","properties":{"id":384},"geometry":{"type":"Point","coordinates":[35.1776415,31.9847688]}},{"type":"Feature","properties":{"id":385},"geometry":{"type":"Point","coordinates":[35.1775403,31.9844553]}},{"type":"Feature","properties":{"id":386},"geometry":{"type":"Point","coordinates":[35.1843175,31.9783952]}},{"type":"Feature","properties":{"id":387},"geometry":{"type":"Point","coordinates":[35.1839717,31.9785656]}},{"type":"Feature","properties":{"id":388},"geometry":{"type":"Point","coordinates":[35.1835342,31.9786251]}},{"type":"Feature","properties":{"id":389},"geometry":{"type":"Point","coordinates":[35.1845085,31.9785621]}},{"type":"Feature","properties":{"id":390},"geometry":{"type":"Point","coordinates":[35.1848768,31.9792014]}},{"type":"Feature","properties":{"id":391},"geometry":{"type":"Point","coordinates":[35.1849613,31.9781762]}},{"type":"Feature","properties":{"id":392},"geometry":{"type":"Point","coordinates":[35.1848927,31.9784765]}},{"type":"Feature","properties":{"id":393},"geometry":{"type":"Point","coordinates":[35.1845034,31.9776426]}},{"type":"Feature","properties":{"id":394},"geometry":{"type":"Point","coordinates":[35.1841247,31.9778071]}},{"type":"Feature","properties":{"id":395},"geometry":{"type":"Point","coordinates":[35.1838346,31.9779717]}},{"type":"Feature","properties":{"id":396},"geometry":{"type":"Point","coordinates":[35.1859396,31.9772567]}},{"type":"Feature","properties":{"id":397},"geometry":{"type":"Point","coordinates":[35.2055351,31.9690852]}},{"type":"Feature","properties":{"id":398},"geometry":{"type":"Point","coordinates":[35.2052641,31.9690956]}},{"type":"Feature","properties":{"id":399},"geometry":{"type":"Point","coordinates":[35.2026872,31.9702639]}},{"type":"Feature","properties":{"id":400},"geometry":{"type":"Point","coordinates":[35.2028497,31.970219]}},{"type":"Feature","properties":{"id":401},"geometry":{"type":"Point","coordinates":[35.2026424,31.9700989]}},{"type":"Feature","properties":{"id":402},"geometry":{"type":"Point","coordinates":[35.2023857,31.9711408]}},{"type":"Feature","properties":{"id":403},"geometry":{"type":"Point","coordinates":[35.20267,31.970979]}},{"type":"Feature","properties":{"id":404},"geometry":{"type":"Point","coordinates":[35.2027231,31.9707155]}},{"type":"Feature","properties":{"id":405},"geometry":{"type":"Point","coordinates":[35.202735,31.9704361]}},{"type":"Feature","properties":{"id":406},"geometry":{"type":"Point","coordinates":[35.1776395,31.9847691]}},{"type":"Feature","properties":{"id":407},"geometry":{"type":"Point","coordinates":[35.1773209,31.9855653]}},{"type":"Feature","properties":{"id":408},"geometry":{"type":"Point","coordinates":[35.1774134,31.9854653]}},{"type":"Feature","properties":{"id":409},"geometry":{"type":"Point","coordinates":[35.1775423,31.9851058]}},{"type":"Feature","properties":{"id":410},"geometry":{"type":"Point","coordinates":[35.1775398,31.9844554]}},{"type":"Feature","properties":{"id":411},"geometry":{"type":"Point","coordinates":[35.1848622,31.9786392]}},{"type":"Feature","properties":{"id":412},"geometry":{"type":"Point","coordinates":[35.1845006,31.9776415]}},{"type":"Feature","properties":{"id":413},"geometry":{"type":"Point","coordinates":[35.1853647,31.9776084]}},{"type":"Feature","properties":{"id":414},"geometry":{"type":"Point","coordinates":[35.1836442,31.9780782]}},{"type":"Feature","properties":{"id":415},"geometry":{"type":"Point","coordinates":[35.183471,31.9787154]}},{"type":"Feature","properties":{"id":416},"geometry":{"type":"Point","coordinates":[35.1858746,31.9772863]}},{"type":"Feature","properties":{"id":417},"geometry":{"type":"Point","coordinates":[35.1859146,31.97699]}},{"type":"Feature","properties":{"id":418},"geometry":{"type":"Point","coordinates":[35.1861123,31.9769183]}},{"type":"Feature","properties":{"id":419},"geometry":{"type":"Point","coordinates":[35.1857518,31.9772565]}},{"type":"Feature","properties":{"id":420},"geometry":{"type":"Point","coordinates":[35.1864878,31.9767605]}},{"type":"Feature","properties":{"id":421},"geometry":{"type":"Point","coordinates":[35.1871119,31.9761875]}},{"type":"Feature","properties":{"id":422},"geometry":{"type":"Point","coordinates":[35.1864857,31.9767631]}},{"type":"Feature","properties":{"id":423},"geometry":{"type":"Point","coordinates":[35.1867988,31.9764589]}},{"type":"Feature","properties":{"id":424},"geometry":{"type":"Point","coordinates":[35.1870452,31.9762465]}},{"type":"Feature","properties":{"id":425},"geometry":{"type":"Point","coordinates":[35.1856315,31.9766874]}},{"type":"Feature","properties":{"id":426},"geometry":{"type":"Point","coordinates":[35.1855291,31.9763178]}},{"type":"Feature","properties":{"id":427},"geometry":{"type":"Point","coordinates":[35.1856246,31.9759652]}},{"type":"Feature","properties":{"id":428},"geometry":{"type":"Point","coordinates":[35.1856995,31.9757799]}},{"type":"Feature","properties":{"id":429},"geometry":{"type":"Point","coordinates":[35.1812142,31.97844]}},{"type":"Feature","properties":{"id":430},"geometry":{"type":"Point","coordinates":[35.1883439,31.9753429]}},{"type":"Feature","properties":{"id":431},"geometry":{"type":"Point","coordinates":[35.1879157,31.974682]}},{"type":"Feature","properties":{"id":432},"geometry":{"type":"Point","coordinates":[35.1879214,31.9744519]}},{"type":"Feature","properties":{"id":433},"geometry":{"type":"Point","coordinates":[35.1878978,31.9750055]}},{"type":"Feature","properties":{"id":434},"geometry":{"type":"Point","coordinates":[35.18797,31.9743284]}},{"type":"Feature","properties":{"id":435},"geometry":{"type":"Point","coordinates":[35.1878511,31.9738952]}},{"type":"Feature","properties":{"id":436},"geometry":{"type":"Point","coordinates":[35.1878209,31.973273]}},{"type":"Feature","properties":{"id":437},"geometry":{"type":"Point","coordinates":[35.1879596,31.973453]}},{"type":"Feature","properties":{"id":438},"geometry":{"type":"Point","coordinates":[35.1875651,31.9731987]}},{"type":"Feature","properties":{"id":439},"geometry":{"type":"Point","coordinates":[35.1875543,31.9758877]}},{"type":"Feature","properties":{"id":440},"geometry":{"type":"Point","coordinates":[35.1878342,31.9754913]}},{"type":"Feature","properties":{"id":441},"geometry":{"type":"Point","coordinates":[35.1879823,31.9752541]}},{"type":"Feature","properties":{"id":442},"geometry":{"type":"Point","coordinates":[35.1872796,31.9731966]}},{"type":"Feature","properties":{"id":443},"geometry":{"type":"Point","coordinates":[35.1862503,31.974792]}},{"type":"Feature","properties":{"id":444},"geometry":{"type":"Point","coordinates":[35.1865856,31.9748893]}},{"type":"Feature","properties":{"id":445},"geometry":{"type":"Point","coordinates":[35.186118,31.9750606]}},{"type":"Feature","properties":{"id":446},"geometry":{"type":"Point","coordinates":[35.185941,31.9752727]}},{"type":"Feature","properties":{"id":447},"geometry":{"type":"Point","coordinates":[35.1858986,31.9753078]}},{"type":"Feature","properties":{"id":448},"geometry":{"type":"Point","coordinates":[35.1862329,31.9753144]}},{"type":"Feature","properties":{"id":449},"geometry":{"type":"Point","coordinates":[35.1887762,31.9754225]}},{"type":"Feature","properties":{"id":450},"geometry":{"type":"Point","coordinates":[35.1870837,31.9730422]}},{"type":"Feature","properties":{"id":451},"geometry":{"type":"Point","coordinates":[35.1874961,31.9721327]}},{"type":"Feature","properties":{"id":452},"geometry":{"type":"Point","coordinates":[35.1873657,31.972516]}},{"type":"Feature","properties":{"id":453},"geometry":{"type":"Point","coordinates":[35.1867417,31.9734806]}},{"type":"Feature","properties":{"id":454},"geometry":{"type":"Point","coordinates":[35.1869648,31.9733197]}},{"type":"Feature","properties":{"id":455},"geometry":{"type":"Point","coordinates":[35.1871812,31.9728581]}},{"type":"Feature","properties":{"id":456},"geometry":{"type":"Point","coordinates":[35.1874143,31.9743695]}},{"type":"Feature","properties":{"id":457},"geometry":{"type":"Point","coordinates":[35.1871752,31.9747481]}},{"type":"Feature","properties":{"id":458},"geometry":{"type":"Point","coordinates":[35.1877314,31.9743452]}},{"type":"Feature","properties":{"id":459},"geometry":{"type":"Point","coordinates":[35.1856975,31.9757762]}},{"type":"Feature","properties":{"id":460},"geometry":{"type":"Point","coordinates":[35.18581,31.9755561]}},{"type":"Feature","properties":{"id":461},"geometry":{"type":"Point","coordinates":[35.187083,31.9751286]}},{"type":"Feature","properties":{"id":462},"geometry":{"type":"Point","coordinates":[35.1862459,31.9753134]}},{"type":"Feature","properties":{"id":463},"geometry":{"type":"Point","coordinates":[35.185625,31.9759652]}},{"type":"Feature","properties":{"id":464},"geometry":{"type":"Point","coordinates":[35.1868062,31.9754501]}},{"type":"Feature","properties":{"id":465},"geometry":{"type":"Point","coordinates":[35.1865063,31.9753573]}},{"type":"Feature","properties":{"id":466},"geometry":{"type":"Point","coordinates":[35.1862326,31.977566]}},{"type":"Feature","properties":{"id":467},"geometry":{"type":"Point","coordinates":[35.1864941,31.9773772]}},{"type":"Feature","properties":{"id":468},"geometry":{"type":"Point","coordinates":[35.1867488,31.9773268]}},{"type":"Feature","properties":{"id":469},"geometry":{"type":"Point","coordinates":[35.184181,31.9770278]}},{"type":"Feature","properties":{"id":470},"geometry":{"type":"Point","coordinates":[35.1841316,31.9767418]}},{"type":"Feature","properties":{"id":471},"geometry":{"type":"Point","coordinates":[35.1841813,31.977026]}},{"type":"Feature","properties":{"id":472},"geometry":{"type":"Point","coordinates":[35.1841153,31.9763984]}},{"type":"Feature","properties":{"id":473},"geometry":{"type":"Point","coordinates":[35.1842393,31.9760839]}},{"type":"Feature","properties":{"id":474},"geometry":{"type":"Point","coordinates":[35.1843704,31.975798]}},{"type":"Feature","properties":{"id":475},"geometry":{"type":"Point","coordinates":[35.1835174,31.977877]}},{"type":"Feature","properties":{"id":476},"geometry":{"type":"Point","coordinates":[35.1831595,31.977773]}},{"type":"Feature","properties":{"id":477},"geometry":{"type":"Point","coordinates":[35.1842944,31.9773257]}},{"type":"Feature","properties":{"id":478},"geometry":{"type":"Point","coordinates":[35.1881569,31.9727462]}},{"type":"Feature","properties":{"id":479},"geometry":{"type":"Point","coordinates":[35.1884571,31.9728514]}},{"type":"Feature","properties":{"id":480},"geometry":{"type":"Point","coordinates":[35.188995,31.9725416]}},{"type":"Feature","properties":{"id":481},"geometry":{"type":"Point","coordinates":[35.1891979,31.9722132]}},{"type":"Feature","properties":{"id":482},"geometry":{"type":"Point","coordinates":[35.1890173,31.9731839]}},{"type":"Feature","properties":{"id":483},"geometry":{"type":"Point","coordinates":[35.188348,31.9720904]}},{"type":"Feature","properties":{"id":484},"geometry":{"type":"Point","coordinates":[35.1882649,31.9723481]}},{"type":"Feature","properties":{"id":485},"geometry":{"type":"Point","coordinates":[35.1881581,31.9727456]}},{"type":"Feature","properties":{"id":486},"geometry":{"type":"Point","coordinates":[35.1884565,31.9728514]}},{"type":"Feature","properties":{"id":487},"geometry":{"type":"Point","coordinates":[35.1886508,31.9728896]}},{"type":"Feature","properties":{"id":488},"geometry":{"type":"Point","coordinates":[35.1889598,31.972942]}},{"type":"Feature","properties":{"id":489},"geometry":{"type":"Point","coordinates":[35.1875962,31.9756677]}},{"type":"Feature","properties":{"id":490},"geometry":{"type":"Point","coordinates":[35.1878359,31.975491]}},{"type":"Feature","properties":{"id":491},"geometry":{"type":"Point","coordinates":[35.1875568,31.9758839]}},{"type":"Feature","properties":{"id":492},"geometry":{"type":"Point","coordinates":[35.1873763,31.9758984]}},{"type":"Feature","properties":{"id":493},"geometry":{"type":"Point","coordinates":[35.1892616,31.9738718]}},{"type":"Feature","properties":{"id":494},"geometry":{"type":"Point","coordinates":[35.188975,31.9737379]}},{"type":"Feature","properties":{"id":495},"geometry":{"type":"Point","coordinates":[35.1888772,31.9736871]}},{"type":"Feature","properties":{"id":496},"geometry":{"type":"Point","coordinates":[35.1892956,31.9747457]}},{"type":"Feature","properties":{"id":497},"geometry":{"type":"Point","coordinates":[35.1893784,31.9744806]}},{"type":"Feature","properties":{"id":498},"geometry":{"type":"Point","coordinates":[35.1895016,31.9741954]}},{"type":"Feature","properties":{"id":499},"geometry":{"type":"Point","coordinates":[35.1896418,31.9740512]}},{"type":"Feature","properties":{"id":500},"geometry":{"type":"Point","coordinates":[35.1901438,31.9740298]}},{"type":"Feature","properties":{"id":501},"geometry":{"type":"Point","coordinates":[35.1901709,31.9742403]}},{"type":"Feature","properties":{"id":502},"geometry":{"type":"Point","coordinates":[35.1899859,31.9737727]}},{"type":"Feature","properties":{"id":503},"geometry":{"type":"Point","coordinates":[35.1893211,31.9739277]}},{"type":"Feature","properties":{"id":504},"geometry":{"type":"Point","coordinates":[35.1906583,31.9742453]}},{"type":"Feature","properties":{"id":505},"geometry":{"type":"Point","coordinates":[35.1910582,31.9744524]}},{"type":"Feature","properties":{"id":506},"geometry":{"type":"Point","coordinates":[35.1909203,31.974452]}},{"type":"Feature","properties":{"id":507},"geometry":{"type":"Point","coordinates":[35.1903156,31.9745792]}},{"type":"Feature","properties":{"id":508},"geometry":{"type":"Point","coordinates":[35.1903742,31.9743117]}},{"type":"Feature","properties":{"id":509},"geometry":{"type":"Point","coordinates":[35.1902662,31.9737692]}},{"type":"Feature","properties":{"id":510},"geometry":{"type":"Point","coordinates":[35.1893276,31.9713202]}},{"type":"Feature","properties":{"id":511},"geometry":{"type":"Point","coordinates":[35.1892937,31.971569]}},{"type":"Feature","properties":{"id":512},"geometry":{"type":"Point","coordinates":[35.189234,31.9720252]}},{"type":"Feature","properties":{"id":513},"geometry":{"type":"Point","coordinates":[35.1886509,31.9695086]}},{"type":"Feature","properties":{"id":514},"geometry":{"type":"Point","coordinates":[35.1884439,31.9691166]}},{"type":"Feature","properties":{"id":515},"geometry":{"type":"Point","coordinates":[35.1888759,31.9696872]}},{"type":"Feature","properties":{"id":516},"geometry":{"type":"Point","coordinates":[35.1890796,31.969616]}},{"type":"Feature","properties":{"id":517},"geometry":{"type":"Point","coordinates":[35.1893762,31.9693503]}},{"type":"Feature","properties":{"id":518},"geometry":{"type":"Point","coordinates":[35.1886871,31.969819]}},{"type":"Feature","properties":{"id":519},"geometry":{"type":"Point","coordinates":[35.188335,31.969797]}},{"type":"Feature","properties":{"id":520},"geometry":{"type":"Point","coordinates":[35.1878613,31.9698722]}},{"type":"Feature","properties":{"id":521},"geometry":{"type":"Point","coordinates":[35.1874038,31.9699459]}},{"type":"Feature","properties":{"id":522},"geometry":{"type":"Point","coordinates":[35.1825587,31.9617715]}},{"type":"Feature","properties":{"id":523},"geometry":{"type":"Point","coordinates":[35.1829562,31.9617682]}},{"type":"Feature","properties":{"id":524},"geometry":{"type":"Point","coordinates":[35.1821596,31.9617747]}},{"type":"Feature","properties":{"id":525},"geometry":{"type":"Point","coordinates":[35.181754,31.9617769]}},{"type":"Feature","properties":{"id":526},"geometry":{"type":"Point","coordinates":[35.1813721,31.9617755]}},{"type":"Feature","properties":{"id":527},"geometry":{"type":"Point","coordinates":[35.1833608,31.9617664]}},{"type":"Feature","properties":{"id":528},"geometry":{"type":"Point","coordinates":[35.1837605,31.9617636]}},{"type":"Feature","properties":{"id":529},"geometry":{"type":"Point","coordinates":[35.1841566,31.9617615]}},{"type":"Feature","properties":{"id":530},"geometry":{"type":"Point","coordinates":[35.1865244,31.970111]}},{"type":"Feature","properties":{"id":531},"geometry":{"type":"Point","coordinates":[35.1890935,31.9688527]}},{"type":"Feature","properties":{"id":532},"geometry":{"type":"Point","coordinates":[35.1893392,31.9691628]}},{"type":"Feature","properties":{"id":533},"geometry":{"type":"Point","coordinates":[35.1889581,31.9688644]}},{"type":"Feature","properties":{"id":534},"geometry":{"type":"Point","coordinates":[35.1888934,31.9685869]}},{"type":"Feature","properties":{"id":535},"geometry":{"type":"Point","coordinates":[35.1884781,31.967955]}},{"type":"Feature","properties":{"id":536},"geometry":{"type":"Point","coordinates":[35.1886999,31.9683]}},{"type":"Feature","properties":{"id":537},"geometry":{"type":"Point","coordinates":[35.1882891,31.9674727]}},{"type":"Feature","properties":{"id":538},"geometry":{"type":"Point","coordinates":[35.188224,31.9672378]}},{"type":"Feature","properties":{"id":539},"geometry":{"type":"Point","coordinates":[35.1897486,31.9704325]}},{"type":"Feature","properties":{"id":540},"geometry":{"type":"Point","coordinates":[35.190221,31.9703667]}},{"type":"Feature","properties":{"id":541},"geometry":{"type":"Point","coordinates":[35.1904846,31.9706675]}},{"type":"Feature","properties":{"id":542},"geometry":{"type":"Point","coordinates":[35.1906576,31.9709028]}},{"type":"Feature","properties":{"id":543},"geometry":{"type":"Point","coordinates":[35.1910156,31.9711117]}},{"type":"Feature","properties":{"id":544},"geometry":{"type":"Point","coordinates":[35.1913025,31.971322]}},{"type":"Feature","properties":{"id":545},"geometry":{"type":"Point","coordinates":[35.19124,31.9715509]}},{"type":"Feature","properties":{"id":546},"geometry":{"type":"Point","coordinates":[35.1910879,31.9719255]}},{"type":"Feature","properties":{"id":547},"geometry":{"type":"Point","coordinates":[35.1904027,31.972075]}},{"type":"Feature","properties":{"id":548},"geometry":{"type":"Point","coordinates":[35.1903912,31.9723405]}},{"type":"Feature","properties":{"id":549},"geometry":{"type":"Point","coordinates":[35.1903228,31.9722679]}},{"type":"Feature","properties":{"id":550},"geometry":{"type":"Point","coordinates":[35.1906791,31.9721444]}},{"type":"Feature","properties":{"id":551},"geometry":{"type":"Point","coordinates":[35.1913732,31.9718011]}},{"type":"Feature","properties":{"id":552},"geometry":{"type":"Point","coordinates":[35.1913893,31.9722341]}},{"type":"Feature","properties":{"id":553},"geometry":{"type":"Point","coordinates":[35.1911652,31.9719148]}},{"type":"Feature","properties":{"id":554},"geometry":{"type":"Point","coordinates":[35.1911695,31.9719112]}},{"type":"Feature","properties":{"id":555},"geometry":{"type":"Point","coordinates":[35.1911848,31.971676]}},{"type":"Feature","properties":{"id":556},"geometry":{"type":"Point","coordinates":[35.195464,31.9789406]}},{"type":"Feature","properties":{"id":557},"geometry":{"type":"Point","coordinates":[35.1954231,31.9792144]}},{"type":"Feature","properties":{"id":558},"geometry":{"type":"Point","coordinates":[35.1954056,31.9784154]}},{"type":"Feature","properties":{"id":559},"geometry":{"type":"Point","coordinates":[35.195362,31.9781562]}},{"type":"Feature","properties":{"id":560},"geometry":{"type":"Point","coordinates":[35.195437,31.9787212]}},{"type":"Feature","properties":{"id":561},"geometry":{"type":"Point","coordinates":[35.1952023,31.9775714]}},{"type":"Feature","properties":{"id":562},"geometry":{"type":"Point","coordinates":[35.1953212,31.9779438]}},{"type":"Feature","properties":{"id":563},"geometry":{"type":"Point","coordinates":[35.1950818,31.9772989]}},{"type":"Feature","properties":{"id":564},"geometry":{"type":"Point","coordinates":[35.1945086,31.9764995]}},{"type":"Feature","properties":{"id":565},"geometry":{"type":"Point","coordinates":[35.1949767,31.9768445]}},{"type":"Feature","properties":{"id":566},"geometry":{"type":"Point","coordinates":[35.1947708,31.9767045]}},{"type":"Feature","properties":{"id":567},"geometry":{"type":"Point","coordinates":[35.1944564,31.9771449]}},{"type":"Feature","properties":{"id":568},"geometry":{"type":"Point","coordinates":[35.1950248,31.9770601]}},{"type":"Feature","properties":{"id":569},"geometry":{"type":"Point","coordinates":[35.1945448,31.9757657]}},{"type":"Feature","properties":{"id":570},"geometry":{"type":"Point","coordinates":[35.1945803,31.975549]}},{"type":"Feature","properties":{"id":571},"geometry":{"type":"Point","coordinates":[35.195003,31.9753088]}},{"type":"Feature","properties":{"id":572},"geometry":{"type":"Point","coordinates":[35.1951618,31.9752353]}},{"type":"Feature","properties":{"id":573},"geometry":{"type":"Point","coordinates":[35.1949936,31.9749385]}},{"type":"Feature","properties":{"id":574},"geometry":{"type":"Point","coordinates":[35.1949048,31.9745831]}},{"type":"Feature","properties":{"id":575},"geometry":{"type":"Point","coordinates":[35.194964,31.975687]}},{"type":"Feature","properties":{"id":576},"geometry":{"type":"Point","coordinates":[35.1951233,31.9748112]}},{"type":"Feature","properties":{"id":577},"geometry":{"type":"Point","coordinates":[35.1939824,31.975768]}},{"type":"Feature","properties":{"id":578},"geometry":{"type":"Point","coordinates":[35.1940933,31.9754185]}},{"type":"Feature","properties":{"id":579},"geometry":{"type":"Point","coordinates":[35.1941543,31.9750623]}},{"type":"Feature","properties":{"id":580},"geometry":{"type":"Point","coordinates":[35.1943836,31.9750326]}},{"type":"Feature","properties":{"id":581},"geometry":{"type":"Point","coordinates":[35.1945738,31.9749967]}},{"type":"Feature","properties":{"id":582},"geometry":{"type":"Point","coordinates":[35.1945811,31.9760052]}},{"type":"Feature","properties":{"id":583},"geometry":{"type":"Point","coordinates":[35.1944779,31.9761936]}},{"type":"Feature","properties":{"id":584},"geometry":{"type":"Point","coordinates":[35.194578,31.9755482]}},{"type":"Feature","properties":{"id":585},"geometry":{"type":"Point","coordinates":[35.1947182,31.9742786]}},{"type":"Feature","properties":{"id":586},"geometry":{"type":"Point","coordinates":[35.1950911,31.9742411]}},{"type":"Feature","properties":{"id":587},"geometry":{"type":"Point","coordinates":[35.1954139,31.9739527]}},{"type":"Feature","properties":{"id":588},"geometry":{"type":"Point","coordinates":[35.1952046,31.9736658]}},{"type":"Feature","properties":{"id":589},"geometry":{"type":"Point","coordinates":[35.1958304,31.9739667]}},{"type":"Feature","properties":{"id":590},"geometry":{"type":"Point","coordinates":[35.1944058,31.9739614]}},{"type":"Feature","properties":{"id":591},"geometry":{"type":"Point","coordinates":[35.195449,31.9740633]}},{"type":"Feature","properties":{"id":592},"geometry":{"type":"Point","coordinates":[35.195752,31.9735267]}},{"type":"Feature","properties":{"id":593},"geometry":{"type":"Point","coordinates":[35.1957476,31.9744392]}},{"type":"Feature","properties":{"id":594},"geometry":{"type":"Point","coordinates":[35.1940656,31.9736191]}},{"type":"Feature","properties":{"id":595},"geometry":{"type":"Point","coordinates":[35.1937527,31.9732382]}},{"type":"Feature","properties":{"id":596},"geometry":{"type":"Point","coordinates":[35.1938456,31.9729773]}},{"type":"Feature","properties":{"id":597},"geometry":{"type":"Point","coordinates":[35.1930097,31.9731132]}},{"type":"Feature","properties":{"id":598},"geometry":{"type":"Point","coordinates":[35.1933439,31.9713608]}},{"type":"Feature","properties":{"id":599},"geometry":{"type":"Point","coordinates":[35.1932711,31.9712657]}},{"type":"Feature","properties":{"id":600},"geometry":{"type":"Point","coordinates":[35.1934556,31.9709937]}},{"type":"Feature","properties":{"id":601},"geometry":{"type":"Point","coordinates":[35.1928932,31.9713413]}},{"type":"Feature","properties":{"id":602},"geometry":{"type":"Point","coordinates":[35.1926898,31.9713805]}},{"type":"Feature","properties":{"id":603},"geometry":{"type":"Point","coordinates":[35.1923877,31.9714365]}},{"type":"Feature","properties":{"id":604},"geometry":{"type":"Point","coordinates":[35.1915614,31.9716185]}},{"type":"Feature","properties":{"id":605},"geometry":{"type":"Point","coordinates":[35.1918861,31.9715388]}},{"type":"Feature","properties":{"id":606},"geometry":{"type":"Point","coordinates":[35.1917344,31.9716805]}},{"type":"Feature","properties":{"id":607},"geometry":{"type":"Point","coordinates":[35.1921533,31.9718723]}},{"type":"Feature","properties":{"id":608},"geometry":{"type":"Point","coordinates":[35.1923021,31.9722165]}},{"type":"Feature","properties":{"id":609},"geometry":{"type":"Point","coordinates":[35.19238,31.9723933]}},{"type":"Feature","properties":{"id":610},"geometry":{"type":"Point","coordinates":[35.1912815,31.9712785]}},{"type":"Feature","properties":{"id":611},"geometry":{"type":"Point","coordinates":[35.1924793,31.9725928]}},{"type":"Feature","properties":{"id":612},"geometry":{"type":"Point","coordinates":[35.1932196,31.9732186]}},{"type":"Feature","properties":{"id":613},"geometry":{"type":"Point","coordinates":[35.193682,31.9730624]}},{"type":"Feature","properties":{"id":614},"geometry":{"type":"Point","coordinates":[35.1934657,31.9731387]}},{"type":"Feature","properties":{"id":615},"geometry":{"type":"Point","coordinates":[35.1927996,31.972922]}},{"type":"Feature","properties":{"id":616},"geometry":{"type":"Point","coordinates":[35.1928571,31.9724859]}},{"type":"Feature","properties":{"id":617},"geometry":{"type":"Point","coordinates":[35.1931075,31.9724829]}},{"type":"Feature","properties":{"id":618},"geometry":{"type":"Point","coordinates":[35.1925276,31.9724729]}},{"type":"Feature","properties":{"id":619},"geometry":{"type":"Point","coordinates":[35.1936297,31.9726126]}},{"type":"Feature","properties":{"id":620},"geometry":{"type":"Point","coordinates":[35.1936303,31.9726101]}},{"type":"Feature","properties":{"id":621},"geometry":{"type":"Point","coordinates":[35.1935931,31.9723801]}},{"type":"Feature","properties":{"id":622},"geometry":{"type":"Point","coordinates":[35.1936444,31.9727593]}},{"type":"Feature","properties":{"id":623},"geometry":{"type":"Point","coordinates":[35.1937848,31.972575]}},{"type":"Feature","properties":{"id":624},"geometry":{"type":"Point","coordinates":[35.1934965,31.9719744]}},{"type":"Feature","properties":{"id":625},"geometry":{"type":"Point","coordinates":[35.1856554,31.9622776]}},{"type":"Feature","properties":{"id":626},"geometry":{"type":"Point","coordinates":[35.1857911,31.9624552]}},{"type":"Feature","properties":{"id":627},"geometry":{"type":"Point","coordinates":[35.1856567,31.9622764]}},{"type":"Feature","properties":{"id":628},"geometry":{"type":"Point","coordinates":[35.1863051,31.9630867]}},{"type":"Feature","properties":{"id":629},"geometry":{"type":"Point","coordinates":[35.1863243,31.9633296]}},{"type":"Feature","properties":{"id":630},"geometry":{"type":"Point","coordinates":[35.1865864,31.9635923]}},{"type":"Feature","properties":{"id":631},"geometry":{"type":"Point","coordinates":[35.1866345,31.9625658]}},{"type":"Feature","properties":{"id":632},"geometry":{"type":"Point","coordinates":[35.1867553,31.9629437]}},{"type":"Feature","properties":{"id":633},"geometry":{"type":"Point","coordinates":[35.1867045,31.9631963]}},{"type":"Feature","properties":{"id":634},"geometry":{"type":"Point","coordinates":[35.1860602,31.9628045]}},{"type":"Feature","properties":{"id":635},"geometry":{"type":"Point","coordinates":[35.1857947,31.9624541]}},{"type":"Feature","properties":{"id":636},"geometry":{"type":"Point","coordinates":[35.1855498,31.962366]}},{"type":"Feature","properties":{"id":637},"geometry":{"type":"Point","coordinates":[35.1879161,31.9642118]}},{"type":"Feature","properties":{"id":638},"geometry":{"type":"Point","coordinates":[35.1881924,31.9634986]}},{"type":"Feature","properties":{"id":639},"geometry":{"type":"Point","coordinates":[35.1880465,31.9637124]}},{"type":"Feature","properties":{"id":640},"geometry":{"type":"Point","coordinates":[35.1879468,31.9638514]}},{"type":"Feature","properties":{"id":641},"geometry":{"type":"Point","coordinates":[35.1877095,31.9647138]}},{"type":"Feature","properties":{"id":642},"geometry":{"type":"Point","coordinates":[35.1878409,31.9650237]}},{"type":"Feature","properties":{"id":643},"geometry":{"type":"Point","coordinates":[35.1879456,31.9645015]}},{"type":"Feature","properties":{"id":644},"geometry":{"type":"Point","coordinates":[35.1883306,31.9645159]}},{"type":"Feature","properties":{"id":645},"geometry":{"type":"Point","coordinates":[35.1876089,31.9644297]}},{"type":"Feature","properties":{"id":646},"geometry":{"type":"Point","coordinates":[35.1876246,31.9642184]}},{"type":"Feature","properties":{"id":647},"geometry":{"type":"Point","coordinates":[35.1877746,31.963606]}},{"type":"Feature","properties":{"id":648},"geometry":{"type":"Point","coordinates":[35.1874446,31.9636032]}},{"type":"Feature","properties":{"id":649},"geometry":{"type":"Point","coordinates":[35.18708,31.964437]}},{"type":"Feature","properties":{"id":650},"geometry":{"type":"Point","coordinates":[35.1874153,31.9641022]}},{"type":"Feature","properties":{"id":651},"geometry":{"type":"Point","coordinates":[35.1879516,31.9653503]}},{"type":"Feature","properties":{"id":652},"geometry":{"type":"Point","coordinates":[35.1877239,31.9645311]}},{"type":"Feature","properties":{"id":653},"geometry":{"type":"Point","coordinates":[35.1871644,31.9647297]}},{"type":"Feature","properties":{"id":654},"geometry":{"type":"Point","coordinates":[35.1880386,31.9656828]}},{"type":"Feature","properties":{"id":655},"geometry":{"type":"Point","coordinates":[35.1884487,31.9631443]}},{"type":"Feature","properties":{"id":656},"geometry":{"type":"Point","coordinates":[35.1868335,31.9637174]}},{"type":"Feature","properties":{"id":657},"geometry":{"type":"Point","coordinates":[35.1854,31.9565872]}},{"type":"Feature","properties":{"id":658},"geometry":{"type":"Point","coordinates":[35.1853345,31.9565687]}},{"type":"Feature","properties":{"id":659},"geometry":{"type":"Point","coordinates":[35.1852601,31.9566662]}},{"type":"Feature","properties":{"id":660},"geometry":{"type":"Point","coordinates":[35.1851447,31.9566773]}},{"type":"Feature","properties":{"id":661},"geometry":{"type":"Point","coordinates":[35.185094,31.956501]}},{"type":"Feature","properties":{"id":662},"geometry":{"type":"Point","coordinates":[35.1850416,31.956489]}},{"type":"Feature","properties":{"id":663},"geometry":{"type":"Point","coordinates":[35.1846761,31.9563718]}},{"type":"Feature","properties":{"id":664},"geometry":{"type":"Point","coordinates":[35.1856273,31.9566512]}},{"type":"Feature","properties":{"id":665},"geometry":{"type":"Point","coordinates":[35.1858504,31.9567122]}},{"type":"Feature","properties":{"id":666},"geometry":{"type":"Point","coordinates":[35.1862895,31.956892]}},{"type":"Feature","properties":{"id":667},"geometry":{"type":"Point","coordinates":[35.1857774,31.9554208]}},{"type":"Feature","properties":{"id":668},"geometry":{"type":"Point","coordinates":[35.1854232,31.9554638]}},{"type":"Feature","properties":{"id":669},"geometry":{"type":"Point","coordinates":[35.185066,31.9569562]}},{"type":"Feature","properties":{"id":670},"geometry":{"type":"Point","coordinates":[35.1849135,31.9574384]}},{"type":"Feature","properties":{"id":671},"geometry":{"type":"Point","coordinates":[35.1850192,31.9563846]}},{"type":"Feature","properties":{"id":672},"geometry":{"type":"Point","coordinates":[35.1853081,31.9564668]}},{"type":"Feature","properties":{"id":673},"geometry":{"type":"Point","coordinates":[35.1860017,31.9566564]}},{"type":"Feature","properties":{"id":674},"geometry":{"type":"Point","coordinates":[35.1865736,31.9571417]}},{"type":"Feature","properties":{"id":675},"geometry":{"type":"Point","coordinates":[35.186431,31.9571205]}},{"type":"Feature","properties":{"id":676},"geometry":{"type":"Point","coordinates":[35.18672,31.9570479]}},{"type":"Feature","properties":{"id":677},"geometry":{"type":"Point","coordinates":[35.1866012,31.9581239]}},{"type":"Feature","properties":{"id":678},"geometry":{"type":"Point","coordinates":[35.1868299,31.9579944]}},{"type":"Feature","properties":{"id":679},"geometry":{"type":"Point","coordinates":[35.1869244,31.9577845]}},{"type":"Feature","properties":{"id":680},"geometry":{"type":"Point","coordinates":[35.1867618,31.9574629]}},{"type":"Feature","properties":{"id":681},"geometry":{"type":"Point","coordinates":[35.1871123,31.9581098]}},{"type":"Feature","properties":{"id":682},"geometry":{"type":"Point","coordinates":[35.1871808,31.9580209]}},{"type":"Feature","properties":{"id":683},"geometry":{"type":"Point","coordinates":[35.1874007,31.9583713]}},{"type":"Feature","properties":{"id":684},"geometry":{"type":"Point","coordinates":[35.1873236,31.9584369]}},{"type":"Feature","properties":{"id":685},"geometry":{"type":"Point","coordinates":[35.1862488,31.9582922]}},{"type":"Feature","properties":{"id":686},"geometry":{"type":"Point","coordinates":[35.1867399,31.957683]}},{"type":"Feature","properties":{"id":687},"geometry":{"type":"Point","coordinates":[35.1875301,31.9587544]}},{"type":"Feature","properties":{"id":688},"geometry":{"type":"Point","coordinates":[35.1877382,31.9588617]}},{"type":"Feature","properties":{"id":689},"geometry":{"type":"Point","coordinates":[35.1877375,31.9590747]}},{"type":"Feature","properties":{"id":690},"geometry":{"type":"Point","coordinates":[35.1877351,31.9592332]}},{"type":"Feature","properties":{"id":691},"geometry":{"type":"Point","coordinates":[35.1875403,31.9585505]}},{"type":"Feature","properties":{"id":692},"geometry":{"type":"Point","coordinates":[35.1860176,31.9585938]}},{"type":"Feature","properties":{"id":693},"geometry":{"type":"Point","coordinates":[35.1861589,31.9585747]}},{"type":"Feature","properties":{"id":694},"geometry":{"type":"Point","coordinates":[35.186182,31.9587656]}},{"type":"Feature","properties":{"id":695},"geometry":{"type":"Point","coordinates":[35.1865102,31.9590598]}},{"type":"Feature","properties":{"id":696},"geometry":{"type":"Point","coordinates":[35.1866032,31.9592661]}},{"type":"Feature","properties":{"id":697},"geometry":{"type":"Point","coordinates":[35.1867646,31.9595123]}},{"type":"Feature","properties":{"id":698},"geometry":{"type":"Point","coordinates":[35.186899,31.9597338]}},{"type":"Feature","properties":{"id":699},"geometry":{"type":"Point","coordinates":[35.1863462,31.9589837]}},{"type":"Feature","properties":{"id":700},"geometry":{"type":"Point","coordinates":[35.1879426,31.9593802]}},{"type":"Feature","properties":{"id":701},"geometry":{"type":"Point","coordinates":[35.1881999,31.9596707]}},{"type":"Feature","properties":{"id":702},"geometry":{"type":"Point","coordinates":[35.1882301,31.9595713]}},{"type":"Feature","properties":{"id":703},"geometry":{"type":"Point","coordinates":[35.1880405,31.9593598]}},{"type":"Feature","properties":{"id":704},"geometry":{"type":"Point","coordinates":[35.1864232,31.9588975]}},{"type":"Feature","properties":{"id":705},"geometry":{"type":"Point","coordinates":[35.1873288,31.9599261]}},{"type":"Feature","properties":{"id":706},"geometry":{"type":"Point","coordinates":[35.1878889,31.9591417]}},{"type":"Feature","properties":{"id":707},"geometry":{"type":"Point","coordinates":[35.187663,31.9591613]}},{"type":"Feature","properties":{"id":708},"geometry":{"type":"Point","coordinates":[35.1875755,31.9601668]}},{"type":"Feature","properties":{"id":709},"geometry":{"type":"Point","coordinates":[35.1873338,31.9601906]}},{"type":"Feature","properties":{"id":710},"geometry":{"type":"Point","coordinates":[35.1877466,31.960347]}},{"type":"Feature","properties":{"id":711},"geometry":{"type":"Point","coordinates":[35.1870312,31.9604293]}},{"type":"Feature","properties":{"id":712},"geometry":{"type":"Point","coordinates":[35.1885019,31.9599052]}},{"type":"Feature","properties":{"id":713},"geometry":{"type":"Point","coordinates":[35.1888482,31.9601221]}},{"type":"Feature","properties":{"id":714},"geometry":{"type":"Point","coordinates":[35.188861,31.960035]}},{"type":"Feature","properties":{"id":715},"geometry":{"type":"Point","coordinates":[35.1886549,31.9599152]}},{"type":"Feature","properties":{"id":716},"geometry":{"type":"Point","coordinates":[35.1883867,31.9597085]}},{"type":"Feature","properties":{"id":717},"geometry":{"type":"Point","coordinates":[35.1892644,31.9602752]}},{"type":"Feature","properties":{"id":718},"geometry":{"type":"Point","coordinates":[35.1896583,31.9604229]}},{"type":"Feature","properties":{"id":719},"geometry":{"type":"Point","coordinates":[35.1891609,31.9603653]}},{"type":"Feature","properties":{"id":720},"geometry":{"type":"Point","coordinates":[35.1904254,31.960964]}},{"type":"Feature","properties":{"id":721},"geometry":{"type":"Point","coordinates":[35.1901315,31.9607018]}},{"type":"Feature","properties":{"id":722},"geometry":{"type":"Point","coordinates":[35.1904373,31.9611399]}},{"type":"Feature","properties":{"id":723},"geometry":{"type":"Point","coordinates":[35.1907158,31.96147]}},{"type":"Feature","properties":{"id":724},"geometry":{"type":"Point","coordinates":[35.1907861,31.9618311]}},{"type":"Feature","properties":{"id":725},"geometry":{"type":"Point","coordinates":[35.1906133,31.961456]}},{"type":"Feature","properties":{"id":726},"geometry":{"type":"Point","coordinates":[35.1833319,31.9554783]}},{"type":"Feature","properties":{"id":727},"geometry":{"type":"Point","coordinates":[35.1835959,31.9557688]}},{"type":"Feature","properties":{"id":728},"geometry":{"type":"Point","coordinates":[35.1839158,31.9560195]}},{"type":"Feature","properties":{"id":729},"geometry":{"type":"Point","coordinates":[35.1842696,31.9562072]}},{"type":"Feature","properties":{"id":730},"geometry":{"type":"Point","coordinates":[35.1984844,31.9827472]}},{"type":"Feature","properties":{"id":731},"geometry":{"type":"Point","coordinates":[35.1840398,31.9559887]}},{"type":"Feature","properties":{"id":732},"geometry":{"type":"Point","coordinates":[35.198307,31.9831418]}},{"type":"Feature","properties":{"id":733},"geometry":{"type":"Point","coordinates":[35.1843232,31.9561126]}},{"type":"Feature","properties":{"id":734},"geometry":{"type":"Point","coordinates":[35.1980935,31.9830127]}},{"type":"Feature","properties":{"id":735},"geometry":{"type":"Point","coordinates":[35.1837819,31.9558123]}},{"type":"Feature","properties":{"id":736},"geometry":{"type":"Point","coordinates":[35.1978919,31.9831094]}},{"type":"Feature","properties":{"id":737},"geometry":{"type":"Point","coordinates":[35.1836118,31.9556277]}},{"type":"Feature","properties":{"id":738},"geometry":{"type":"Point","coordinates":[35.1982361,31.9829286]}},{"type":"Feature","properties":{"id":739},"geometry":{"type":"Point","coordinates":[35.1987885,31.9828566]}},{"type":"Feature","properties":{"id":740},"geometry":{"type":"Point","coordinates":[35.1831493,31.9552693]}},{"type":"Feature","properties":{"id":741},"geometry":{"type":"Point","coordinates":[35.1989998,31.9828631]}},{"type":"Feature","properties":{"id":742},"geometry":{"type":"Point","coordinates":[35.1828905,31.9549623]}},{"type":"Feature","properties":{"id":743},"geometry":{"type":"Point","coordinates":[35.1992471,31.982866]}},{"type":"Feature","properties":{"id":744},"geometry":{"type":"Point","coordinates":[35.1829491,31.9548643]}},{"type":"Feature","properties":{"id":745},"geometry":{"type":"Point","coordinates":[35.1989398,31.9826977]}},{"type":"Feature","properties":{"id":746},"geometry":{"type":"Point","coordinates":[35.1831429,31.9551195]}},{"type":"Feature","properties":{"id":747},"geometry":{"type":"Point","coordinates":[35.19871,31.9827253]}},{"type":"Feature","properties":{"id":748},"geometry":{"type":"Point","coordinates":[35.1833712,31.9553653]}},{"type":"Feature","properties":{"id":749},"geometry":{"type":"Point","coordinates":[35.1971698,31.9810227]}},{"type":"Feature","properties":{"id":750},"geometry":{"type":"Point","coordinates":[35.1827079,31.9545323]}},{"type":"Feature","properties":{"id":751},"geometry":{"type":"Point","coordinates":[35.197558,31.9810228]}},{"type":"Feature","properties":{"id":752},"geometry":{"type":"Point","coordinates":[35.1825346,31.9542586]}},{"type":"Feature","properties":{"id":753},"geometry":{"type":"Point","coordinates":[35.197829,31.9810651]}},{"type":"Feature","properties":{"id":754},"geometry":{"type":"Point","coordinates":[35.1823953,31.953962]}},{"type":"Feature","properties":{"id":755},"geometry":{"type":"Point","coordinates":[35.1959759,31.980372]}},{"type":"Feature","properties":{"id":756},"geometry":{"type":"Point","coordinates":[35.1823259,31.9536596]}},{"type":"Feature","properties":{"id":757},"geometry":{"type":"Point","coordinates":[35.1954381,31.9795019]}},{"type":"Feature","properties":{"id":758},"geometry":{"type":"Point","coordinates":[35.1821563,31.9531672]}},{"type":"Feature","properties":{"id":759},"geometry":{"type":"Point","coordinates":[35.195228,31.9795554]}},{"type":"Feature","properties":{"id":760},"geometry":{"type":"Point","coordinates":[35.182341,31.9531771]}},{"type":"Feature","properties":{"id":761},"geometry":{"type":"Point","coordinates":[35.1954805,31.9797618]}},{"type":"Feature","properties":{"id":762},"geometry":{"type":"Point","coordinates":[35.1828294,31.9540074]}},{"type":"Feature","properties":{"id":763},"geometry":{"type":"Point","coordinates":[35.195571,31.9799761]}},{"type":"Feature","properties":{"id":764},"geometry":{"type":"Point","coordinates":[35.1828784,31.9541839]}},{"type":"Feature","properties":{"id":765},"geometry":{"type":"Point","coordinates":[35.1966562,31.9797401]}},{"type":"Feature","properties":{"id":766},"geometry":{"type":"Point","coordinates":[35.1815479,31.9539214]}},{"type":"Feature","properties":{"id":767},"geometry":{"type":"Point","coordinates":[35.1962793,31.979593]}},{"type":"Feature","properties":{"id":768},"geometry":{"type":"Point","coordinates":[35.18276,31.953707]}},{"type":"Feature","properties":{"id":769},"geometry":{"type":"Point","coordinates":[35.1970182,31.9805537]}},{"type":"Feature","properties":{"id":770},"geometry":{"type":"Point","coordinates":[35.1826718,31.953493]}},{"type":"Feature","properties":{"id":771},"geometry":{"type":"Point","coordinates":[35.1960284,31.9792633]}},{"type":"Feature","properties":{"id":772},"geometry":{"type":"Point","coordinates":[35.1827005,31.9533241]}},{"type":"Feature","properties":{"id":773},"geometry":{"type":"Point","coordinates":[35.19822,31.9811407]}},{"type":"Feature","properties":{"id":774},"geometry":{"type":"Point","coordinates":[35.1823251,31.9533954]}},{"type":"Feature","properties":{"id":775},"geometry":{"type":"Point","coordinates":[35.2004247,31.9823938]}},{"type":"Feature","properties":{"id":776},"geometry":{"type":"Point","coordinates":[35.1815821,31.9558589]}},{"type":"Feature","properties":{"id":777},"geometry":{"type":"Point","coordinates":[35.2003665,31.9822942]}},{"type":"Feature","properties":{"id":778},"geometry":{"type":"Point","coordinates":[35.1812783,31.9556427]}},{"type":"Feature","properties":{"id":779},"geometry":{"type":"Point","coordinates":[35.200296,31.9820356]}},{"type":"Feature","properties":{"id":780},"geometry":{"type":"Point","coordinates":[35.1804928,31.9535121]}},{"type":"Feature","properties":{"id":781},"geometry":{"type":"Point","coordinates":[35.2006721,31.9825211]}},{"type":"Feature","properties":{"id":782},"geometry":{"type":"Point","coordinates":[35.1808549,31.9536401]}},{"type":"Feature","properties":{"id":783},"geometry":{"type":"Point","coordinates":[35.2006967,31.9825272]}},{"type":"Feature","properties":{"id":784},"geometry":{"type":"Point","coordinates":[35.1820551,31.9535435]}},{"type":"Feature","properties":{"id":785},"geometry":{"type":"Point","coordinates":[35.2007756,31.9823395]}},{"type":"Feature","properties":{"id":786},"geometry":{"type":"Point","coordinates":[35.1818878,31.9537469]}},{"type":"Feature","properties":{"id":787},"geometry":{"type":"Point","coordinates":[35.2011868,31.9822586]}},{"type":"Feature","properties":{"id":788},"geometry":{"type":"Point","coordinates":[35.1818227,31.9539244]}},{"type":"Feature","properties":{"id":789},"geometry":{"type":"Point","coordinates":[35.1849888,31.9703944]}},{"type":"Feature","properties":{"id":790},"geometry":{"type":"Point","coordinates":[35.1824113,31.9563732]}},{"type":"Feature","properties":{"id":791},"geometry":{"type":"Point","coordinates":[35.1857384,31.9703011]}},{"type":"Feature","properties":{"id":792},"geometry":{"type":"Point","coordinates":[35.1827743,31.9566495]}},{"type":"Feature","properties":{"id":793},"geometry":{"type":"Point","coordinates":[35.1852685,31.9703468]}},{"type":"Feature","properties":{"id":794},"geometry":{"type":"Point","coordinates":[35.1819508,31.9570059]}},{"type":"Feature","properties":{"id":795},"geometry":{"type":"Point","coordinates":[35.1993085,31.9814067]}},{"type":"Feature","properties":{"id":796},"geometry":{"type":"Point","coordinates":[35.1831094,31.9567876]}},{"type":"Feature","properties":{"id":797},"geometry":{"type":"Point","coordinates":[35.1995703,31.9809411]}},{"type":"Feature","properties":{"id":798},"geometry":{"type":"Point","coordinates":[35.179135,31.955176]}},{"type":"Feature","properties":{"id":799},"geometry":{"type":"Point","coordinates":[35.2004014,31.9819864]}},{"type":"Feature","properties":{"id":800},"geometry":{"type":"Point","coordinates":[35.1792333,31.9553253]}},{"type":"Feature","properties":{"id":801},"geometry":{"type":"Point","coordinates":[35.202534,31.9820231]}},{"type":"Feature","properties":{"id":802},"geometry":{"type":"Point","coordinates":[35.1781587,31.9549945]}},{"type":"Feature","properties":{"id":803},"geometry":{"type":"Point","coordinates":[35.2016014,31.982177]}},{"type":"Feature","properties":{"id":804},"geometry":{"type":"Point","coordinates":[35.1772647,31.9557347]}},{"type":"Feature","properties":{"id":805},"geometry":{"type":"Point","coordinates":[35.2033181,31.9798672]}},{"type":"Feature","properties":{"id":806},"geometry":{"type":"Point","coordinates":[35.2030077,31.9793713]}},{"type":"Feature","properties":{"id":807},"geometry":{"type":"Point","coordinates":[35.1765195,31.9561097]}},{"type":"Feature","properties":{"id":808},"geometry":{"type":"Point","coordinates":[35.2036387,31.9801062]}},{"type":"Feature","properties":{"id":809},"geometry":{"type":"Point","coordinates":[35.1763105,31.9562085]}},{"type":"Feature","properties":{"id":810},"geometry":{"type":"Point","coordinates":[35.2041116,31.9801203]}},{"type":"Feature","properties":{"id":811},"geometry":{"type":"Point","coordinates":[35.1799604,31.9554949]}},{"type":"Feature","properties":{"id":812},"geometry":{"type":"Point","coordinates":[35.2047913,31.9805278]}},{"type":"Feature","properties":{"id":813},"geometry":{"type":"Point","coordinates":[35.1800374,31.9553201]}},{"type":"Feature","properties":{"id":814},"geometry":{"type":"Point","coordinates":[35.2045112,31.980267]}},{"type":"Feature","properties":{"id":815},"geometry":{"type":"Point","coordinates":[35.190096,31.9604359]}},{"type":"Feature","properties":{"id":816},"geometry":{"type":"Point","coordinates":[35.2049881,31.9799896]}},{"type":"Feature","properties":{"id":817},"geometry":{"type":"Point","coordinates":[35.190447,31.9603185]}},{"type":"Feature","properties":{"id":818},"geometry":{"type":"Point","coordinates":[35.2053845,31.9800306]}},{"type":"Feature","properties":{"id":819},"geometry":{"type":"Point","coordinates":[35.1872206,31.9584724]}},{"type":"Feature","properties":{"id":820},"geometry":{"type":"Point","coordinates":[35.2045346,31.9800705]}},{"type":"Feature","properties":{"id":821},"geometry":{"type":"Point","coordinates":[35.1916401,31.9603486]}},{"type":"Feature","properties":{"id":822},"geometry":{"type":"Point","coordinates":[35.2050239,31.980817]}},{"type":"Feature","properties":{"id":823},"geometry":{"type":"Point","coordinates":[35.1916267,31.9607028]}},{"type":"Feature","properties":{"id":824},"geometry":{"type":"Point","coordinates":[35.2045126,31.9810486]}},{"type":"Feature","properties":{"id":825},"geometry":{"type":"Point","coordinates":[35.1951229,31.9565271]}},{"type":"Feature","properties":{"id":826},"geometry":{"type":"Point","coordinates":[35.2038768,31.9813819]}},{"type":"Feature","properties":{"id":827},"geometry":{"type":"Point","coordinates":[35.1949306,31.9563172]}},{"type":"Feature","properties":{"id":828},"geometry":{"type":"Point","coordinates":[35.2024047,31.9820141]}},{"type":"Feature","properties":{"id":829},"geometry":{"type":"Point","coordinates":[35.1950179,31.9567486]}},{"type":"Feature","properties":{"id":830},"geometry":{"type":"Point","coordinates":[35.202819,31.9816006]}},{"type":"Feature","properties":{"id":831},"geometry":{"type":"Point","coordinates":[35.1947669,31.9567878]}},{"type":"Feature","properties":{"id":832},"geometry":{"type":"Point","coordinates":[35.2028488,31.9817764]}},{"type":"Feature","properties":{"id":833},"geometry":{"type":"Point","coordinates":[35.1943765,31.9568033]}},{"type":"Feature","properties":{"id":834},"geometry":{"type":"Point","coordinates":[35.204243,31.9812194]}},{"type":"Feature","properties":{"id":835},"geometry":{"type":"Point","coordinates":[35.1939499,31.9568377]}},{"type":"Feature","properties":{"id":836},"geometry":{"type":"Point","coordinates":[35.2036446,31.981386]}},{"type":"Feature","properties":{"id":837},"geometry":{"type":"Point","coordinates":[35.1935966,31.9568808]}},{"type":"Feature","properties":{"id":838},"geometry":{"type":"Point","coordinates":[35.2032292,31.9814659]}},{"type":"Feature","properties":{"id":839},"geometry":{"type":"Point","coordinates":[35.1931065,31.9572402]}},{"type":"Feature","properties":{"id":840},"geometry":{"type":"Point","coordinates":[35.2067596,31.9794687]}},{"type":"Feature","properties":{"id":841},"geometry":{"type":"Point","coordinates":[35.1858799,31.9652576]}},{"type":"Feature","properties":{"id":842},"geometry":{"type":"Point","coordinates":[35.2064415,31.979679]}},{"type":"Feature","properties":{"id":843},"geometry":{"type":"Point","coordinates":[35.1861065,31.9651226]}},{"type":"Feature","properties":{"id":844},"geometry":{"type":"Point","coordinates":[35.2071286,31.9791981]}},{"type":"Feature","properties":{"id":845},"geometry":{"type":"Point","coordinates":[35.1861389,31.9647957]}},{"type":"Feature","properties":{"id":846},"geometry":{"type":"Point","coordinates":[35.2062192,31.9799058]}},{"type":"Feature","properties":{"id":847},"geometry":{"type":"Point","coordinates":[35.1858578,31.9655791]}},{"type":"Feature","properties":{"id":848},"geometry":{"type":"Point","coordinates":[35.2041355,31.9797041]}},{"type":"Feature","properties":{"id":849},"geometry":{"type":"Point","coordinates":[35.1858456,31.965729]}},{"type":"Feature","properties":{"id":850},"geometry":{"type":"Point","coordinates":[35.2043613,31.9795629]}},{"type":"Feature","properties":{"id":851},"geometry":{"type":"Point","coordinates":[35.1858949,31.9658729]}},{"type":"Feature","properties":{"id":852},"geometry":{"type":"Point","coordinates":[35.2045956,31.9793587]}},{"type":"Feature","properties":{"id":853},"geometry":{"type":"Point","coordinates":[35.1852022,31.9663063]}},{"type":"Feature","properties":{"id":854},"geometry":{"type":"Point","coordinates":[35.2038962,31.9798308]}},{"type":"Feature","properties":{"id":855},"geometry":{"type":"Point","coordinates":[35.1868645,31.9650481]}},{"type":"Feature","properties":{"id":856},"geometry":{"type":"Point","coordinates":[35.2051592,31.9786973]}},{"type":"Feature","properties":{"id":857},"geometry":{"type":"Point","coordinates":[35.1865434,31.9651096]}},{"type":"Feature","properties":{"id":858},"geometry":{"type":"Point","coordinates":[35.2053576,31.9784356]}},{"type":"Feature","properties":{"id":859},"geometry":{"type":"Point","coordinates":[35.1862203,31.9646025]}},{"type":"Feature","properties":{"id":860},"geometry":{"type":"Point","coordinates":[35.2056257,31.9781786]}},{"type":"Feature","properties":{"id":861},"geometry":{"type":"Point","coordinates":[35.1857251,31.9645487]}},{"type":"Feature","properties":{"id":862},"geometry":{"type":"Point","coordinates":[35.2048233,31.9791125]}},{"type":"Feature","properties":{"id":863},"geometry":{"type":"Point","coordinates":[35.1854464,31.9659847]}},{"type":"Feature","properties":{"id":864},"geometry":{"type":"Point","coordinates":[35.2059507,31.9779268]}},{"type":"Feature","properties":{"id":865},"geometry":{"type":"Point","coordinates":[35.185721,31.9644418]}},{"type":"Feature","properties":{"id":866},"geometry":{"type":"Point","coordinates":[35.2061985,31.9777319]}},{"type":"Feature","properties":{"id":867},"geometry":{"type":"Point","coordinates":[35.1854919,31.964389]}},{"type":"Feature","properties":{"id":868},"geometry":{"type":"Point","coordinates":[35.1998904,31.9722594]}},{"type":"Feature","properties":{"id":869},"geometry":{"type":"Point","coordinates":[35.1851754,31.9643237]}},{"type":"Feature","properties":{"id":870},"geometry":{"type":"Point","coordinates":[35.1998342,31.9727309]}},{"type":"Feature","properties":{"id":871},"geometry":{"type":"Point","coordinates":[35.1848445,31.9643243]}},{"type":"Feature","properties":{"id":872},"geometry":{"type":"Point","coordinates":[35.1997675,31.9731252]}},{"type":"Feature","properties":{"id":873},"geometry":{"type":"Point","coordinates":[35.1845307,31.9644073]}},{"type":"Feature","properties":{"id":874},"geometry":{"type":"Point","coordinates":[35.1980535,31.9776931]}},{"type":"Feature","properties":{"id":875},"geometry":{"type":"Point","coordinates":[35.1842366,31.9645196]}},{"type":"Feature","properties":{"id":876},"geometry":{"type":"Point","coordinates":[35.1994875,31.9782921]}},{"type":"Feature","properties":{"id":877},"geometry":{"type":"Point","coordinates":[35.1839493,31.9646289]}},{"type":"Feature","properties":{"id":878},"geometry":{"type":"Point","coordinates":[35.1983714,31.9761975]}},{"type":"Feature","properties":{"id":879},"geometry":{"type":"Point","coordinates":[35.1853765,31.9644639]}},{"type":"Feature","properties":{"id":880},"geometry":{"type":"Point","coordinates":[35.1991416,31.9761099]}},{"type":"Feature","properties":{"id":881},"geometry":{"type":"Point","coordinates":[35.184736,31.9644426]}},{"type":"Feature","properties":{"id":882},"geometry":{"type":"Point","coordinates":[35.1988761,31.9765424]}},{"type":"Feature","properties":{"id":883},"geometry":{"type":"Point","coordinates":[35.1836365,31.9647493]}},{"type":"Feature","properties":{"id":884},"geometry":{"type":"Point","coordinates":[35.1988649,31.976893]}},{"type":"Feature","properties":{"id":885},"geometry":{"type":"Point","coordinates":[35.1837652,31.9654218]}},{"type":"Feature","properties":{"id":886},"geometry":{"type":"Point","coordinates":[35.1989622,31.9770069]}},{"type":"Feature","properties":{"id":887},"geometry":{"type":"Point","coordinates":[35.1831606,31.9654472]}},{"type":"Feature","properties":{"id":888},"geometry":{"type":"Point","coordinates":[35.1992861,31.9771531]}},{"type":"Feature","properties":{"id":889},"geometry":{"type":"Point","coordinates":[35.1831619,31.9651791]}},{"type":"Feature","properties":{"id":890},"geometry":{"type":"Point","coordinates":[35.1982044,31.9764243]}},{"type":"Feature","properties":{"id":891},"geometry":{"type":"Point","coordinates":[35.1831589,31.9651284]}},{"type":"Feature","properties":{"id":892},"geometry":{"type":"Point","coordinates":[35.1986412,31.9758557]}},{"type":"Feature","properties":{"id":893},"geometry":{"type":"Point","coordinates":[35.1833947,31.9657104]}},{"type":"Feature","properties":{"id":894},"geometry":{"type":"Point","coordinates":[35.198814,31.9755742]}},{"type":"Feature","properties":{"id":895},"geometry":{"type":"Point","coordinates":[35.1836216,31.9660028]}},{"type":"Feature","properties":{"id":896},"geometry":{"type":"Point","coordinates":[35.1988414,31.9750934]}},{"type":"Feature","properties":{"id":897},"geometry":{"type":"Point","coordinates":[35.1834159,31.965]}},{"type":"Feature","properties":{"id":898},"geometry":{"type":"Point","coordinates":[35.1994205,31.9757563]}},{"type":"Feature","properties":{"id":899},"geometry":{"type":"Point","coordinates":[35.1833963,31.964853]}},{"type":"Feature","properties":{"id":900},"geometry":{"type":"Point","coordinates":[35.1974708,31.9757109]}},{"type":"Feature","properties":{"id":901},"geometry":{"type":"Point","coordinates":[35.1833758,31.9648836]}},{"type":"Feature","properties":{"id":902},"geometry":{"type":"Point","coordinates":[35.1974704,31.9756739]}},{"type":"Feature","properties":{"id":903},"geometry":{"type":"Point","coordinates":[35.1832345,31.9649938]}},{"type":"Feature","properties":{"id":904},"geometry":{"type":"Point","coordinates":[35.1975806,31.9755047]}},{"type":"Feature","properties":{"id":905},"geometry":{"type":"Point","coordinates":[35.182865,31.9649697]}},{"type":"Feature","properties":{"id":906},"geometry":{"type":"Point","coordinates":[35.1974542,31.975304]}},{"type":"Feature","properties":{"id":907},"geometry":{"type":"Point","coordinates":[35.1831116,31.9651]}},{"type":"Feature","properties":{"id":908},"geometry":{"type":"Point","coordinates":[35.1988542,31.9752658]}},{"type":"Feature","properties":{"id":909},"geometry":{"type":"Point","coordinates":[35.1838734,31.9662677]}},{"type":"Feature","properties":{"id":910},"geometry":{"type":"Point","coordinates":[35.1988197,31.9749327]}},{"type":"Feature","properties":{"id":911},"geometry":{"type":"Point","coordinates":[35.1851169,31.9674033]}},{"type":"Feature","properties":{"id":912},"geometry":{"type":"Point","coordinates":[35.1988047,31.9747173]}},{"type":"Feature","properties":{"id":913},"geometry":{"type":"Point","coordinates":[35.1841614,31.9668105]}},{"type":"Feature","properties":{"id":914},"geometry":{"type":"Point","coordinates":[35.1986045,31.9745252]}},{"type":"Feature","properties":{"id":915},"geometry":{"type":"Point","coordinates":[35.184155,31.9664824]}},{"type":"Feature","properties":{"id":916},"geometry":{"type":"Point","coordinates":[35.1987737,31.9743498]}},{"type":"Feature","properties":{"id":917},"geometry":{"type":"Point","coordinates":[35.1840092,31.9671069]}},{"type":"Feature","properties":{"id":918},"geometry":{"type":"Point","coordinates":[35.1848621,31.9672679]}},{"type":"Feature","properties":{"id":919},"geometry":{"type":"Point","coordinates":[35.1992781,31.9751136]}},{"type":"Feature","properties":{"id":920},"geometry":{"type":"Point","coordinates":[35.184821,31.9670898]}},{"type":"Feature","properties":{"id":921},"geometry":{"type":"Point","coordinates":[35.1992947,31.9748038]}},{"type":"Feature","properties":{"id":922},"geometry":{"type":"Point","coordinates":[35.1848942,31.9668305]}},{"type":"Feature","properties":{"id":923},"geometry":{"type":"Point","coordinates":[35.1993365,31.9744559]}},{"type":"Feature","properties":{"id":924},"geometry":{"type":"Point","coordinates":[35.1850677,31.9664998]}},{"type":"Feature","properties":{"id":925},"geometry":{"type":"Point","coordinates":[35.1990586,31.9755091]}},{"type":"Feature","properties":{"id":926},"geometry":{"type":"Point","coordinates":[35.1819417,31.9654013]}},{"type":"Feature","properties":{"id":927},"geometry":{"type":"Point","coordinates":[35.1983897,31.9754503]}},{"type":"Feature","properties":{"id":928},"geometry":{"type":"Point","coordinates":[35.1985334,31.9752576]}},{"type":"Feature","properties":{"id":929},"geometry":{"type":"Point","coordinates":[35.1815355,31.965397]}},{"type":"Feature","properties":{"id":930},"geometry":{"type":"Point","coordinates":[35.199407,31.9741073]}},{"type":"Feature","properties":{"id":931},"geometry":{"type":"Point","coordinates":[35.1822602,31.9653182]}},{"type":"Feature","properties":{"id":932},"geometry":{"type":"Point","coordinates":[35.1994151,31.9740059]}},{"type":"Feature","properties":{"id":933},"geometry":{"type":"Point","coordinates":[35.1811613,31.9653645]}},{"type":"Feature","properties":{"id":934},"geometry":{"type":"Point","coordinates":[35.1825458,31.9650478]}},{"type":"Feature","properties":{"id":935},"geometry":{"type":"Point","coordinates":[35.1995815,31.973899]}},{"type":"Feature","properties":{"id":936},"geometry":{"type":"Point","coordinates":[35.1826373,31.9650538]}},{"type":"Feature","properties":{"id":937},"geometry":{"type":"Point","coordinates":[35.1999262,31.9742617]}},{"type":"Feature","properties":{"id":938},"geometry":{"type":"Point","coordinates":[35.1982634,31.9746099]}},{"type":"Feature","properties":{"id":939},"geometry":{"type":"Point","coordinates":[35.1856439,31.9561123]}},{"type":"Feature","properties":{"id":940},"geometry":{"type":"Point","coordinates":[35.1859682,31.9560522]}},{"type":"Feature","properties":{"id":941},"geometry":{"type":"Point","coordinates":[35.1982051,31.9745505]}},{"type":"Feature","properties":{"id":942},"geometry":{"type":"Point","coordinates":[35.186234,31.9560423]}},{"type":"Feature","properties":{"id":943},"geometry":{"type":"Point","coordinates":[35.1862715,31.9563859]}},{"type":"Feature","properties":{"id":944},"geometry":{"type":"Point","coordinates":[35.1977021,31.9746312]}},{"type":"Feature","properties":{"id":945},"geometry":{"type":"Point","coordinates":[35.1862319,31.956597]}},{"type":"Feature","properties":{"id":946},"geometry":{"type":"Point","coordinates":[35.203119,31.9790529]}},{"type":"Feature","properties":{"id":947},"geometry":{"type":"Point","coordinates":[35.1861802,31.9553625]}},{"type":"Feature","properties":{"id":948},"geometry":{"type":"Point","coordinates":[35.2032372,31.9789431]}},{"type":"Feature","properties":{"id":949},"geometry":{"type":"Point","coordinates":[35.1862107,31.9557378]}},{"type":"Feature","properties":{"id":950},"geometry":{"type":"Point","coordinates":[35.2034467,31.9786867]}},{"type":"Feature","properties":{"id":951},"geometry":{"type":"Point","coordinates":[35.1865187,31.9551547]}},{"type":"Feature","properties":{"id":952},"geometry":{"type":"Point","coordinates":[35.203638,31.9784067]}},{"type":"Feature","properties":{"id":953},"geometry":{"type":"Point","coordinates":[35.1870308,31.9550478]}},{"type":"Feature","properties":{"id":954},"geometry":{"type":"Point","coordinates":[35.203933,31.9781757]}},{"type":"Feature","properties":{"id":955},"geometry":{"type":"Point","coordinates":[35.1872943,31.9554156]}},{"type":"Feature","properties":{"id":956},"geometry":{"type":"Point","coordinates":[35.2042418,31.9779283]}},{"type":"Feature","properties":{"id":957},"geometry":{"type":"Point","coordinates":[35.1867788,31.9550757]}},{"type":"Feature","properties":{"id":958},"geometry":{"type":"Point","coordinates":[35.2045254,31.9776915]}},{"type":"Feature","properties":{"id":959},"geometry":{"type":"Point","coordinates":[35.1871731,31.9543269]}},{"type":"Feature","properties":{"id":960},"geometry":{"type":"Point","coordinates":[35.2004815,31.9722649]}},{"type":"Feature","properties":{"id":961},"geometry":{"type":"Point","coordinates":[35.1867925,31.9543027]}},{"type":"Feature","properties":{"id":962},"geometry":{"type":"Point","coordinates":[35.2007905,31.9722293]}},{"type":"Feature","properties":{"id":963},"geometry":{"type":"Point","coordinates":[35.1864886,31.954348]}},{"type":"Feature","properties":{"id":964},"geometry":{"type":"Point","coordinates":[35.1992797,31.973426]}},{"type":"Feature","properties":{"id":965},"geometry":{"type":"Point","coordinates":[35.1862971,31.9541053]}},{"type":"Feature","properties":{"id":966},"geometry":{"type":"Point","coordinates":[35.1990991,31.9732201]}},{"type":"Feature","properties":{"id":967},"geometry":{"type":"Point","coordinates":[35.1860907,31.9538878]}},{"type":"Feature","properties":{"id":968},"geometry":{"type":"Point","coordinates":[35.1978769,31.9717568]}},{"type":"Feature","properties":{"id":969},"geometry":{"type":"Point","coordinates":[35.1878054,31.9533847]}},{"type":"Feature","properties":{"id":970},"geometry":{"type":"Point","coordinates":[35.1980292,31.9721375]}},{"type":"Feature","properties":{"id":971},"geometry":{"type":"Point","coordinates":[35.1875251,31.9535727]}},{"type":"Feature","properties":{"id":972},"geometry":{"type":"Point","coordinates":[35.1977894,31.9719367]}},{"type":"Feature","properties":{"id":973},"geometry":{"type":"Point","coordinates":[35.187448,31.9539112]}},{"type":"Feature","properties":{"id":974},"geometry":{"type":"Point","coordinates":[35.1979078,31.9719006]}},{"type":"Feature","properties":{"id":975},"geometry":{"type":"Point","coordinates":[35.1850482,31.9619891]}},{"type":"Feature","properties":{"id":976},"geometry":{"type":"Point","coordinates":[35.185049,31.9619889]}},{"type":"Feature","properties":{"id":977},"geometry":{"type":"Point","coordinates":[35.1986081,31.9727129]}},{"type":"Feature","properties":{"id":978},"geometry":{"type":"Point","coordinates":[35.1849853,31.9621048]}},{"type":"Feature","properties":{"id":979},"geometry":{"type":"Point","coordinates":[35.1985184,31.972619]}},{"type":"Feature","properties":{"id":980},"geometry":{"type":"Point","coordinates":[35.1848588,31.9623954]}},{"type":"Feature","properties":{"id":981},"geometry":{"type":"Point","coordinates":[35.198778,31.9724751]}},{"type":"Feature","properties":{"id":982},"geometry":{"type":"Point","coordinates":[35.1847278,31.9626977]}},{"type":"Feature","properties":{"id":983},"geometry":{"type":"Point","coordinates":[35.1996672,31.9735729]}},{"type":"Feature","properties":{"id":984},"geometry":{"type":"Point","coordinates":[35.1849261,31.9627144]}},{"type":"Feature","properties":{"id":985},"geometry":{"type":"Point","coordinates":[35.1994904,31.9738189]}},{"type":"Feature","properties":{"id":986},"geometry":{"type":"Point","coordinates":[35.1850351,31.9624656]}},{"type":"Feature","properties":{"id":987},"geometry":{"type":"Point","coordinates":[35.198335,31.973201]}},{"type":"Feature","properties":{"id":988},"geometry":{"type":"Point","coordinates":[35.1846037,31.9629849]}},{"type":"Feature","properties":{"id":989},"geometry":{"type":"Point","coordinates":[35.198541,31.9736995]}},{"type":"Feature","properties":{"id":990},"geometry":{"type":"Point","coordinates":[35.1847428,31.9631428]}},{"type":"Feature","properties":{"id":991},"geometry":{"type":"Point","coordinates":[35.1989552,31.9730598]}},{"type":"Feature","properties":{"id":992},"geometry":{"type":"Point","coordinates":[35.1848292,31.9629373]}},{"type":"Feature","properties":{"id":993},"geometry":{"type":"Point","coordinates":[35.1978282,31.9726461]}},{"type":"Feature","properties":{"id":994},"geometry":{"type":"Point","coordinates":[35.2049947,31.9712566]}},{"type":"Feature","properties":{"id":995},"geometry":{"type":"Point","coordinates":[35.1980366,31.9728435]}},{"type":"Feature","properties":{"id":996},"geometry":{"type":"Point","coordinates":[35.2053548,31.9713016]}},{"type":"Feature","properties":{"id":997},"geometry":{"type":"Point","coordinates":[35.1974864,31.9717226]}},{"type":"Feature","properties":{"id":998},"geometry":{"type":"Point","coordinates":[35.2045008,31.9713441]}},{"type":"Feature","properties":{"id":999},"geometry":{"type":"Point","coordinates":[35.1970299,31.9717371]}},{"type":"Feature","properties":{"id":1000},"geometry":{"type":"Point","coordinates":[35.2039157,31.9712695]}},{"type":"Feature","properties":{"id":1001},"geometry":{"type":"Point","coordinates":[35.1987616,31.9741618]}},{"type":"Feature","properties":{"id":1002},"geometry":{"type":"Point","coordinates":[35.2001568,31.974318]}},{"type":"Feature","properties":{"id":1003},"geometry":{"type":"Point","coordinates":[35.2042281,31.9713055]}},{"type":"Feature","properties":{"id":1004},"geometry":{"type":"Point","coordinates":[35.1966134,31.9754759]}},{"type":"Feature","properties":{"id":1005},"geometry":{"type":"Point","coordinates":[35.2032081,31.9722878]}},{"type":"Feature","properties":{"id":1006},"geometry":{"type":"Point","coordinates":[35.1968474,31.9752768]}},{"type":"Feature","properties":{"id":1007},"geometry":{"type":"Point","coordinates":[35.1962851,31.9761975]}},{"type":"Feature","properties":{"id":1008},"geometry":{"type":"Point","coordinates":[35.2035189,31.9722709]}},{"type":"Feature","properties":{"id":1009},"geometry":{"type":"Point","coordinates":[35.1972466,31.9758573]}},{"type":"Feature","properties":{"id":1010},"geometry":{"type":"Point","coordinates":[35.2036052,31.9716675]}},{"type":"Feature","properties":{"id":1011},"geometry":{"type":"Point","coordinates":[35.1970871,31.97613]}},{"type":"Feature","properties":{"id":1012},"geometry":{"type":"Point","coordinates":[35.2035677,31.9719184]}},{"type":"Feature","properties":{"id":1013},"geometry":{"type":"Point","coordinates":[35.1948902,31.9760796]}},{"type":"Feature","properties":{"id":1014},"geometry":{"type":"Point","coordinates":[35.2035118,31.9713029]}},{"type":"Feature","properties":{"id":1015},"geometry":{"type":"Point","coordinates":[35.2139031,31.9698868]}},{"type":"Feature","properties":{"id":1016},"geometry":{"type":"Point","coordinates":[35.2036692,31.9707348]}},{"type":"Feature","properties":{"id":1017},"geometry":{"type":"Point","coordinates":[35.2136657,31.9697573]}},{"type":"Feature","properties":{"id":1018},"geometry":{"type":"Point","coordinates":[35.2027094,31.9723729]}},{"type":"Feature","properties":{"id":1019},"geometry":{"type":"Point","coordinates":[35.2139362,31.9696181]}},{"type":"Feature","properties":{"id":1020},"geometry":{"type":"Point","coordinates":[35.202729,31.9721482]}},{"type":"Feature","properties":{"id":1021},"geometry":{"type":"Point","coordinates":[35.2135853,31.9693283]}},{"type":"Feature","properties":{"id":1022},"geometry":{"type":"Point","coordinates":[35.2032099,31.9722905]}},{"type":"Feature","properties":{"id":1023},"geometry":{"type":"Point","coordinates":[35.2132691,31.9692568]}},{"type":"Feature","properties":{"id":1024},"geometry":{"type":"Point","coordinates":[35.2029292,31.9719344]}},{"type":"Feature","properties":{"id":1025},"geometry":{"type":"Point","coordinates":[35.2130073,31.9690611]}},{"type":"Feature","properties":{"id":1026},"geometry":{"type":"Point","coordinates":[35.2028191,31.9713259]}},{"type":"Feature","properties":{"id":1027},"geometry":{"type":"Point","coordinates":[35.212516,31.96912]}},{"type":"Feature","properties":{"id":1028},"geometry":{"type":"Point","coordinates":[35.1956817,31.9785946]}},{"type":"Feature","properties":{"id":1029},"geometry":{"type":"Point","coordinates":[35.2119994,31.9691284]}},{"type":"Feature","properties":{"id":1030},"geometry":{"type":"Point","coordinates":[35.1964585,31.9772809]}},{"type":"Feature","properties":{"id":1031},"geometry":{"type":"Point","coordinates":[35.2119243,31.9688387]}},{"type":"Feature","properties":{"id":1032},"geometry":{"type":"Point","coordinates":[35.1964876,31.9776202]}},{"type":"Feature","properties":{"id":1033},"geometry":{"type":"Point","coordinates":[35.2117952,31.9684817]}},{"type":"Feature","properties":{"id":1034},"geometry":{"type":"Point","coordinates":[35.1966762,31.9778149]}},{"type":"Feature","properties":{"id":1035},"geometry":{"type":"Point","coordinates":[35.2117231,31.9682526]}},{"type":"Feature","properties":{"id":1036},"geometry":{"type":"Point","coordinates":[35.1963175,31.9778988]}},{"type":"Feature","properties":{"id":1037},"geometry":{"type":"Point","coordinates":[35.2112994,31.968214]}},{"type":"Feature","properties":{"id":1038},"geometry":{"type":"Point","coordinates":[35.1965912,31.9775102]}},{"type":"Feature","properties":{"id":1039},"geometry":{"type":"Point","coordinates":[35.2109165,31.9679147]}},{"type":"Feature","properties":{"id":1040},"geometry":{"type":"Point","coordinates":[35.1963945,31.9768256]}},{"type":"Feature","properties":{"id":1041},"geometry":{"type":"Point","coordinates":[35.2117953,31.9684819]}},{"type":"Feature","properties":{"id":1042},"geometry":{"type":"Point","coordinates":[35.1967579,31.9768971]}},{"type":"Feature","properties":{"id":1043},"geometry":{"type":"Point","coordinates":[35.2095372,31.9679923]}},{"type":"Feature","properties":{"id":1044},"geometry":{"type":"Point","coordinates":[35.1969354,31.9766101]}},{"type":"Feature","properties":{"id":1045},"geometry":{"type":"Point","coordinates":[35.2098865,31.9679517]}},{"type":"Feature","properties":{"id":1046},"geometry":{"type":"Point","coordinates":[35.197042,31.9764519]}},{"type":"Feature","properties":{"id":1047},"geometry":{"type":"Point","coordinates":[35.2109161,31.9679144]}},{"type":"Feature","properties":{"id":1048},"geometry":{"type":"Point","coordinates":[35.1966575,31.977052]}},{"type":"Feature","properties":{"id":1049},"geometry":{"type":"Point","coordinates":[35.2110254,31.9681144]}},{"type":"Feature","properties":{"id":1050},"geometry":{"type":"Point","coordinates":[35.1965723,31.9771966]}},{"type":"Feature","properties":{"id":1051},"geometry":{"type":"Point","coordinates":[35.2112889,31.9682137]}},{"type":"Feature","properties":{"id":1052},"geometry":{"type":"Point","coordinates":[35.196591,31.9775107]}},{"type":"Feature","properties":{"id":1053},"geometry":{"type":"Point","coordinates":[35.2091487,31.9680317]}},{"type":"Feature","properties":{"id":1054},"geometry":{"type":"Point","coordinates":[35.1964244,31.9763064]}},{"type":"Feature","properties":{"id":1055},"geometry":{"type":"Point","coordinates":[35.2079776,31.9680995]}},{"type":"Feature","properties":{"id":1056},"geometry":{"type":"Point","coordinates":[35.1963423,31.9765351]}},{"type":"Feature","properties":{"id":1057},"geometry":{"type":"Point","coordinates":[35.2068935,31.968477]}},{"type":"Feature","properties":{"id":1058},"geometry":{"type":"Point","coordinates":[35.1890585,31.9735681]}},{"type":"Feature","properties":{"id":1059},"geometry":{"type":"Point","coordinates":[35.205929,31.9683444]}},{"type":"Feature","properties":{"id":1060},"geometry":{"type":"Point","coordinates":[35.1906656,31.9728548]}},{"type":"Feature","properties":{"id":1061},"geometry":{"type":"Point","coordinates":[35.2072441,31.9680158]}},{"type":"Feature","properties":{"id":1062},"geometry":{"type":"Point","coordinates":[35.1904096,31.972735]}},{"type":"Feature","properties":{"id":1063},"geometry":{"type":"Point","coordinates":[35.2071559,31.9673807]}},{"type":"Feature","properties":{"id":1064},"geometry":{"type":"Point","coordinates":[35.1899759,31.9727331]}},{"type":"Feature","properties":{"id":1065},"geometry":{"type":"Point","coordinates":[35.2060701,31.9684166]}},{"type":"Feature","properties":{"id":1066},"geometry":{"type":"Point","coordinates":[35.1888277,31.973923]}},{"type":"Feature","properties":{"id":1067},"geometry":{"type":"Point","coordinates":[35.2068938,31.9683515]}},{"type":"Feature","properties":{"id":1068},"geometry":{"type":"Point","coordinates":[35.1896905,31.9729388]}},{"type":"Feature","properties":{"id":1069},"geometry":{"type":"Point","coordinates":[35.2059867,31.9681216]}},{"type":"Feature","properties":{"id":1070},"geometry":{"type":"Point","coordinates":[35.1910022,31.9731877]}},{"type":"Feature","properties":{"id":1071},"geometry":{"type":"Point","coordinates":[35.2055889,31.9679737]}},{"type":"Feature","properties":{"id":1072},"geometry":{"type":"Point","coordinates":[35.197833,31.9770455]}},{"type":"Feature","properties":{"id":1073},"geometry":{"type":"Point","coordinates":[35.2059103,31.9688187]}},{"type":"Feature","properties":{"id":1074},"geometry":{"type":"Point","coordinates":[35.197833,31.9770362]}},{"type":"Feature","properties":{"id":1075},"geometry":{"type":"Point","coordinates":[35.2059102,31.9688198]}},{"type":"Feature","properties":{"id":1076},"geometry":{"type":"Point","coordinates":[35.1978805,31.9768587]}},{"type":"Feature","properties":{"id":1077},"geometry":{"type":"Point","coordinates":[35.2019658,31.9685481]}},{"type":"Feature","properties":{"id":1078},"geometry":{"type":"Point","coordinates":[35.1979429,31.9767569]}},{"type":"Feature","properties":{"id":1079},"geometry":{"type":"Point","coordinates":[35.2022746,31.9687615]}},{"type":"Feature","properties":{"id":1080},"geometry":{"type":"Point","coordinates":[35.1980222,31.9766573]}},{"type":"Feature","properties":{"id":1081},"geometry":{"type":"Point","coordinates":[35.201499,31.967829]}},{"type":"Feature","properties":{"id":1082},"geometry":{"type":"Point","coordinates":[35.198189,31.9764505]}},{"type":"Feature","properties":{"id":1083},"geometry":{"type":"Point","coordinates":[35.2017692,31.9679859]}},{"type":"Feature","properties":{"id":1084},"geometry":{"type":"Point","coordinates":[35.201954,31.9682491]}},{"type":"Feature","properties":{"id":1085},"geometry":{"type":"Point","coordinates":[35.1972162,31.9783897]}},{"type":"Feature","properties":{"id":1086},"geometry":{"type":"Point","coordinates":[35.2040288,31.9684909]}},{"type":"Feature","properties":{"id":1087},"geometry":{"type":"Point","coordinates":[35.1977137,31.97858]}},{"type":"Feature","properties":{"id":1088},"geometry":{"type":"Point","coordinates":[35.2036319,31.9683825]}},{"type":"Feature","properties":{"id":1089},"geometry":{"type":"Point","coordinates":[35.1982035,31.9787552]}},{"type":"Feature","properties":{"id":1090},"geometry":{"type":"Point","coordinates":[35.2039981,31.9684097]}},{"type":"Feature","properties":{"id":1091},"geometry":{"type":"Point","coordinates":[35.1967855,31.9781219]}},{"type":"Feature","properties":{"id":1092},"geometry":{"type":"Point","coordinates":[35.2044059,31.9683247]}},{"type":"Feature","properties":{"id":1093},"geometry":{"type":"Point","coordinates":[35.1983754,31.978126]}},{"type":"Feature","properties":{"id":1094},"geometry":{"type":"Point","coordinates":[35.2035997,31.968093]}},{"type":"Feature","properties":{"id":1095},"geometry":{"type":"Point","coordinates":[35.1983283,31.9779495]}},{"type":"Feature","properties":{"id":1096},"geometry":{"type":"Point","coordinates":[35.2036606,31.9679267]}},{"type":"Feature","properties":{"id":1097},"geometry":{"type":"Point","coordinates":[35.1983689,31.9784052]}},{"type":"Feature","properties":{"id":1098},"geometry":{"type":"Point","coordinates":[35.2031709,31.9685989]}},{"type":"Feature","properties":{"id":1099},"geometry":{"type":"Point","coordinates":[35.2025626,31.9685831]}},{"type":"Feature","properties":{"id":1100},"geometry":{"type":"Point","coordinates":[35.1986969,31.9781328]}},{"type":"Feature","properties":{"id":1101},"geometry":{"type":"Point","coordinates":[35.2039419,31.97046]}},{"type":"Feature","properties":{"id":1102},"geometry":{"type":"Point","coordinates":[35.1991432,31.9782582]}},{"type":"Feature","properties":{"id":1103},"geometry":{"type":"Point","coordinates":[35.2043428,31.9702795]}},{"type":"Feature","properties":{"id":1104},"geometry":{"type":"Point","coordinates":[35.1992098,31.9792354]}},{"type":"Feature","properties":{"id":1105},"geometry":{"type":"Point","coordinates":[35.2039422,31.9704607]}},{"type":"Feature","properties":{"id":1106},"geometry":{"type":"Point","coordinates":[35.1997874,31.9799972]}},{"type":"Feature","properties":{"id":1107},"geometry":{"type":"Point","coordinates":[35.2043434,31.9702794]}},{"type":"Feature","properties":{"id":1108},"geometry":{"type":"Point","coordinates":[35.1997514,31.980209]}},{"type":"Feature","properties":{"id":1109},"geometry":{"type":"Point","coordinates":[35.2047204,31.9702128]}},{"type":"Feature","properties":{"id":1110},"geometry":{"type":"Point","coordinates":[35.1997481,31.9797784]}},{"type":"Feature","properties":{"id":1111},"geometry":{"type":"Point","coordinates":[35.2051372,31.9701759]}},{"type":"Feature","properties":{"id":1112},"geometry":{"type":"Point","coordinates":[35.1996888,31.9795926]}},{"type":"Feature","properties":{"id":1113},"geometry":{"type":"Point","coordinates":[35.1903003,31.9609822]}},{"type":"Feature","properties":{"id":1114},"geometry":{"type":"Point","coordinates":[35.1998502,31.9782365]}},{"type":"Feature","properties":{"id":1115},"geometry":{"type":"Point","coordinates":[35.1908912,31.9617896]}},{"type":"Feature","properties":{"id":1116},"geometry":{"type":"Point","coordinates":[35.1986828,31.9789831]}},{"type":"Feature","properties":{"id":1117},"geometry":{"type":"Point","coordinates":[35.1900755,31.9616865]}},{"type":"Feature","properties":{"id":1118},"geometry":{"type":"Point","coordinates":[35.1995765,31.9813543]}},{"type":"Feature","properties":{"id":1119},"geometry":{"type":"Point","coordinates":[35.1903027,31.9614462]}},{"type":"Feature","properties":{"id":1120},"geometry":{"type":"Point","coordinates":[35.1998191,31.9814302]}},{"type":"Feature","properties":{"id":1121},"geometry":{"type":"Point","coordinates":[35.1897146,31.9619522]}},{"type":"Feature","properties":{"id":1122},"geometry":{"type":"Point","coordinates":[35.1999477,31.9817563]}},{"type":"Feature","properties":{"id":1123},"geometry":{"type":"Point","coordinates":[35.1893598,31.9622796]}},{"type":"Feature","properties":{"id":1124},"geometry":{"type":"Point","coordinates":[35.1991675,31.9812368]}},{"type":"Feature","properties":{"id":1125},"geometry":{"type":"Point","coordinates":[35.1909421,31.9625922]}},{"type":"Feature","properties":{"id":1126},"geometry":{"type":"Point","coordinates":[35.1995599,31.9811082]}},{"type":"Feature","properties":{"id":1127},"geometry":{"type":"Point","coordinates":[35.19085,31.9621887]}},{"type":"Feature","properties":{"id":1128},"geometry":{"type":"Point","coordinates":[35.1995968,31.9807177]}},{"type":"Feature","properties":{"id":1129},"geometry":{"type":"Point","coordinates":[35.1912401,31.9627538]}},{"type":"Feature","properties":{"id":1130},"geometry":{"type":"Point","coordinates":[35.1996954,31.9804053]}},{"type":"Feature","properties":{"id":1131},"geometry":{"type":"Point","coordinates":[35.1909668,31.9621974]}},{"type":"Feature","properties":{"id":1132},"geometry":{"type":"Point","coordinates":[35.1986731,31.971527]}},{"type":"Feature","properties":{"id":1133},"geometry":{"type":"Point","coordinates":[35.1906414,31.9616061]}},{"type":"Feature","properties":{"id":1134},"geometry":{"type":"Point","coordinates":[35.1985842,31.9714305]}},{"type":"Feature","properties":{"id":1135},"geometry":{"type":"Point","coordinates":[35.1906877,31.9619225]}},{"type":"Feature","properties":{"id":1136},"geometry":{"type":"Point","coordinates":[35.1994751,31.9712053]}},{"type":"Feature","properties":{"id":1137},"geometry":{"type":"Point","coordinates":[35.1918646,31.9615144]}},{"type":"Feature","properties":{"id":1138},"geometry":{"type":"Point","coordinates":[35.199187,31.9713284]}},{"type":"Feature","properties":{"id":1139},"geometry":{"type":"Point","coordinates":[35.1919536,31.9617401]}},{"type":"Feature","properties":{"id":1140},"geometry":{"type":"Point","coordinates":[35.1983045,31.9716667]}},{"type":"Feature","properties":{"id":1141},"geometry":{"type":"Point","coordinates":[35.1922358,31.9618069]}},{"type":"Feature","properties":{"id":1142},"geometry":{"type":"Point","coordinates":[35.1891607,31.9620945]}},{"type":"Feature","properties":{"id":1143},"geometry":{"type":"Point","coordinates":[35.1918686,31.9622609]}},{"type":"Feature","properties":{"id":1144},"geometry":{"type":"Point","coordinates":[35.1891678,31.9624868]}},{"type":"Feature","properties":{"id":1145},"geometry":{"type":"Point","coordinates":[35.1927382,31.9616728]}},{"type":"Feature","properties":{"id":1146},"geometry":{"type":"Point","coordinates":[35.1890174,31.9626632]}},{"type":"Feature","properties":{"id":1147},"geometry":{"type":"Point","coordinates":[35.1919562,31.9606823]}},{"type":"Feature","properties":{"id":1148},"geometry":{"type":"Point","coordinates":[35.1888994,31.9618831]}},{"type":"Feature","properties":{"id":1149},"geometry":{"type":"Point","coordinates":[35.1922727,31.960602]}},{"type":"Feature","properties":{"id":1150},"geometry":{"type":"Point","coordinates":[35.1887265,31.9618328]}},{"type":"Feature","properties":{"id":1151},"geometry":{"type":"Point","coordinates":[35.190467,31.9634975]}},{"type":"Feature","properties":{"id":1152},"geometry":{"type":"Point","coordinates":[35.1885423,31.961569]}},{"type":"Feature","properties":{"id":1153},"geometry":{"type":"Point","coordinates":[35.1902508,31.9638677]}},{"type":"Feature","properties":{"id":1154},"geometry":{"type":"Point","coordinates":[35.1883851,31.9613374]}},{"type":"Feature","properties":{"id":1155},"geometry":{"type":"Point","coordinates":[35.1903063,31.9636661]}},{"type":"Feature","properties":{"id":1156},"geometry":{"type":"Point","coordinates":[35.1882236,31.961107]}},{"type":"Feature","properties":{"id":1157},"geometry":{"type":"Point","coordinates":[35.1938338,31.9638061]}},{"type":"Feature","properties":{"id":1158},"geometry":{"type":"Point","coordinates":[35.1880891,31.9605825]}},{"type":"Feature","properties":{"id":1159},"geometry":{"type":"Point","coordinates":[35.1935653,31.9636644]}},{"type":"Feature","properties":{"id":1160},"geometry":{"type":"Point","coordinates":[35.1885759,31.9605928]}},{"type":"Feature","properties":{"id":1161},"geometry":{"type":"Point","coordinates":[35.1932561,31.9635847]}},{"type":"Feature","properties":{"id":1162},"geometry":{"type":"Point","coordinates":[35.1877688,31.9606977]}},{"type":"Feature","properties":{"id":1163},"geometry":{"type":"Point","coordinates":[35.1929491,31.9635373]}},{"type":"Feature","properties":{"id":1164},"geometry":{"type":"Point","coordinates":[35.2012186,31.9700814]}},{"type":"Feature","properties":{"id":1165},"geometry":{"type":"Point","coordinates":[35.1926377,31.9634931]}},{"type":"Feature","properties":{"id":1166},"geometry":{"type":"Point","coordinates":[35.2001102,31.9699571]}},{"type":"Feature","properties":{"id":1167},"geometry":{"type":"Point","coordinates":[35.1923344,31.9634156]}},{"type":"Feature","properties":{"id":1168},"geometry":{"type":"Point","coordinates":[35.2003885,31.9699405]}},{"type":"Feature","properties":{"id":1169},"geometry":{"type":"Point","coordinates":[35.1920623,31.9632935]}},{"type":"Feature","properties":{"id":1170},"geometry":{"type":"Point","coordinates":[35.2008499,31.9698256]}},{"type":"Feature","properties":{"id":1171},"geometry":{"type":"Point","coordinates":[35.1940723,31.9639793]}},{"type":"Feature","properties":{"id":1172},"geometry":{"type":"Point","coordinates":[35.1989207,31.9699868]}},{"type":"Feature","properties":{"id":1173},"geometry":{"type":"Point","coordinates":[35.1942958,31.9641735]}},{"type":"Feature","properties":{"id":1174},"geometry":{"type":"Point","coordinates":[35.199287,31.9691375]}},{"type":"Feature","properties":{"id":1175},"geometry":{"type":"Point","coordinates":[35.1944845,31.9643935]}},{"type":"Feature","properties":{"id":1176},"geometry":{"type":"Point","coordinates":[35.2003067,31.9703937]}},{"type":"Feature","properties":{"id":1177},"geometry":{"type":"Point","coordinates":[35.1946478,31.9646218]}},{"type":"Feature","properties":{"id":1178},"geometry":{"type":"Point","coordinates":[35.2011881,31.9703345]}},{"type":"Feature","properties":{"id":1179},"geometry":{"type":"Point","coordinates":[35.1947715,31.9648693]}},{"type":"Feature","properties":{"id":1180},"geometry":{"type":"Point","coordinates":[35.201822,31.9698914]}},{"type":"Feature","properties":{"id":1181},"geometry":{"type":"Point","coordinates":[35.1948231,31.965128]}},{"type":"Feature","properties":{"id":1182},"geometry":{"type":"Point","coordinates":[35.2023053,31.9701534]}},{"type":"Feature","properties":{"id":1183},"geometry":{"type":"Point","coordinates":[35.1922753,31.963488]}},{"type":"Feature","properties":{"id":1184},"geometry":{"type":"Point","coordinates":[35.2007692,31.9703849]}},{"type":"Feature","properties":{"id":1185},"geometry":{"type":"Point","coordinates":[35.19196,31.9633406]}},{"type":"Feature","properties":{"id":1186},"geometry":{"type":"Point","coordinates":[35.2009836,31.9696604]}},{"type":"Feature","properties":{"id":1187},"geometry":{"type":"Point","coordinates":[35.1936191,31.9637636]}},{"type":"Feature","properties":{"id":1188},"geometry":{"type":"Point","coordinates":[35.200945,31.9702808]}},{"type":"Feature","properties":{"id":1189},"geometry":{"type":"Point","coordinates":[35.1939707,31.9640203]}},{"type":"Feature","properties":{"id":1190},"geometry":{"type":"Point","coordinates":[35.2016214,31.9697317]}},{"type":"Feature","properties":{"id":1191},"geometry":{"type":"Point","coordinates":[35.193151,31.9636552]}},{"type":"Feature","properties":{"id":1192},"geometry":{"type":"Point","coordinates":[35.198686,31.9706556]}},{"type":"Feature","properties":{"id":1193},"geometry":{"type":"Point","coordinates":[35.1926467,31.963586]}},{"type":"Feature","properties":{"id":1194},"geometry":{"type":"Point","coordinates":[35.1986245,31.9703337]}},{"type":"Feature","properties":{"id":1195},"geometry":{"type":"Point","coordinates":[35.1949207,31.9651167]}},{"type":"Feature","properties":{"id":1196},"geometry":{"type":"Point","coordinates":[35.198515,31.970196]}},{"type":"Feature","properties":{"id":1197},"geometry":{"type":"Point","coordinates":[35.1946897,31.9652301]}},{"type":"Feature","properties":{"id":1198},"geometry":{"type":"Point","coordinates":[35.1923781,31.9678155]}},{"type":"Feature","properties":{"id":1199},"geometry":{"type":"Point","coordinates":[35.1946743,31.9649]}},{"type":"Feature","properties":{"id":1200},"geometry":{"type":"Point","coordinates":[35.1919256,31.9667862]}},{"type":"Feature","properties":{"id":1201},"geometry":{"type":"Point","coordinates":[35.1946522,31.9654604]}},{"type":"Feature","properties":{"id":1202},"geometry":{"type":"Point","coordinates":[35.192022,31.9675161]}},{"type":"Feature","properties":{"id":1203},"geometry":{"type":"Point","coordinates":[35.194654,31.9723354]}},{"type":"Feature","properties":{"id":1204},"geometry":{"type":"Point","coordinates":[35.1932088,31.9679754]}},{"type":"Feature","properties":{"id":1205},"geometry":{"type":"Point","coordinates":[35.1945958,31.972313]}},{"type":"Feature","properties":{"id":1206},"geometry":{"type":"Point","coordinates":[35.1932166,31.9677046]}},{"type":"Feature","properties":{"id":1207},"geometry":{"type":"Point","coordinates":[35.1942293,31.9720238]}},{"type":"Feature","properties":{"id":1208},"geometry":{"type":"Point","coordinates":[35.1933324,31.9674611]}},{"type":"Feature","properties":{"id":1209},"geometry":{"type":"Point","coordinates":[35.1942901,31.971953]}},{"type":"Feature","properties":{"id":1210},"geometry":{"type":"Point","coordinates":[35.1935307,31.9672541]}},{"type":"Feature","properties":{"id":1211},"geometry":{"type":"Point","coordinates":[35.1941152,31.9719484]}},{"type":"Feature","properties":{"id":1212},"geometry":{"type":"Point","coordinates":[35.1937557,31.9670573]}},{"type":"Feature","properties":{"id":1213},"geometry":{"type":"Point","coordinates":[35.1951946,31.9717004]}},{"type":"Feature","properties":{"id":1214},"geometry":{"type":"Point","coordinates":[35.1939708,31.9668623]}},{"type":"Feature","properties":{"id":1215},"geometry":{"type":"Point","coordinates":[35.1956165,31.9725917]}},{"type":"Feature","properties":{"id":1216},"geometry":{"type":"Point","coordinates":[35.1942729,31.9663784]}},{"type":"Feature","properties":{"id":1217},"geometry":{"type":"Point","coordinates":[35.1957272,31.972938]}},{"type":"Feature","properties":{"id":1218},"geometry":{"type":"Point","coordinates":[35.1941293,31.9666228]}},{"type":"Feature","properties":{"id":1219},"geometry":{"type":"Point","coordinates":[35.1947608,31.9654669]}},{"type":"Feature","properties":{"id":1220},"geometry":{"type":"Point","coordinates":[35.2004042,31.9673248]}},{"type":"Feature","properties":{"id":1221},"geometry":{"type":"Point","coordinates":[35.1946915,31.9656592]}},{"type":"Feature","properties":{"id":1222},"geometry":{"type":"Point","coordinates":[35.2006684,31.9675842]}},{"type":"Feature","properties":{"id":1223},"geometry":{"type":"Point","coordinates":[35.1945657,31.965902]}},{"type":"Feature","properties":{"id":1224},"geometry":{"type":"Point","coordinates":[35.1996132,31.9675411]}},{"type":"Feature","properties":{"id":1225},"geometry":{"type":"Point","coordinates":[35.194417,31.9661439]}},{"type":"Feature","properties":{"id":1226},"geometry":{"type":"Point","coordinates":[35.2001887,31.9676175]}},{"type":"Feature","properties":{"id":1227},"geometry":{"type":"Point","coordinates":[35.2007878,31.9682137]}},{"type":"Feature","properties":{"id":1228},"geometry":{"type":"Point","coordinates":[35.1942258,31.9662718]}},{"type":"Feature","properties":{"id":1229},"geometry":{"type":"Point","coordinates":[35.2006456,31.9681522]}},{"type":"Feature","properties":{"id":1230},"geometry":{"type":"Point","coordinates":[35.1945517,31.965749]}},{"type":"Feature","properties":{"id":1231},"geometry":{"type":"Point","coordinates":[35.2007125,31.9678869]}},{"type":"Feature","properties":{"id":1232},"geometry":{"type":"Point","coordinates":[35.1944418,31.9652821]}},{"type":"Feature","properties":{"id":1233},"geometry":{"type":"Point","coordinates":[35.2004245,31.9686449]}},{"type":"Feature","properties":{"id":1234},"geometry":{"type":"Point","coordinates":[35.1948838,31.9653782]}},{"type":"Feature","properties":{"id":1235},"geometry":{"type":"Point","coordinates":[35.201015,31.9680829]}},{"type":"Feature","properties":{"id":1236},"geometry":{"type":"Point","coordinates":[35.1946906,31.9658629]}},{"type":"Feature","properties":{"id":1237},"geometry":{"type":"Point","coordinates":[35.2014753,31.9687286]}},{"type":"Feature","properties":{"id":1238},"geometry":{"type":"Point","coordinates":[35.1942079,31.9652796]}},{"type":"Feature","properties":{"id":1239},"geometry":{"type":"Point","coordinates":[35.1938614,31.965245]}},{"type":"Feature","properties":{"id":1240},"geometry":{"type":"Point","coordinates":[35.1938558,31.9653762]}},{"type":"Feature","properties":{"id":1241},"geometry":{"type":"Point","coordinates":[35.2011844,31.9689625]}},{"type":"Feature","properties":{"id":1242},"geometry":{"type":"Point","coordinates":[35.1935808,31.9652767]}},{"type":"Feature","properties":{"id":1243},"geometry":{"type":"Point","coordinates":[35.2023989,31.9674137]}},{"type":"Feature","properties":{"id":1244},"geometry":{"type":"Point","coordinates":[35.1937919,31.9650444]}},{"type":"Feature","properties":{"id":1245},"geometry":{"type":"Point","coordinates":[35.1936152,31.9647264]}},{"type":"Feature","properties":{"id":1246},"geometry":{"type":"Point","coordinates":[35.2019563,31.967607]}},{"type":"Feature","properties":{"id":1247},"geometry":{"type":"Point","coordinates":[35.1937814,31.9656742]}},{"type":"Feature","properties":{"id":1248},"geometry":{"type":"Point","coordinates":[35.1935318,31.9658725]}},{"type":"Feature","properties":{"id":1249},"geometry":{"type":"Point","coordinates":[35.2033103,31.9671798]}},{"type":"Feature","properties":{"id":1250},"geometry":{"type":"Point","coordinates":[35.1934645,31.9659739]}},{"type":"Feature","properties":{"id":1251},"geometry":{"type":"Point","coordinates":[35.1927699,31.9654626]}},{"type":"Feature","properties":{"id":1252},"geometry":{"type":"Point","coordinates":[35.1913441,31.9579903]}},{"type":"Feature","properties":{"id":1253},"geometry":{"type":"Point","coordinates":[35.1935361,31.9653734]}},{"type":"Feature","properties":{"id":1254},"geometry":{"type":"Point","coordinates":[35.1933538,31.9644745]}},{"type":"Feature","properties":{"id":1255},"geometry":{"type":"Point","coordinates":[35.1914562,31.9582384]}},{"type":"Feature","properties":{"id":1256},"geometry":{"type":"Point","coordinates":[35.1928828,31.9642773]}},{"type":"Feature","properties":{"id":1257},"geometry":{"type":"Point","coordinates":[35.19396,31.9637951]}},{"type":"Feature","properties":{"id":1258},"geometry":{"type":"Point","coordinates":[35.1914714,31.9586896]}},{"type":"Feature","properties":{"id":1259},"geometry":{"type":"Point","coordinates":[35.1952168,31.9645207]}},{"type":"Feature","properties":{"id":1260},"geometry":{"type":"Point","coordinates":[35.1913306,31.9584111]}},{"type":"Feature","properties":{"id":1261},"geometry":{"type":"Point","coordinates":[35.1952649,31.9647381]}},{"type":"Feature","properties":{"id":1262},"geometry":{"type":"Point","coordinates":[35.1942524,31.9642668]}},{"type":"Feature","properties":{"id":1263},"geometry":{"type":"Point","coordinates":[35.1915591,31.9590734]}},{"type":"Feature","properties":{"id":1264},"geometry":{"type":"Point","coordinates":[35.1923482,31.9641971]}},{"type":"Feature","properties":{"id":1265},"geometry":{"type":"Point","coordinates":[35.1921745,31.9649441]}},{"type":"Feature","properties":{"id":1266},"geometry":{"type":"Point","coordinates":[35.1911455,31.9578068]}},{"type":"Feature","properties":{"id":1267},"geometry":{"type":"Point","coordinates":[35.1917156,31.9643365]}},{"type":"Feature","properties":{"id":1268},"geometry":{"type":"Point","coordinates":[35.19194,31.96416]}},{"type":"Feature","properties":{"id":1269},"geometry":{"type":"Point","coordinates":[35.1911639,31.9575288]}},{"type":"Feature","properties":{"id":1270},"geometry":{"type":"Point","coordinates":[35.1916811,31.9641551]}},{"type":"Feature","properties":{"id":1271},"geometry":{"type":"Point","coordinates":[35.1918408,31.9578179]}},{"type":"Feature","properties":{"id":1272},"geometry":{"type":"Point","coordinates":[35.1915657,31.9640462]}},{"type":"Feature","properties":{"id":1273},"geometry":{"type":"Point","coordinates":[35.1916382,31.9638651]}},{"type":"Feature","properties":{"id":1274},"geometry":{"type":"Point","coordinates":[35.1921909,31.9578026]}},{"type":"Feature","properties":{"id":1275},"geometry":{"type":"Point","coordinates":[35.1918094,31.9645234]}},{"type":"Feature","properties":{"id":1276},"geometry":{"type":"Point","coordinates":[35.1929703,31.9575691]}},{"type":"Feature","properties":{"id":1277},"geometry":{"type":"Point","coordinates":[35.1915863,31.9636623]}},{"type":"Feature","properties":{"id":1278},"geometry":{"type":"Point","coordinates":[35.1926536,31.9576463]}},{"type":"Feature","properties":{"id":1279},"geometry":{"type":"Point","coordinates":[35.1919078,31.9646296]}},{"type":"Feature","properties":{"id":1280},"geometry":{"type":"Point","coordinates":[35.2093294,31.9666179]}},{"type":"Feature","properties":{"id":1281},"geometry":{"type":"Point","coordinates":[35.1913945,31.9643238]}},{"type":"Feature","properties":{"id":1282},"geometry":{"type":"Point","coordinates":[35.2096144,31.966398]}},{"type":"Feature","properties":{"id":1283},"geometry":{"type":"Point","coordinates":[35.1915779,31.964236]}},{"type":"Feature","properties":{"id":1284},"geometry":{"type":"Point","coordinates":[35.2097718,31.9663183]}},{"type":"Feature","properties":{"id":1285},"geometry":{"type":"Point","coordinates":[35.1922301,31.9654426]}},{"type":"Feature","properties":{"id":1286},"geometry":{"type":"Point","coordinates":[35.2102556,31.9668445]}},{"type":"Feature","properties":{"id":1287},"geometry":{"type":"Point","coordinates":[35.1920197,31.9655042]}},{"type":"Feature","properties":{"id":1288},"geometry":{"type":"Point","coordinates":[35.2107189,31.9666377]}},{"type":"Feature","properties":{"id":1289},"geometry":{"type":"Point","coordinates":[35.1917123,31.9655866]}},{"type":"Feature","properties":{"id":1290},"geometry":{"type":"Point","coordinates":[35.2109327,31.9665472]}},{"type":"Feature","properties":{"id":1291},"geometry":{"type":"Point","coordinates":[35.1925423,31.9660752]}},{"type":"Feature","properties":{"id":1292},"geometry":{"type":"Point","coordinates":[35.210064,31.9660849]}},{"type":"Feature","properties":{"id":1293},"geometry":{"type":"Point","coordinates":[35.1903428,31.9660236]}},{"type":"Feature","properties":{"id":1294},"geometry":{"type":"Point","coordinates":[35.2099701,31.9654894]}},{"type":"Feature","properties":{"id":1295},"geometry":{"type":"Point","coordinates":[35.1904572,31.9655677]}},{"type":"Feature","properties":{"id":1296},"geometry":{"type":"Point","coordinates":[35.2100014,31.9657231]}},{"type":"Feature","properties":{"id":1297},"geometry":{"type":"Point","coordinates":[35.1900947,31.9640374]}},{"type":"Feature","properties":{"id":1298},"geometry":{"type":"Point","coordinates":[35.2101873,31.9654172]}},{"type":"Feature","properties":{"id":1299},"geometry":{"type":"Point","coordinates":[35.1898354,31.9643449]}},{"type":"Feature","properties":{"id":1300},"geometry":{"type":"Point","coordinates":[35.2114229,31.9665182]}},{"type":"Feature","properties":{"id":1301},"geometry":{"type":"Point","coordinates":[35.1899207,31.9639244]}},{"type":"Feature","properties":{"id":1302},"geometry":{"type":"Point","coordinates":[35.2017729,31.9637918]}},{"type":"Feature","properties":{"id":1303},"geometry":{"type":"Point","coordinates":[35.1908976,31.9646407]}},{"type":"Feature","properties":{"id":1304},"geometry":{"type":"Point","coordinates":[35.2014059,31.9638499]}},{"type":"Feature","properties":{"id":1305},"geometry":{"type":"Point","coordinates":[35.190677,31.9648802]}},{"type":"Feature","properties":{"id":1306},"geometry":{"type":"Point","coordinates":[35.1999829,31.9617656]}},{"type":"Feature","properties":{"id":1307},"geometry":{"type":"Point","coordinates":[35.1907721,31.9631834]}},{"type":"Feature","properties":{"id":1308},"geometry":{"type":"Point","coordinates":[35.2001786,31.961851]}},{"type":"Feature","properties":{"id":1309},"geometry":{"type":"Point","coordinates":[35.1910303,31.9629172]}},{"type":"Feature","properties":{"id":1310},"geometry":{"type":"Point","coordinates":[35.199345,31.96188]}},{"type":"Feature","properties":{"id":1311},"geometry":{"type":"Point","coordinates":[35.1996734,31.9617808]}},{"type":"Feature","properties":{"id":1312},"geometry":{"type":"Point","coordinates":[35.1896767,31.964338]}},{"type":"Feature","properties":{"id":1313},"geometry":{"type":"Point","coordinates":[35.1973457,31.9620885]}},{"type":"Feature","properties":{"id":1314},"geometry":{"type":"Point","coordinates":[35.18997,31.9651927]}},{"type":"Feature","properties":{"id":1315},"geometry":{"type":"Point","coordinates":[35.191654,31.9549488]}},{"type":"Feature","properties":{"id":1316},"geometry":{"type":"Point","coordinates":[35.1890907,31.9645215]}},{"type":"Feature","properties":{"id":1317},"geometry":{"type":"Point","coordinates":[35.1912335,31.9550833]}},{"type":"Feature","properties":{"id":1318},"geometry":{"type":"Point","coordinates":[35.1903704,31.9690948]}},{"type":"Feature","properties":{"id":1319},"geometry":{"type":"Point","coordinates":[35.182722,31.9756074]}},{"type":"Feature","properties":{"id":1320},"geometry":{"type":"Point","coordinates":[35.1901186,31.9689478]}},{"type":"Feature","properties":{"id":1321},"geometry":{"type":"Point","coordinates":[35.1827379,31.9753897]}},{"type":"Feature","properties":{"id":1322},"geometry":{"type":"Point","coordinates":[35.191766,31.9684815]}},{"type":"Feature","properties":{"id":1323},"geometry":{"type":"Point","coordinates":[35.1826433,31.975141]}},{"type":"Feature","properties":{"id":1324},"geometry":{"type":"Point","coordinates":[35.1914789,31.9684015]}},{"type":"Feature","properties":{"id":1325},"geometry":{"type":"Point","coordinates":[35.1828657,31.9749096]}},{"type":"Feature","properties":{"id":1326},"geometry":{"type":"Point","coordinates":[35.1929317,31.9692113]}},{"type":"Feature","properties":{"id":1327},"geometry":{"type":"Point","coordinates":[35.1834849,31.9749795]}},{"type":"Feature","properties":{"id":1328},"geometry":{"type":"Point","coordinates":[35.1928396,31.9694626]}},{"type":"Feature","properties":{"id":1329},"geometry":{"type":"Point","coordinates":[35.1832065,31.975723]}},{"type":"Feature","properties":{"id":1330},"geometry":{"type":"Point","coordinates":[35.1926582,31.9695115]}},{"type":"Feature","properties":{"id":1331},"geometry":{"type":"Point","coordinates":[35.18431,31.9747952]}},{"type":"Feature","properties":{"id":1332},"geometry":{"type":"Point","coordinates":[35.1848266,31.9751026]}},{"type":"Feature","properties":{"id":1333},"geometry":{"type":"Point","coordinates":[35.1924879,31.9688135]}},{"type":"Feature","properties":{"id":1334},"geometry":{"type":"Point","coordinates":[35.1846241,31.9754265]}},{"type":"Feature","properties":{"id":1335},"geometry":{"type":"Point","coordinates":[35.1844993,31.975604]}},{"type":"Feature","properties":{"id":1336},"geometry":{"type":"Point","coordinates":[35.1921292,31.9688462]}},{"type":"Feature","properties":{"id":1337},"geometry":{"type":"Point","coordinates":[35.1834824,31.9746097]}},{"type":"Feature","properties":{"id":1338},"geometry":{"type":"Point","coordinates":[35.1905869,31.9692146]}},{"type":"Feature","properties":{"id":1339},"geometry":{"type":"Point","coordinates":[35.1836964,31.9745614]}},{"type":"Feature","properties":{"id":1340},"geometry":{"type":"Point","coordinates":[35.1909876,31.9682824]}},{"type":"Feature","properties":{"id":1341},"geometry":{"type":"Point","coordinates":[35.1816252,31.9759824]}},{"type":"Feature","properties":{"id":1342},"geometry":{"type":"Point","coordinates":[35.1910906,31.9691563]}},{"type":"Feature","properties":{"id":1343},"geometry":{"type":"Point","coordinates":[35.1818303,31.9758203]}},{"type":"Feature","properties":{"id":1344},"geometry":{"type":"Point","coordinates":[35.1994508,31.9699323]}},{"type":"Feature","properties":{"id":1345},"geometry":{"type":"Point","coordinates":[35.1820656,31.9757963]}},{"type":"Feature","properties":{"id":1346},"geometry":{"type":"Point","coordinates":[35.1997872,31.9698242]}},{"type":"Feature","properties":{"id":1347},"geometry":{"type":"Point","coordinates":[35.1823604,31.9757673]}},{"type":"Feature","properties":{"id":1348},"geometry":{"type":"Point","coordinates":[35.1825669,31.9757589]}},{"type":"Feature","properties":{"id":1349},"geometry":{"type":"Point","coordinates":[35.2001219,31.9697341]}},{"type":"Feature","properties":{"id":1350},"geometry":{"type":"Point","coordinates":[35.1831708,31.9766939]}},{"type":"Feature","properties":{"id":1351},"geometry":{"type":"Point","coordinates":[35.2008361,31.9692722]}},{"type":"Feature","properties":{"id":1352},"geometry":{"type":"Point","coordinates":[35.1830695,31.9771233]}},{"type":"Feature","properties":{"id":1353},"geometry":{"type":"Point","coordinates":[35.2004746,31.9695239]}},{"type":"Feature","properties":{"id":1354},"geometry":{"type":"Point","coordinates":[35.1817344,31.9778068]}},{"type":"Feature","properties":{"id":1355},"geometry":{"type":"Point","coordinates":[35.1985038,31.9701974]}},{"type":"Feature","properties":{"id":1356},"geometry":{"type":"Point","coordinates":[35.1813681,31.977855]}},{"type":"Feature","properties":{"id":1357},"geometry":{"type":"Point","coordinates":[35.1984034,31.9708809]}},{"type":"Feature","properties":{"id":1358},"geometry":{"type":"Point","coordinates":[35.1819431,31.9777519]}},{"type":"Feature","properties":{"id":1359},"geometry":{"type":"Point","coordinates":[35.1991565,31.9692913]}},{"type":"Feature","properties":{"id":1360},"geometry":{"type":"Point","coordinates":[35.1821931,31.9776695]}},{"type":"Feature","properties":{"id":1361},"geometry":{"type":"Point","coordinates":[35.1997794,31.9686662]}},{"type":"Feature","properties":{"id":1362},"geometry":{"type":"Point","coordinates":[35.1825293,31.9775335]}},{"type":"Feature","properties":{"id":1363},"geometry":{"type":"Point","coordinates":[35.1993016,31.968804]}},{"type":"Feature","properties":{"id":1364},"geometry":{"type":"Point","coordinates":[35.1831178,31.9760271]}},{"type":"Feature","properties":{"id":1365},"geometry":{"type":"Point","coordinates":[35.1831484,31.9763345]}},{"type":"Feature","properties":{"id":1366},"geometry":{"type":"Point","coordinates":[35.1989542,31.9684988]}},{"type":"Feature","properties":{"id":1367},"geometry":{"type":"Point","coordinates":[35.1791472,31.980046]}},{"type":"Feature","properties":{"id":1368},"geometry":{"type":"Point","coordinates":[35.1992857,31.9686097]}},{"type":"Feature","properties":{"id":1369},"geometry":{"type":"Point","coordinates":[35.1793617,31.9802989]}},{"type":"Feature","properties":{"id":1370},"geometry":{"type":"Point","coordinates":[35.2004364,31.9689856]}},{"type":"Feature","properties":{"id":1371},"geometry":{"type":"Point","coordinates":[35.1795271,31.9804375]}},{"type":"Feature","properties":{"id":1372},"geometry":{"type":"Point","coordinates":[35.2023769,31.9685818]}},{"type":"Feature","properties":{"id":1373},"geometry":{"type":"Point","coordinates":[35.1796103,31.9797178]}},{"type":"Feature","properties":{"id":1374},"geometry":{"type":"Point","coordinates":[35.2023539,31.9690526]}},{"type":"Feature","properties":{"id":1375},"geometry":{"type":"Point","coordinates":[35.1789972,31.9802372]}},{"type":"Feature","properties":{"id":1376},"geometry":{"type":"Point","coordinates":[35.2024047,31.9692623]}},{"type":"Feature","properties":{"id":1377},"geometry":{"type":"Point","coordinates":[35.1787885,31.980479]}},{"type":"Feature","properties":{"id":1378},"geometry":{"type":"Point","coordinates":[35.2020947,31.9693908]}},{"type":"Feature","properties":{"id":1379},"geometry":{"type":"Point","coordinates":[35.1789158,31.981915]}},{"type":"Feature","properties":{"id":1380},"geometry":{"type":"Point","coordinates":[35.2025816,31.9696701]}},{"type":"Feature","properties":{"id":1381},"geometry":{"type":"Point","coordinates":[35.2051302,31.9682562]}},{"type":"Feature","properties":{"id":1382},"geometry":{"type":"Point","coordinates":[35.1788958,31.9819221]}},{"type":"Feature","properties":{"id":1383},"geometry":{"type":"Point","coordinates":[35.2035965,31.9675338]}},{"type":"Feature","properties":{"id":1384},"geometry":{"type":"Point","coordinates":[35.2036272,31.9677101]}},{"type":"Feature","properties":{"id":1385},"geometry":{"type":"Point","coordinates":[35.1785768,31.9821031]}},{"type":"Feature","properties":{"id":1386},"geometry":{"type":"Point","coordinates":[35.202864,31.9672302]}},{"type":"Feature","properties":{"id":1387},"geometry":{"type":"Point","coordinates":[35.1805179,31.9809007]}},{"type":"Feature","properties":{"id":1388},"geometry":{"type":"Point","coordinates":[35.203895,31.9672005]}},{"type":"Feature","properties":{"id":1389},"geometry":{"type":"Point","coordinates":[35.1808973,31.980762]}},{"type":"Feature","properties":{"id":1390},"geometry":{"type":"Point","coordinates":[35.2042316,31.9670788]}},{"type":"Feature","properties":{"id":1391},"geometry":{"type":"Point","coordinates":[35.1801272,31.9810134]}},{"type":"Feature","properties":{"id":1392},"geometry":{"type":"Point","coordinates":[35.2034323,31.9673233]}},{"type":"Feature","properties":{"id":1393},"geometry":{"type":"Point","coordinates":[35.1797101,31.9809162]}},{"type":"Feature","properties":{"id":1394},"geometry":{"type":"Point","coordinates":[35.2045123,31.9651041]}},{"type":"Feature","properties":{"id":1395},"geometry":{"type":"Point","coordinates":[35.1777819,31.9826407]}},{"type":"Feature","properties":{"id":1396},"geometry":{"type":"Point","coordinates":[35.2041839,31.9654358]}},{"type":"Feature","properties":{"id":1397},"geometry":{"type":"Point","coordinates":[35.1776753,31.9822668]}},{"type":"Feature","properties":{"id":1398},"geometry":{"type":"Point","coordinates":[35.1933771,31.9706365]}},{"type":"Feature","properties":{"id":1399},"geometry":{"type":"Point","coordinates":[35.1772319,31.9823565]}},{"type":"Feature","properties":{"id":1400},"geometry":{"type":"Point","coordinates":[35.193333,31.9704257]}},{"type":"Feature","properties":{"id":1401},"geometry":{"type":"Point","coordinates":[35.1776461,31.9823538]}},{"type":"Feature","properties":{"id":1402},"geometry":{"type":"Point","coordinates":[35.1923979,31.9701482]}},{"type":"Feature","properties":{"id":1403},"geometry":{"type":"Point","coordinates":[35.1769959,31.9832124]}},{"type":"Feature","properties":{"id":1404},"geometry":{"type":"Point","coordinates":[35.1924717,31.9699805]}},{"type":"Feature","properties":{"id":1405},"geometry":{"type":"Point","coordinates":[35.1920377,31.9706053]}},{"type":"Feature","properties":{"id":1406},"geometry":{"type":"Point","coordinates":[35.1923297,31.9703143]}},{"type":"Feature","properties":{"id":1407},"geometry":{"type":"Point","coordinates":[35.1926376,31.969856]}},{"type":"Feature","properties":{"id":1408},"geometry":{"type":"Point","coordinates":[35.1933442,31.9698439]}},{"type":"Feature","properties":{"id":1409},"geometry":{"type":"Point","coordinates":[35.1931269,31.9701885]}},{"type":"Feature","properties":{"id":1410},"geometry":{"type":"Point","coordinates":[35.191886,31.9709165]}},{"type":"Feature","properties":{"id":1411},"geometry":{"type":"Point","coordinates":[35.1927168,31.9680075]}},{"type":"Feature","properties":{"id":1412},"geometry":{"type":"Point","coordinates":[35.1925003,31.9676472]}},{"type":"Feature","properties":{"id":1413},"geometry":{"type":"Point","coordinates":[35.1922695,31.967161]}},{"type":"Feature","properties":{"id":1414},"geometry":{"type":"Point","coordinates":[35.192168,31.966773]}},{"type":"Feature","properties":{"id":1415},"geometry":{"type":"Point","coordinates":[35.1922746,31.9663881]}},{"type":"Feature","properties":{"id":1416},"geometry":{"type":"Point","coordinates":[35.1923645,31.9673731]}},{"type":"Feature","properties":{"id":1417},"geometry":{"type":"Point","coordinates":[35.1915292,31.9667718]}},{"type":"Feature","properties":{"id":1418},"geometry":{"type":"Point","coordinates":[35.1911485,31.9668829]}},{"type":"Feature","properties":{"id":1419},"geometry":{"type":"Point","coordinates":[35.1932666,31.9662332]}},{"type":"Feature","properties":{"id":1420},"geometry":{"type":"Point","coordinates":[35.1931001,31.9665513]}},{"type":"Feature","properties":{"id":1421},"geometry":{"type":"Point","coordinates":[35.1928207,31.9667798]}},{"type":"Feature","properties":{"id":1422},"geometry":{"type":"Point","coordinates":[35.1925782,31.9669446]}},{"type":"Feature","properties":{"id":1423},"geometry":{"type":"Point","coordinates":[35.1907907,31.9669348]}},{"type":"Feature","properties":{"id":1424},"geometry":{"type":"Point","coordinates":[35.1905615,31.9664786]}},{"type":"Feature","properties":{"id":1425},"geometry":{"type":"Point","coordinates":[35.1904669,31.9661833]}},{"type":"Feature","properties":{"id":1426},"geometry":{"type":"Point","coordinates":[35.1905903,31.9680959]}},{"type":"Feature","properties":{"id":1427},"geometry":{"type":"Point","coordinates":[35.1902016,31.9677186]}},{"type":"Feature","properties":{"id":1428},"geometry":{"type":"Point","coordinates":[35.1911832,31.9644465]}},{"type":"Feature","properties":{"id":1429},"geometry":{"type":"Point","coordinates":[35.188852,31.9660046]}},{"type":"Feature","properties":{"id":1430},"geometry":{"type":"Point","coordinates":[35.1887832,31.9656883]}},{"type":"Feature","properties":{"id":1431},"geometry":{"type":"Point","coordinates":[35.1888728,31.9663744]}},{"type":"Feature","properties":{"id":1432},"geometry":{"type":"Point","coordinates":[35.1887138,31.9653277]}},{"type":"Feature","properties":{"id":1433},"geometry":{"type":"Point","coordinates":[35.1895813,31.9659987]}},{"type":"Feature","properties":{"id":1434},"geometry":{"type":"Point","coordinates":[35.1894922,31.9656212]}},{"type":"Feature","properties":{"id":1435},"geometry":{"type":"Point","coordinates":[35.1893455,31.9652691]}},{"type":"Feature","properties":{"id":1436},"geometry":{"type":"Point","coordinates":[35.1886311,31.9645734]}},{"type":"Feature","properties":{"id":1437},"geometry":{"type":"Point","coordinates":[35.1912456,31.9678932]}},{"type":"Feature","properties":{"id":1438},"geometry":{"type":"Point","coordinates":[35.1907956,31.9677304]}},{"type":"Feature","properties":{"id":1439},"geometry":{"type":"Point","coordinates":[35.1908616,31.9674038]}},{"type":"Feature","properties":{"id":1440},"geometry":{"type":"Point","coordinates":[35.1906816,31.9676792]}},{"type":"Feature","properties":{"id":1441},"geometry":{"type":"Point","coordinates":[35.192822,31.9682187]}},{"type":"Feature","properties":{"id":1442},"geometry":{"type":"Point","coordinates":[35.1916128,31.9668419]}},{"type":"Feature","properties":{"id":1443},"geometry":{"type":"Point","coordinates":[35.1916227,31.9668339]}},{"type":"Feature","properties":{"id":1444},"geometry":{"type":"Point","coordinates":[35.1950956,31.9721241]}},{"type":"Feature","properties":{"id":1445},"geometry":{"type":"Point","coordinates":[35.1955072,31.9725838]}},{"type":"Feature","properties":{"id":1446},"geometry":{"type":"Point","coordinates":[35.195474,31.9719852]}},{"type":"Feature","properties":{"id":1447},"geometry":{"type":"Point","coordinates":[35.193639,31.9715829]}},{"type":"Feature","properties":{"id":1448},"geometry":{"type":"Point","coordinates":[35.1939179,31.9716969]}},{"type":"Feature","properties":{"id":1449},"geometry":{"type":"Point","coordinates":[35.1948794,31.9697782]}},{"type":"Feature","properties":{"id":1450},"geometry":{"type":"Point","coordinates":[35.194639,31.9696517]}},{"type":"Feature","properties":{"id":1451},"geometry":{"type":"Point","coordinates":[35.1950483,31.9692328]}},{"type":"Feature","properties":{"id":1452},"geometry":{"type":"Point","coordinates":[35.1959495,31.9683389]}},{"type":"Feature","properties":{"id":1453},"geometry":{"type":"Point","coordinates":[35.1955788,31.9681176]}},{"type":"Feature","properties":{"id":1454},"geometry":{"type":"Point","coordinates":[35.1953899,31.9686047]}},{"type":"Feature","properties":{"id":1455},"geometry":{"type":"Point","coordinates":[35.1953474,31.968889]}},{"type":"Feature","properties":{"id":1456},"geometry":{"type":"Point","coordinates":[35.1959452,31.9693959]}},{"type":"Feature","properties":{"id":1457},"geometry":{"type":"Point","coordinates":[35.1958149,31.9698484]}},{"type":"Feature","properties":{"id":1458},"geometry":{"type":"Point","coordinates":[35.1953564,31.9694011]}},{"type":"Feature","properties":{"id":1459},"geometry":{"type":"Point","coordinates":[35.1938708,31.9686685]}},{"type":"Feature","properties":{"id":1460},"geometry":{"type":"Point","coordinates":[35.1937505,31.9686371]}},{"type":"Feature","properties":{"id":1461},"geometry":{"type":"Point","coordinates":[35.1944354,31.968904]}},{"type":"Feature","properties":{"id":1462},"geometry":{"type":"Point","coordinates":[35.1941866,31.9688056]}},{"type":"Feature","properties":{"id":1463},"geometry":{"type":"Point","coordinates":[35.2010844,31.9671669]}},{"type":"Feature","properties":{"id":1464},"geometry":{"type":"Point","coordinates":[35.1999913,31.9773153]}},{"type":"Feature","properties":{"id":1465},"geometry":{"type":"Point","coordinates":[35.2000879,31.9772271]}},{"type":"Feature","properties":{"id":1466},"geometry":{"type":"Point","coordinates":[35.1974195,31.9737418]}},{"type":"Feature","properties":{"id":1467},"geometry":{"type":"Point","coordinates":[35.1970119,31.9736087]}},{"type":"Feature","properties":{"id":1468},"geometry":{"type":"Point","coordinates":[35.197266,31.9736828]}},{"type":"Feature","properties":{"id":1469},"geometry":{"type":"Point","coordinates":[35.1961742,31.9754347]}},{"type":"Feature","properties":{"id":1470},"geometry":{"type":"Point","coordinates":[35.196123,31.9751485]}},{"type":"Feature","properties":{"id":1471},"geometry":{"type":"Point","coordinates":[35.1960495,31.9748368]}},{"type":"Feature","properties":{"id":1472},"geometry":{"type":"Point","coordinates":[35.1967182,31.9750157]}},{"type":"Feature","properties":{"id":1473},"geometry":{"type":"Point","coordinates":[35.1974961,31.9752086]}},{"type":"Feature","properties":{"id":1474},"geometry":{"type":"Point","coordinates":[35.1970596,31.9752922]}},{"type":"Feature","properties":{"id":1475},"geometry":{"type":"Point","coordinates":[35.1976094,31.974262]}},{"type":"Feature","properties":{"id":1476},"geometry":{"type":"Point","coordinates":[35.1956417,31.9730195]}},{"type":"Feature","properties":{"id":1477},"geometry":{"type":"Point","coordinates":[35.1965017,31.9728868]}},{"type":"Feature","properties":{"id":1478},"geometry":{"type":"Point","coordinates":[35.1967708,31.972866]}},{"type":"Feature","properties":{"id":1479},"geometry":{"type":"Point","coordinates":[35.1954632,31.9724778]}},{"type":"Feature","properties":{"id":1480},"geometry":{"type":"Point","coordinates":[35.1958898,31.9719032]}},{"type":"Feature","properties":{"id":1481},"geometry":{"type":"Point","coordinates":[35.1962371,31.9729316]}},{"type":"Feature","properties":{"id":1482},"geometry":{"type":"Point","coordinates":[35.1938195,31.9733838]}},{"type":"Feature","properties":{"id":1483},"geometry":{"type":"Point","coordinates":[35.194072,31.973371]}},{"type":"Feature","properties":{"id":1484},"geometry":{"type":"Point","coordinates":[35.1957911,31.9736913]}},{"type":"Feature","properties":{"id":1485},"geometry":{"type":"Point","coordinates":[35.194914,31.9708727]}},{"type":"Feature","properties":{"id":1486},"geometry":{"type":"Point","coordinates":[35.1948332,31.9710197]}},{"type":"Feature","properties":{"id":1487},"geometry":{"type":"Point","coordinates":[35.1944552,31.971143]}},{"type":"Feature","properties":{"id":1488},"geometry":{"type":"Point","coordinates":[35.194061,31.9712805]}},{"type":"Feature","properties":{"id":1489},"geometry":{"type":"Point","coordinates":[35.1950204,31.970781]}},{"type":"Feature","properties":{"id":1490},"geometry":{"type":"Point","coordinates":[35.1949466,31.9710956]}},{"type":"Feature","properties":{"id":1491},"geometry":{"type":"Point","coordinates":[35.1950682,31.9714093]}},{"type":"Feature","properties":{"id":1492},"geometry":{"type":"Point","coordinates":[35.1974688,31.9706772]}},{"type":"Feature","properties":{"id":1493},"geometry":{"type":"Point","coordinates":[35.1975978,31.9705745]}},{"type":"Feature","properties":{"id":1494},"geometry":{"type":"Point","coordinates":[35.1978188,31.9704243]}},{"type":"Feature","properties":{"id":1495},"geometry":{"type":"Point","coordinates":[35.1979819,31.9703138]}},{"type":"Feature","properties":{"id":1496},"geometry":{"type":"Point","coordinates":[35.1975972,31.9705735]}},{"type":"Feature","properties":{"id":1497},"geometry":{"type":"Point","coordinates":[35.1976075,31.9704387]}},{"type":"Feature","properties":{"id":1498},"geometry":{"type":"Point","coordinates":[35.1973104,31.9702027]}},{"type":"Feature","properties":{"id":1499},"geometry":{"type":"Point","coordinates":[35.1969427,31.9704214]}},{"type":"Feature","properties":{"id":1500},"geometry":{"type":"Point","coordinates":[35.1954145,31.9707047]}},{"type":"Feature","properties":{"id":1501},"geometry":{"type":"Point","coordinates":[35.1961641,31.9702221]}},{"type":"Feature","properties":{"id":1502},"geometry":{"type":"Point","coordinates":[35.1953786,31.9700036]}},{"type":"Feature","properties":{"id":1503},"geometry":{"type":"Point","coordinates":[35.1958387,31.9699396]}},{"type":"Feature","properties":{"id":1504},"geometry":{"type":"Point","coordinates":[35.1949142,31.9704215]}},{"type":"Feature","properties":{"id":1505},"geometry":{"type":"Point","coordinates":[35.196331,31.9697641]}},{"type":"Feature","properties":{"id":1506},"geometry":{"type":"Point","coordinates":[35.1966179,31.9696621]}},{"type":"Feature","properties":{"id":1507},"geometry":{"type":"Point","coordinates":[35.1968738,31.9695903]}},{"type":"Feature","properties":{"id":1508},"geometry":{"type":"Point","coordinates":[35.1962024,31.9697011]}},{"type":"Feature","properties":{"id":1509},"geometry":{"type":"Point","coordinates":[35.1958447,31.9704959]}},{"type":"Feature","properties":{"id":1510},"geometry":{"type":"Point","coordinates":[35.1931507,31.9687223]}},{"type":"Feature","properties":{"id":1511},"geometry":{"type":"Point","coordinates":[35.1931186,31.968007]}},{"type":"Feature","properties":{"id":1512},"geometry":{"type":"Point","coordinates":[35.1931429,31.9686104]}},{"type":"Feature","properties":{"id":1513},"geometry":{"type":"Point","coordinates":[35.1934298,31.9688405]}},{"type":"Feature","properties":{"id":1514},"geometry":{"type":"Point","coordinates":[35.1939876,31.9692073]}},{"type":"Feature","properties":{"id":1515},"geometry":{"type":"Point","coordinates":[35.1943127,31.9693839]}},{"type":"Feature","properties":{"id":1516},"geometry":{"type":"Point","coordinates":[35.1941121,31.9686222]}},{"type":"Feature","properties":{"id":1517},"geometry":{"type":"Point","coordinates":[35.1931191,31.9677529]}},{"type":"Feature","properties":{"id":1518},"geometry":{"type":"Point","coordinates":[35.1931555,31.9675555]}},{"type":"Feature","properties":{"id":1519},"geometry":{"type":"Point","coordinates":[35.1929412,31.9685142]}},{"type":"Feature","properties":{"id":1520},"geometry":{"type":"Point","coordinates":[35.1929917,31.9689812]}},{"type":"Feature","properties":{"id":1521},"geometry":{"type":"Point","coordinates":[35.1936752,31.9685983]}},{"type":"Feature","properties":{"id":1522},"geometry":{"type":"Point","coordinates":[35.1930677,31.9690843]}},{"type":"Feature","properties":{"id":1523},"geometry":{"type":"Point","coordinates":[35.196769,31.9712765]}},{"type":"Feature","properties":{"id":1524},"geometry":{"type":"Point","coordinates":[35.1963191,31.9718749]}},{"type":"Feature","properties":{"id":1525},"geometry":{"type":"Point","coordinates":[35.196679,31.9718659]}},{"type":"Feature","properties":{"id":1526},"geometry":{"type":"Point","coordinates":[35.1967599,31.9717632]}},{"type":"Feature","properties":{"id":1527},"geometry":{"type":"Point","coordinates":[35.1992786,31.9673133]}},{"type":"Feature","properties":{"id":1528},"geometry":{"type":"Point","coordinates":[35.1991406,31.9672546]}},{"type":"Feature","properties":{"id":1529},"geometry":{"type":"Point","coordinates":[35.1988356,31.9671836]}},{"type":"Feature","properties":{"id":1530},"geometry":{"type":"Point","coordinates":[35.1984813,31.9672526]}},{"type":"Feature","properties":{"id":1531},"geometry":{"type":"Point","coordinates":[35.1981088,31.9674544]}},{"type":"Feature","properties":{"id":1532},"geometry":{"type":"Point","coordinates":[35.1992633,31.9676368]}},{"type":"Feature","properties":{"id":1533},"geometry":{"type":"Point","coordinates":[35.1991847,31.9678177]}},{"type":"Feature","properties":{"id":1534},"geometry":{"type":"Point","coordinates":[35.1977075,31.9677863]}},{"type":"Feature","properties":{"id":1535},"geometry":{"type":"Point","coordinates":[35.1975864,31.9679139]}},{"type":"Feature","properties":{"id":1536},"geometry":{"type":"Point","coordinates":[35.1973698,31.9679502]}},{"type":"Feature","properties":{"id":1537},"geometry":{"type":"Point","coordinates":[35.198548,31.9671088]}},{"type":"Feature","properties":{"id":1538},"geometry":{"type":"Point","coordinates":[35.1984217,31.9667171]}},{"type":"Feature","properties":{"id":1539},"geometry":{"type":"Point","coordinates":[35.1978878,31.9676126]}},{"type":"Feature","properties":{"id":1540},"geometry":{"type":"Point","coordinates":[35.1986436,31.9679063]}},{"type":"Feature","properties":{"id":1541},"geometry":{"type":"Point","coordinates":[35.198724,31.966779]}},{"type":"Feature","properties":{"id":1542},"geometry":{"type":"Point","coordinates":[35.1991279,31.9664023]}},{"type":"Feature","properties":{"id":1543},"geometry":{"type":"Point","coordinates":[35.198942,31.9666148]}},{"type":"Feature","properties":{"id":1544},"geometry":{"type":"Point","coordinates":[35.1992795,31.9661607]}},{"type":"Feature","properties":{"id":1545},"geometry":{"type":"Point","coordinates":[35.1990734,31.9674448]}},{"type":"Feature","properties":{"id":1546},"geometry":{"type":"Point","coordinates":[35.1973587,31.9681917]}},{"type":"Feature","properties":{"id":1547},"geometry":{"type":"Point","coordinates":[35.1971196,31.9685332]}},{"type":"Feature","properties":{"id":1548},"geometry":{"type":"Point","coordinates":[35.1974686,31.96848]}},{"type":"Feature","properties":{"id":1549},"geometry":{"type":"Point","coordinates":[35.1967587,31.9688401]}},{"type":"Feature","properties":{"id":1550},"geometry":{"type":"Point","coordinates":[35.1965792,31.9688249]}},{"type":"Feature","properties":{"id":1551},"geometry":{"type":"Point","coordinates":[35.1965963,31.9689733]}},{"type":"Feature","properties":{"id":1552},"geometry":{"type":"Point","coordinates":[35.1977309,31.9688523]}},{"type":"Feature","properties":{"id":1553},"geometry":{"type":"Point","coordinates":[35.1978246,31.9690783]}},{"type":"Feature","properties":{"id":1554},"geometry":{"type":"Point","coordinates":[35.1978726,31.9692775]}},{"type":"Feature","properties":{"id":1555},"geometry":{"type":"Point","coordinates":[35.1979206,31.9684153]}},{"type":"Feature","properties":{"id":1556},"geometry":{"type":"Point","coordinates":[35.1963487,31.9681803]}},{"type":"Feature","properties":{"id":1557},"geometry":{"type":"Point","coordinates":[35.1965412,31.967974]}},{"type":"Feature","properties":{"id":1558},"geometry":{"type":"Point","coordinates":[35.1967251,31.9677042]}},{"type":"Feature","properties":{"id":1559},"geometry":{"type":"Point","coordinates":[35.1953488,31.9682645]}},{"type":"Feature","properties":{"id":1560},"geometry":{"type":"Point","coordinates":[35.1961767,31.9683003]}},{"type":"Feature","properties":{"id":1561},"geometry":{"type":"Point","coordinates":[35.1971474,31.9710241]}},{"type":"Feature","properties":{"id":1562},"geometry":{"type":"Point","coordinates":[35.1969754,31.9711352]}},{"type":"Feature","properties":{"id":1563},"geometry":{"type":"Point","coordinates":[35.1966374,31.9712465]}},{"type":"Feature","properties":{"id":1564},"geometry":{"type":"Point","coordinates":[35.1953911,31.9719299]}},{"type":"Feature","properties":{"id":1565},"geometry":{"type":"Point","coordinates":[35.1963468,31.9717852]}},{"type":"Feature","properties":{"id":1566},"geometry":{"type":"Point","coordinates":[35.196783,31.9719009]}},{"type":"Feature","properties":{"id":1567},"geometry":{"type":"Point","coordinates":[35.1895638,31.9665279]}},{"type":"Feature","properties":{"id":1568},"geometry":{"type":"Point","coordinates":[35.1898058,31.9668278]}},{"type":"Feature","properties":{"id":1569},"geometry":{"type":"Point","coordinates":[35.1896685,31.9664731]}},{"type":"Feature","properties":{"id":1570},"geometry":{"type":"Point","coordinates":[35.188359,31.9676643]}},{"type":"Feature","properties":{"id":1571},"geometry":{"type":"Point","coordinates":[35.1994578,31.9658882]}},{"type":"Feature","properties":{"id":1572},"geometry":{"type":"Point","coordinates":[35.1996322,31.9657055]}},{"type":"Feature","properties":{"id":1573},"geometry":{"type":"Point","coordinates":[35.199453,31.9654153]}},{"type":"Feature","properties":{"id":1574},"geometry":{"type":"Point","coordinates":[35.1992171,31.9654281]}},{"type":"Feature","properties":{"id":1575},"geometry":{"type":"Point","coordinates":[35.1989746,31.9653193]}},{"type":"Feature","properties":{"id":1576},"geometry":{"type":"Point","coordinates":[35.1990515,31.9652684]}},{"type":"Feature","properties":{"id":1577},"geometry":{"type":"Point","coordinates":[35.1988692,31.9650482]}},{"type":"Feature","properties":{"id":1578},"geometry":{"type":"Point","coordinates":[35.1986161,31.9647593]}},{"type":"Feature","properties":{"id":1579},"geometry":{"type":"Point","coordinates":[35.1990318,31.9645724]}},{"type":"Feature","properties":{"id":1580},"geometry":{"type":"Point","coordinates":[35.1993582,31.9644809]}},{"type":"Feature","properties":{"id":1581},"geometry":{"type":"Point","coordinates":[35.1995286,31.9654667]}},{"type":"Feature","properties":{"id":1582},"geometry":{"type":"Point","coordinates":[35.1996021,31.9656238]}},{"type":"Feature","properties":{"id":1583},"geometry":{"type":"Point","coordinates":[35.1998408,31.9660122]}},{"type":"Feature","properties":{"id":1584},"geometry":{"type":"Point","coordinates":[35.1996265,31.9644079]}},{"type":"Feature","properties":{"id":1585},"geometry":{"type":"Point","coordinates":[35.2000954,31.965767]}},{"type":"Feature","properties":{"id":1586},"geometry":{"type":"Point","coordinates":[35.1999198,31.9662091]}},{"type":"Feature","properties":{"id":1587},"geometry":{"type":"Point","coordinates":[35.1992825,31.966156]}},{"type":"Feature","properties":{"id":1588},"geometry":{"type":"Point","coordinates":[35.1946247,31.9587272]}},{"type":"Feature","properties":{"id":1589},"geometry":{"type":"Point","coordinates":[35.1948321,31.9585112]}},{"type":"Feature","properties":{"id":1590},"geometry":{"type":"Point","coordinates":[35.1951823,31.9577628]}},{"type":"Feature","properties":{"id":1591},"geometry":{"type":"Point","coordinates":[35.1951144,31.9575144]}},{"type":"Feature","properties":{"id":1592},"geometry":{"type":"Point","coordinates":[35.1951892,31.958063]}},{"type":"Feature","properties":{"id":1593},"geometry":{"type":"Point","coordinates":[35.194992,31.9575392]}},{"type":"Feature","properties":{"id":1594},"geometry":{"type":"Point","coordinates":[35.1951744,31.9582568]}},{"type":"Feature","properties":{"id":1595},"geometry":{"type":"Point","coordinates":[35.1945097,31.9592638]}},{"type":"Feature","properties":{"id":1596},"geometry":{"type":"Point","coordinates":[35.1950824,31.9589808]}},{"type":"Feature","properties":{"id":1597},"geometry":{"type":"Point","coordinates":[35.1930639,31.9606761]}},{"type":"Feature","properties":{"id":1598},"geometry":{"type":"Point","coordinates":[35.1933236,31.9607234]}},{"type":"Feature","properties":{"id":1599},"geometry":{"type":"Point","coordinates":[35.1933327,31.960378]}},{"type":"Feature","properties":{"id":1600},"geometry":{"type":"Point","coordinates":[35.1933687,31.9599106]}},{"type":"Feature","properties":{"id":1601},"geometry":{"type":"Point","coordinates":[35.1938739,31.9597494]}},{"type":"Feature","properties":{"id":1602},"geometry":{"type":"Point","coordinates":[35.1944633,31.9598003]}},{"type":"Feature","properties":{"id":1603},"geometry":{"type":"Point","coordinates":[35.1939209,31.960991]}},{"type":"Feature","properties":{"id":1604},"geometry":{"type":"Point","coordinates":[35.1947094,31.9611426]}},{"type":"Feature","properties":{"id":1605},"geometry":{"type":"Point","coordinates":[35.1939941,31.9608798]}},{"type":"Feature","properties":{"id":1606},"geometry":{"type":"Point","coordinates":[35.1933569,31.9595801]}},{"type":"Feature","properties":{"id":1607},"geometry":{"type":"Point","coordinates":[35.1933464,31.9592754]}},{"type":"Feature","properties":{"id":1608},"geometry":{"type":"Point","coordinates":[35.1919021,31.9594768]}},{"type":"Feature","properties":{"id":1609},"geometry":{"type":"Point","coordinates":[35.1944753,31.960246]}},{"type":"Feature","properties":{"id":1610},"geometry":{"type":"Point","coordinates":[35.1946107,31.9603879]}},{"type":"Feature","properties":{"id":1611},"geometry":{"type":"Point","coordinates":[35.1947526,31.9603109]}},{"type":"Feature","properties":{"id":1612},"geometry":{"type":"Point","coordinates":[35.1944241,31.9609567]}},{"type":"Feature","properties":{"id":1613},"geometry":{"type":"Point","coordinates":[35.1954424,31.9611457]}},{"type":"Feature","properties":{"id":1614},"geometry":{"type":"Point","coordinates":[35.1950602,31.9611644]}},{"type":"Feature","properties":{"id":1615},"geometry":{"type":"Point","coordinates":[35.1931102,31.9614765]}},{"type":"Feature","properties":{"id":1616},"geometry":{"type":"Point","coordinates":[35.194858,31.9590978]}},{"type":"Feature","properties":{"id":1617},"geometry":{"type":"Point","coordinates":[35.191612,31.959769]}},{"type":"Feature","properties":{"id":1618},"geometry":{"type":"Point","coordinates":[35.1916535,31.9599174]}},{"type":"Feature","properties":{"id":1619},"geometry":{"type":"Point","coordinates":[35.1915475,31.9590515]}},{"type":"Feature","properties":{"id":1620},"geometry":{"type":"Point","coordinates":[35.1914863,31.9591892]}},{"type":"Feature","properties":{"id":1621},"geometry":{"type":"Point","coordinates":[35.1926338,31.9605551]}},{"type":"Feature","properties":{"id":1622},"geometry":{"type":"Point","coordinates":[35.1899758,31.9579303]}},{"type":"Feature","properties":{"id":1623},"geometry":{"type":"Point","coordinates":[35.1899428,31.9577929]}},{"type":"Feature","properties":{"id":1624},"geometry":{"type":"Point","coordinates":[35.1901921,31.9586315]}},{"type":"Feature","properties":{"id":1625},"geometry":{"type":"Point","coordinates":[35.1909726,31.9584063]}},{"type":"Feature","properties":{"id":1626},"geometry":{"type":"Point","coordinates":[35.1900662,31.9582562]}},{"type":"Feature","properties":{"id":1627},"geometry":{"type":"Point","coordinates":[35.1913713,31.9581611]}},{"type":"Feature","properties":{"id":1628},"geometry":{"type":"Point","coordinates":[35.1908534,31.9560839]}},{"type":"Feature","properties":{"id":1629},"geometry":{"type":"Point","coordinates":[35.1908374,31.9565935]}},{"type":"Feature","properties":{"id":1630},"geometry":{"type":"Point","coordinates":[35.1910332,31.9568102]}},{"type":"Feature","properties":{"id":1631},"geometry":{"type":"Point","coordinates":[35.1912128,31.9569959]}},{"type":"Feature","properties":{"id":1632},"geometry":{"type":"Point","coordinates":[35.191574,31.9572103]}},{"type":"Feature","properties":{"id":1633},"geometry":{"type":"Point","coordinates":[35.1913583,31.9571433]}},{"type":"Feature","properties":{"id":1634},"geometry":{"type":"Point","coordinates":[35.1923172,31.9565298]}},{"type":"Feature","properties":{"id":1635},"geometry":{"type":"Point","coordinates":[35.1920635,31.9567676]}},{"type":"Feature","properties":{"id":1636},"geometry":{"type":"Point","coordinates":[35.190873,31.9563461]}},{"type":"Feature","properties":{"id":1637},"geometry":{"type":"Point","coordinates":[35.1909692,31.9557326]}},{"type":"Feature","properties":{"id":1638},"geometry":{"type":"Point","coordinates":[35.1910731,31.9553941]}},{"type":"Feature","properties":{"id":1639},"geometry":{"type":"Point","coordinates":[35.1918057,31.9570003]}},{"type":"Feature","properties":{"id":1640},"geometry":{"type":"Point","coordinates":[35.1924455,31.9558376]}},{"type":"Feature","properties":{"id":1641},"geometry":{"type":"Point","coordinates":[35.1922028,31.9560509]}},{"type":"Feature","properties":{"id":1642},"geometry":{"type":"Point","coordinates":[35.1927899,31.9559585]}},{"type":"Feature","properties":{"id":1643},"geometry":{"type":"Point","coordinates":[35.1925823,31.9562918]}},{"type":"Feature","properties":{"id":1644},"geometry":{"type":"Point","coordinates":[35.194334,31.9561876]}},{"type":"Feature","properties":{"id":1645},"geometry":{"type":"Point","coordinates":[35.1957105,31.9613567]}},{"type":"Feature","properties":{"id":1646},"geometry":{"type":"Point","coordinates":[35.1961058,31.9614335]}},{"type":"Feature","properties":{"id":1647},"geometry":{"type":"Point","coordinates":[35.1959097,31.9615413]}},{"type":"Feature","properties":{"id":1648},"geometry":{"type":"Point","coordinates":[35.1961196,31.9617368]}},{"type":"Feature","properties":{"id":1649},"geometry":{"type":"Point","coordinates":[35.1966315,31.9614529]}},{"type":"Feature","properties":{"id":1650},"geometry":{"type":"Point","coordinates":[35.1937842,31.9611745]}},{"type":"Feature","properties":{"id":1651},"geometry":{"type":"Point","coordinates":[35.1931024,31.9612045]}},{"type":"Feature","properties":{"id":1652},"geometry":{"type":"Point","coordinates":[35.1933719,31.9614669]}},{"type":"Feature","properties":{"id":1653},"geometry":{"type":"Point","coordinates":[35.1938308,31.9614207]}},{"type":"Feature","properties":{"id":1654},"geometry":{"type":"Point","coordinates":[35.1973276,31.9617918]}},{"type":"Feature","properties":{"id":1655},"geometry":{"type":"Point","coordinates":[35.1971367,31.9614754]}},{"type":"Feature","properties":{"id":1656},"geometry":{"type":"Point","coordinates":[35.1979684,31.961201]}},{"type":"Feature","properties":{"id":1657},"geometry":{"type":"Point","coordinates":[35.197625,31.961403]}},{"type":"Feature","properties":{"id":1658},"geometry":{"type":"Point","coordinates":[35.1983813,31.9612982]}},{"type":"Feature","properties":{"id":1659},"geometry":{"type":"Point","coordinates":[35.1984727,31.9622191]}},{"type":"Feature","properties":{"id":1660},"geometry":{"type":"Point","coordinates":[35.1987193,31.9621289]}},{"type":"Feature","properties":{"id":1661},"geometry":{"type":"Point","coordinates":[35.1985977,31.9619112]}},{"type":"Feature","properties":{"id":1662},"geometry":{"type":"Point","coordinates":[35.1985078,31.9616241]}},{"type":"Feature","properties":{"id":1663},"geometry":{"type":"Point","coordinates":[35.1990555,31.9619877]}},{"type":"Feature","properties":{"id":1664},"geometry":{"type":"Point","coordinates":[35.1953736,31.9655009]}},{"type":"Feature","properties":{"id":1665},"geometry":{"type":"Point","coordinates":[35.1955128,31.96641]}},{"type":"Feature","properties":{"id":1666},"geometry":{"type":"Point","coordinates":[35.1957281,31.9660844]}},{"type":"Feature","properties":{"id":1667},"geometry":{"type":"Point","coordinates":[35.195909,31.9658071]}},{"type":"Feature","properties":{"id":1668},"geometry":{"type":"Point","coordinates":[35.1948237,31.9632955]}},{"type":"Feature","properties":{"id":1669},"geometry":{"type":"Point","coordinates":[35.1944389,31.9630591]}},{"type":"Feature","properties":{"id":1670},"geometry":{"type":"Point","coordinates":[35.1940397,31.9629121]}},{"type":"Feature","properties":{"id":1671},"geometry":{"type":"Point","coordinates":[35.1941906,31.9631073]}},{"type":"Feature","properties":{"id":1672},"geometry":{"type":"Point","coordinates":[35.1940972,31.9626266]}},{"type":"Feature","properties":{"id":1673},"geometry":{"type":"Point","coordinates":[35.1943294,31.9624574]}},{"type":"Feature","properties":{"id":1674},"geometry":{"type":"Point","coordinates":[35.1948283,31.9633016]}},{"type":"Feature","properties":{"id":1675},"geometry":{"type":"Point","coordinates":[35.1941733,31.9625365]}},{"type":"Feature","properties":{"id":1676},"geometry":{"type":"Point","coordinates":[35.1942988,31.9626053]}},{"type":"Feature","properties":{"id":1677},"geometry":{"type":"Point","coordinates":[35.1934239,31.9631175]}},{"type":"Feature","properties":{"id":1678},"geometry":{"type":"Point","coordinates":[35.1935087,31.9629518]}},{"type":"Feature","properties":{"id":1679},"geometry":{"type":"Point","coordinates":[35.1936597,31.9628697]}},{"type":"Feature","properties":{"id":1680},"geometry":{"type":"Point","coordinates":[35.1939191,31.9628924]}},{"type":"Feature","properties":{"id":1681},"geometry":{"type":"Point","coordinates":[35.1930545,31.9629594]}},{"type":"Feature","properties":{"id":1682},"geometry":{"type":"Point","coordinates":[35.1928585,31.9630073]}},{"type":"Feature","properties":{"id":1683},"geometry":{"type":"Point","coordinates":[35.1920137,31.9628821]}},{"type":"Feature","properties":{"id":1684},"geometry":{"type":"Point","coordinates":[35.1958706,31.9628988]}},{"type":"Feature","properties":{"id":1685},"geometry":{"type":"Point","coordinates":[35.1860992,31.9702251]}},{"type":"Feature","properties":{"id":1686},"geometry":{"type":"Point","coordinates":[35.1868823,31.9700324]}},{"type":"Feature","properties":{"id":1687},"geometry":{"type":"Point","coordinates":[35.1889736,31.9699543]}},{"type":"Feature","properties":{"id":1688},"geometry":{"type":"Point","coordinates":[35.1914487,31.9690581]}},{"type":"Feature","properties":{"id":1689},"geometry":{"type":"Point","coordinates":[35.1845128,31.9708661]}},{"type":"Feature","properties":{"id":1690},"geometry":{"type":"Point","coordinates":[35.1847283,31.970606]}},{"type":"Feature","properties":{"id":1691},"geometry":{"type":"Point","coordinates":[35.1843483,31.9711701]}},{"type":"Feature","properties":{"id":1692},"geometry":{"type":"Point","coordinates":[35.1842239,31.9714848]}},{"type":"Feature","properties":{"id":1693},"geometry":{"type":"Point","coordinates":[35.1841264,31.9718407]}},{"type":"Feature","properties":{"id":1694},"geometry":{"type":"Point","coordinates":[35.1835969,31.9722617]}},{"type":"Feature","properties":{"id":1695},"geometry":{"type":"Point","coordinates":[35.1833024,31.9725439]}},{"type":"Feature","properties":{"id":1696},"geometry":{"type":"Point","coordinates":[35.1833069,31.9714712]}},{"type":"Feature","properties":{"id":1697},"geometry":{"type":"Point","coordinates":[35.183476,31.9715442]}},{"type":"Feature","properties":{"id":1698},"geometry":{"type":"Point","coordinates":[35.1833078,31.9714725]}},{"type":"Feature","properties":{"id":1699},"geometry":{"type":"Point","coordinates":[35.182827,31.9718436]}},{"type":"Feature","properties":{"id":1700},"geometry":{"type":"Point","coordinates":[35.1828271,31.9718429]}},{"type":"Feature","properties":{"id":1701},"geometry":{"type":"Point","coordinates":[35.1810074,31.9615645]}},{"type":"Feature","properties":{"id":1702},"geometry":{"type":"Point","coordinates":[35.1807413,31.9609762]}},{"type":"Feature","properties":{"id":1703},"geometry":{"type":"Point","coordinates":[35.1808763,31.9612722]}},{"type":"Feature","properties":{"id":1704},"geometry":{"type":"Point","coordinates":[35.1806074,31.9607036]}},{"type":"Feature","properties":{"id":1705},"geometry":{"type":"Point","coordinates":[35.1804669,31.9604631]}},{"type":"Feature","properties":{"id":1706},"geometry":{"type":"Point","coordinates":[35.180285,31.9601856]}},{"type":"Feature","properties":{"id":1707},"geometry":{"type":"Point","coordinates":[35.1803951,31.9600024]}},{"type":"Feature","properties":{"id":1708},"geometry":{"type":"Point","coordinates":[35.1805345,31.9599768]}},{"type":"Feature","properties":{"id":1709},"geometry":{"type":"Point","coordinates":[35.1806997,31.9600483]}},{"type":"Feature","properties":{"id":1710},"geometry":{"type":"Point","coordinates":[35.1807287,31.9601529]}},{"type":"Feature","properties":{"id":1711},"geometry":{"type":"Point","coordinates":[35.1813241,31.9596442]}},{"type":"Feature","properties":{"id":1712},"geometry":{"type":"Point","coordinates":[35.1808823,31.9592718]}},{"type":"Feature","properties":{"id":1713},"geometry":{"type":"Point","coordinates":[35.1808534,31.9592493]}},{"type":"Feature","properties":{"id":1714},"geometry":{"type":"Point","coordinates":[35.1807356,31.9593041]}},{"type":"Feature","properties":{"id":1715},"geometry":{"type":"Point","coordinates":[35.1806503,31.9592793]}},{"type":"Feature","properties":{"id":1716},"geometry":{"type":"Point","coordinates":[35.1805797,31.9592925]}},{"type":"Feature","properties":{"id":1717},"geometry":{"type":"Point","coordinates":[35.1805534,31.9591983]}},{"type":"Feature","properties":{"id":1718},"geometry":{"type":"Point","coordinates":[35.1806236,31.9591843]}},{"type":"Feature","properties":{"id":1719},"geometry":{"type":"Point","coordinates":[35.1802399,31.9593553]}},{"type":"Feature","properties":{"id":1720},"geometry":{"type":"Point","coordinates":[35.1802326,31.9593281]}},{"type":"Feature","properties":{"id":1721},"geometry":{"type":"Point","coordinates":[35.1803201,31.9582269]}},{"type":"Feature","properties":{"id":1722},"geometry":{"type":"Point","coordinates":[35.1800145,31.9580574]}},{"type":"Feature","properties":{"id":1723},"geometry":{"type":"Point","coordinates":[35.1796694,31.9579628]}},{"type":"Feature","properties":{"id":1724},"geometry":{"type":"Point","coordinates":[35.179489,31.9577563]}},{"type":"Feature","properties":{"id":1725},"geometry":{"type":"Point","coordinates":[35.1795838,31.9574562]}},{"type":"Feature","properties":{"id":1726},"geometry":{"type":"Point","coordinates":[35.1801416,31.9584924]}},{"type":"Feature","properties":{"id":1727},"geometry":{"type":"Point","coordinates":[35.1792153,31.9559415]}},{"type":"Feature","properties":{"id":1728},"geometry":{"type":"Point","coordinates":[35.175718,31.9569554]}},{"type":"Feature","properties":{"id":1729},"geometry":{"type":"Point","coordinates":[35.1757408,31.9572224]}},{"type":"Feature","properties":{"id":1730},"geometry":{"type":"Point","coordinates":[35.175854,31.9565218]}},{"type":"Feature","properties":{"id":1731},"geometry":{"type":"Point","coordinates":[35.1760945,31.9564795]}},{"type":"Feature","properties":{"id":1732},"geometry":{"type":"Point","coordinates":[35.1762907,31.9581452]}},{"type":"Feature","properties":{"id":1733},"geometry":{"type":"Point","coordinates":[35.1761748,31.9579761]}},{"type":"Feature","properties":{"id":1734},"geometry":{"type":"Point","coordinates":[35.1759984,31.9576657]}},{"type":"Feature","properties":{"id":1735},"geometry":{"type":"Point","coordinates":[35.1749709,31.9573284]}},{"type":"Feature","properties":{"id":1736},"geometry":{"type":"Point","coordinates":[35.1750419,31.9575193]}},{"type":"Feature","properties":{"id":1737},"geometry":{"type":"Point","coordinates":[35.1777734,31.9615519]}},{"type":"Feature","properties":{"id":1738},"geometry":{"type":"Point","coordinates":[35.1775816,31.9619315]}},{"type":"Feature","properties":{"id":1739},"geometry":{"type":"Point","coordinates":[35.1768011,31.9620303]}},{"type":"Feature","properties":{"id":1740},"geometry":{"type":"Point","coordinates":[35.1772001,31.9598384]}},{"type":"Feature","properties":{"id":1741},"geometry":{"type":"Point","coordinates":[35.1776715,31.9607003]}},{"type":"Feature","properties":{"id":1742},"geometry":{"type":"Point","coordinates":[35.177001,31.9594618]}},{"type":"Feature","properties":{"id":1743},"geometry":{"type":"Point","coordinates":[35.1766158,31.9621903]}},{"type":"Feature","properties":{"id":1744},"geometry":{"type":"Point","coordinates":[35.1770989,31.9619866]}},{"type":"Feature","properties":{"id":1745},"geometry":{"type":"Point","coordinates":[35.1774663,31.9620112]}},{"type":"Feature","properties":{"id":1746},"geometry":{"type":"Point","coordinates":[35.1757706,31.9618845]}},{"type":"Feature","properties":{"id":1747},"geometry":{"type":"Point","coordinates":[35.175827,31.9620209]}},{"type":"Feature","properties":{"id":1748},"geometry":{"type":"Point","coordinates":[35.1759149,31.962221]}},{"type":"Feature","properties":{"id":1749},"geometry":{"type":"Point","coordinates":[35.1759596,31.9623678]}},{"type":"Feature","properties":{"id":1750},"geometry":{"type":"Point","coordinates":[35.1768589,31.9625764]}},{"type":"Feature","properties":{"id":1751},"geometry":{"type":"Point","coordinates":[35.1760828,31.9626748]}},{"type":"Feature","properties":{"id":1752},"geometry":{"type":"Point","coordinates":[35.1764246,31.9624328]}},{"type":"Feature","properties":{"id":1753},"geometry":{"type":"Point","coordinates":[35.1764737,31.9625367]}},{"type":"Feature","properties":{"id":1754},"geometry":{"type":"Point","coordinates":[35.1771704,31.9624721]}},{"type":"Feature","properties":{"id":1755},"geometry":{"type":"Point","coordinates":[35.1771751,31.9627168]}},{"type":"Feature","properties":{"id":1756},"geometry":{"type":"Point","coordinates":[35.175758,31.9629011]}},{"type":"Feature","properties":{"id":1757},"geometry":{"type":"Point","coordinates":[35.1761275,31.9636558]}},{"type":"Feature","properties":{"id":1758},"geometry":{"type":"Point","coordinates":[35.175877,31.9637897]}},{"type":"Feature","properties":{"id":1759},"geometry":{"type":"Point","coordinates":[35.1759197,31.9632667]}},{"type":"Feature","properties":{"id":1760},"geometry":{"type":"Point","coordinates":[35.1772325,31.9630701]}},{"type":"Feature","properties":{"id":1761},"geometry":{"type":"Point","coordinates":[35.1775182,31.9636107]}},{"type":"Feature","properties":{"id":1762},"geometry":{"type":"Point","coordinates":[35.1752107,31.9631478]}},{"type":"Feature","properties":{"id":1763},"geometry":{"type":"Point","coordinates":[35.1754177,31.9630511]}},{"type":"Feature","properties":{"id":1764},"geometry":{"type":"Point","coordinates":[35.176507,31.966279]}},{"type":"Feature","properties":{"id":1765},"geometry":{"type":"Point","coordinates":[35.1765179,31.9656197]}},{"type":"Feature","properties":{"id":1766},"geometry":{"type":"Point","coordinates":[35.1764536,31.9659802]}},{"type":"Feature","properties":{"id":1767},"geometry":{"type":"Point","coordinates":[35.1760393,31.9660361]}},{"type":"Feature","properties":{"id":1768},"geometry":{"type":"Point","coordinates":[35.1764864,31.964432]}},{"type":"Feature","properties":{"id":1769},"geometry":{"type":"Point","coordinates":[35.1765287,31.9648112]}},{"type":"Feature","properties":{"id":1770},"geometry":{"type":"Point","coordinates":[35.176513,31.9652191]}},{"type":"Feature","properties":{"id":1771},"geometry":{"type":"Point","coordinates":[35.176352,31.9640467]}},{"type":"Feature","properties":{"id":1772},"geometry":{"type":"Point","coordinates":[35.1780775,31.9645804]}},{"type":"Feature","properties":{"id":1773},"geometry":{"type":"Point","coordinates":[35.1779598,31.9643121]}},{"type":"Feature","properties":{"id":1774},"geometry":{"type":"Point","coordinates":[35.177832,31.9640711]}},{"type":"Feature","properties":{"id":1775},"geometry":{"type":"Point","coordinates":[35.1777018,31.9638314]}},{"type":"Feature","properties":{"id":1776},"geometry":{"type":"Point","coordinates":[35.1768096,31.9681768]}},{"type":"Feature","properties":{"id":1777},"geometry":{"type":"Point","coordinates":[35.1768477,31.967882]}},{"type":"Feature","properties":{"id":1778},"geometry":{"type":"Point","coordinates":[35.1767067,31.9676124]}},{"type":"Feature","properties":{"id":1779},"geometry":{"type":"Point","coordinates":[35.1765972,31.9673685]}},{"type":"Feature","properties":{"id":1780},"geometry":{"type":"Point","coordinates":[35.1767143,31.9670063]}},{"type":"Feature","properties":{"id":1781},"geometry":{"type":"Point","coordinates":[35.1766777,31.966683]}},{"type":"Feature","properties":{"id":1782},"geometry":{"type":"Point","coordinates":[35.1731117,31.9720695]}},{"type":"Feature","properties":{"id":1783},"geometry":{"type":"Point","coordinates":[35.1730451,31.9767051]}},{"type":"Feature","properties":{"id":1784},"geometry":{"type":"Point","coordinates":[35.1732524,31.9766871]}},{"type":"Feature","properties":{"id":1785},"geometry":{"type":"Point","coordinates":[35.1736727,31.9765069]}},{"type":"Feature","properties":{"id":1786},"geometry":{"type":"Point","coordinates":[35.1734998,31.9766172]}},{"type":"Feature","properties":{"id":1787},"geometry":{"type":"Point","coordinates":[35.1738017,31.9766413]}},{"type":"Feature","properties":{"id":1788},"geometry":{"type":"Point","coordinates":[35.2010253,31.9639464]}},{"type":"Feature","properties":{"id":1789},"geometry":{"type":"Point","coordinates":[35.2007056,31.9640082]}},{"type":"Feature","properties":{"id":1790},"geometry":{"type":"Point","coordinates":[35.2003245,31.964124]}},{"type":"Feature","properties":{"id":1791},"geometry":{"type":"Point","coordinates":[35.200049,31.9642318]}},{"type":"Feature","properties":{"id":1792},"geometry":{"type":"Point","coordinates":[35.2088641,31.9672258]}},{"type":"Feature","properties":{"id":1793},"geometry":{"type":"Point","coordinates":[35.2087043,31.9674945]}},{"type":"Feature","properties":{"id":1794},"geometry":{"type":"Point","coordinates":[35.2090476,31.9669082]}},{"type":"Feature","properties":{"id":1795},"geometry":{"type":"Point","coordinates":[35.2084802,31.9677882]}},{"type":"Feature","properties":{"id":1796},"geometry":{"type":"Point","coordinates":[35.1766618,31.9833959]}},{"type":"Feature","properties":{"id":1797},"geometry":{"type":"Point","coordinates":[35.1766949,31.9830559]}},{"type":"Feature","properties":{"id":1798},"geometry":{"type":"Point","coordinates":[35.1776367,31.9847763]}},{"type":"Feature","properties":{"id":1799},"geometry":{"type":"Point","coordinates":[35.1843284,31.9783903]}},{"type":"Feature","properties":{"id":1800},"geometry":{"type":"Point","coordinates":[35.1839683,31.9785619]}},{"type":"Feature","properties":{"id":1801},"geometry":{"type":"Point","coordinates":[35.1845412,31.9787334]}},{"type":"Feature","properties":{"id":1802},"geometry":{"type":"Point","coordinates":[35.1841311,31.9778083]}},{"type":"Feature","properties":{"id":1803},"geometry":{"type":"Point","coordinates":[35.1838326,31.9779722]}},{"type":"Feature","properties":{"id":1804},"geometry":{"type":"Point","coordinates":[35.2038455,31.9690901]}},{"type":"Feature","properties":{"id":1805},"geometry":{"type":"Point","coordinates":[35.2037046,31.9696512]}},{"type":"Feature","properties":{"id":1806},"geometry":{"type":"Point","coordinates":[35.2039331,31.9699909]}},{"type":"Feature","properties":{"id":1807},"geometry":{"type":"Point","coordinates":[35.2034812,31.9692291]}},{"type":"Feature","properties":{"id":1808},"geometry":{"type":"Point","coordinates":[35.2026214,31.9702144]}},{"type":"Feature","properties":{"id":1809},"geometry":{"type":"Point","coordinates":[35.2027488,31.9701275]}},{"type":"Feature","properties":{"id":1810},"geometry":{"type":"Point","coordinates":[35.2028847,31.9705592]}},{"type":"Feature","properties":{"id":1811},"geometry":{"type":"Point","coordinates":[35.2023444,31.9712512]}},{"type":"Feature","properties":{"id":1812},"geometry":{"type":"Point","coordinates":[35.2027797,31.9710077]}},{"type":"Feature","properties":{"id":1813},"geometry":{"type":"Point","coordinates":[35.1766525,31.9846834]}},{"type":"Feature","properties":{"id":1814},"geometry":{"type":"Point","coordinates":[35.1765746,31.9849358]}},{"type":"Feature","properties":{"id":1815},"geometry":{"type":"Point","coordinates":[35.1765096,31.9851499]}},{"type":"Feature","properties":{"id":1816},"geometry":{"type":"Point","coordinates":[35.1766775,31.9844775]}},{"type":"Feature","properties":{"id":1817},"geometry":{"type":"Point","coordinates":[35.176355,31.9842318]}},{"type":"Feature","properties":{"id":1818},"geometry":{"type":"Point","coordinates":[35.175987,31.9842461]}},{"type":"Feature","properties":{"id":1819},"geometry":{"type":"Point","coordinates":[35.1776359,31.9847765]}},{"type":"Feature","properties":{"id":1820},"geometry":{"type":"Point","coordinates":[35.1777106,31.9850579]}},{"type":"Feature","properties":{"id":1821},"geometry":{"type":"Point","coordinates":[35.1775723,31.9854307]}},{"type":"Feature","properties":{"id":1822},"geometry":{"type":"Point","coordinates":[35.1772781,31.9855844]}},{"type":"Feature","properties":{"id":1823},"geometry":{"type":"Point","coordinates":[35.1771059,31.9845482]}},{"type":"Feature","properties":{"id":1824},"geometry":{"type":"Point","coordinates":[35.1775166,31.9846232]}},{"type":"Feature","properties":{"id":1825},"geometry":{"type":"Point","coordinates":[35.1776452,31.9818786]}},{"type":"Feature","properties":{"id":1826},"geometry":{"type":"Point","coordinates":[35.1846267,31.9793652]}},{"type":"Feature","properties":{"id":1827},"geometry":{"type":"Point","coordinates":[35.1847961,31.9790751]}},{"type":"Feature","properties":{"id":1828},"geometry":{"type":"Point","coordinates":[35.1837765,31.9793214]}},{"type":"Feature","properties":{"id":1829},"geometry":{"type":"Point","coordinates":[35.1830885,31.9788356]}},{"type":"Feature","properties":{"id":1830},"geometry":{"type":"Point","coordinates":[35.1836383,31.9786797]}},{"type":"Feature","properties":{"id":1831},"geometry":{"type":"Point","coordinates":[35.1834038,31.9793847]}},{"type":"Feature","properties":{"id":1832},"geometry":{"type":"Point","coordinates":[35.1841064,31.9793243]}},{"type":"Feature","properties":{"id":1833},"geometry":{"type":"Point","coordinates":[35.1816226,31.978408]}},{"type":"Feature","properties":{"id":1834},"geometry":{"type":"Point","coordinates":[35.181178,31.9787584]}},{"type":"Feature","properties":{"id":1835},"geometry":{"type":"Point","coordinates":[35.1812637,31.9785051]}},{"type":"Feature","properties":{"id":1836},"geometry":{"type":"Point","coordinates":[35.1813781,31.9793196]}},{"type":"Feature","properties":{"id":1837},"geometry":{"type":"Point","coordinates":[35.1813295,31.9799521]}},{"type":"Feature","properties":{"id":1838},"geometry":{"type":"Point","coordinates":[35.1812252,31.9797402]}},{"type":"Feature","properties":{"id":1839},"geometry":{"type":"Point","coordinates":[35.1812183,31.9792926]}},{"type":"Feature","properties":{"id":1840},"geometry":{"type":"Point","coordinates":[35.1849158,31.9791224]}},{"type":"Feature","properties":{"id":1841},"geometry":{"type":"Point","coordinates":[35.1849616,31.9781834]}},{"type":"Feature","properties":{"id":1842},"geometry":{"type":"Point","coordinates":[35.1850592,31.9779804]}}]}